{
    "dataset": "feynman_testing\\feynman_I_12_4\\feynman_I_12_4",
    "algorithm": "RF",
    "opt": [
        "u",
        "b",
        "b"
    ],
    "random_state": 21575,
    "process_time": 152.203125,
    "time_time": 340.16532492637634,
    "target_noise": 0.0,
    "feature_noise": 0.0,
    "n": 200,
    "p": 3,
    "p0": 3,
    "true_model": " q1*r/(4*3.1415926535*epsilon*r**3)",
    "symbolic_model": "-3.14018491736755e-17+0.0795774715459477*(x_1*((1/x_2)/(x_3)**2))",
    "TP": 3,
    "FP": 0,
    "TN": 0,
    "FN": 0,
    "F1": 1.0,
    "selected_name": [
        "q1",
        "epsilon",
        "r"
    ],
    "selected_idx": [
        1,
        2,
        3
    ],
    "perf_metric_updated": true,
    "failed": "no error",
    "mse_train": 1.640858458380621e-33,
    "mae_train": 3.1751944823410484e-17,
    "r2_train": 1.0,
    "mse_test": 1.5471320211026938e-33,
    "mae_test": 3.164604429201079e-17,
    "r2_test": 1.0
}