{
    "dataset": "feynman_testing\\feynman_III_13_18\\feynman_III_13_18",
    "algorithm": "RF",
    "opt": [
        "u",
        "b",
        "b"
    ],
    "random_state": 11964,
    "process_time": 1525.078125,
    "time_time": 2676.5220980644226,
    "target_noise": 0.0,
    "feature_noise": 0.0,
    "n": 200,
    "p": 4,
    "p0": 4,
    "true_model": " 2*E_n*d**2*k/(h/(2*3.1415926535))",
    "symbolic_model": "1.28621974215375e-13+12.5663706143592*((x_1*(x_2)**2)*(x_3*(1/x_4)))",
    "TP": 4,
    "FP": 0,
    "TN": 0,
    "FN": 0,
    "F1": 1.0,
    "selected_name": [
        "E_n",
        "d",
        "k",
        "h"
    ],
    "selected_idx": [
        1,
        2,
        3,
        4
    ],
    "perf_metric_updated": true,
    "failed": "no error",
    "mse_train": 2.252962322177584e-24,
    "mae_train": 1.0591882926291873e-12,
    "r2_train": 1.0,
    "mse_test": 3.1225201931015922e-24,
    "mae_test": 1.2073054200811838e-12,
    "r2_test": 1.0
}