{
    "dataset": "feynman_testing\\feynman_III_13_18\\feynman_III_13_18",
    "algorithm": "RF",
    "opt": [
        "u",
        "b",
        "b"
    ],
    "random_state": 11284,
    "process_time": 569.953125,
    "time_time": 1465.6090595722198,
    "target_noise": 0.0,
    "feature_noise": 0.0,
    "n": 200,
    "p": 4,
    "p0": 4,
    "true_model": " 2*E_n*d**2*k/(h/(2*3.1415926535))",
    "symbolic_model": "2.5724394843075e-13+12.5663706143592*((x_1*(1/x_4))*(x_3*(x_2)**2))",
    "TP": 4,
    "FP": 0,
    "TN": 0,
    "FN": 0,
    "F1": 1.0,
    "selected_name": [
        "E_n",
        "d",
        "k",
        "h"
    ],
    "selected_idx": [
        1,
        2,
        3,
        4
    ],
    "perf_metric_updated": true,
    "failed": "no error",
    "mse_train": 4.6777580501538814e-24,
    "mae_train": 1.5309886691738939e-12,
    "r2_train": 1.0,
    "mse_test": 3.5011022609944296e-24,
    "mae_test": 1.33437788818469e-12,
    "r2_test": 1.0
}