{
    "dataset": "feynman_testing\\feynman_I_12_11\\feynman_I_12_11",
    "algorithm": "BART_GSE",
    "opt": [
        "u",
        "b",
        "b"
    ],
    "random_state": 11964,
    "process_time": 330.578125,
    "time_time": 466.1509130001068,
    "target_noise": 0.0,
    "feature_noise": 0.0,
    "n": 200,
    "p": 5,
    "p0": 5,
    "true_model": " q*(Ef+B*v*sin(theta))",
    "symbolic_model": "0+1*(x_1*x_2)+1*((x_1*x_3)*(x_4*sin(x_5)))",
    "TP": 5,
    "FP": 0,
    "TN": 0,
    "FN": 0,
    "F1": 1.0,
    "selected_name": [
        "q",
        "Ef",
        "B",
        "v",
        "theta"
    ],
    "selected_idx": [
        1,
        2,
        3,
        4,
        5
    ],
    "perf_metric_updated": true,
    "failed": "no error",
    "mse_train": 1.6326158622009265e-28,
    "mae_train": 7.582233452207986e-15,
    "r2_train": 1.0,
    "mse_test": 1.0072460479364352e-28,
    "mae_test": 6.018012676731188e-15,
    "r2_test": 1.0
}