{
    "dataset": "feynman_testing\\feynman_I_12_11\\feynman_I_12_11",
    "algorithm": "BART_GSE",
    "opt": [
        "u",
        "b",
        "b"
    ],
    "random_state": 15795,
    "process_time": 111.96875,
    "time_time": 252.9203701019287,
    "target_noise": 0.0,
    "feature_noise": 0.0,
    "n": 200,
    "p": 5,
    "p0": 5,
    "true_model": " q*(Ef+B*v*sin(theta))",
    "symbolic_model": "2.51264016493274+0.25122936185242*(x_5+(x_1*x_2))-2.13963243805093*(log(x_5)+(x_1*x_2))-0.182770836495213*(sin(x_5)-(x_1*x_2))-2.70556111722591*((1/x_5)-(x_1*x_2))+0.999931164807253*((x_1*x_3)*(x_4*sin(x_5)))",
    "TP": 5,
    "FP": 0,
    "TN": 0,
    "FN": 0,
    "F1": 1.0,
    "selected_name": [
        "q",
        "Ef",
        "B",
        "v",
        "theta"
    ],
    "selected_idx": [
        1,
        2,
        3,
        4,
        5
    ],
    "perf_metric_updated": true,
    "failed": "no error",
    "mse_train": 0.00031302185171206933,
    "mae_train": 0.013833757984994182,
    "r2_train": 0.999999554837991,
    "mse_test": 0.00037605927713642913,
    "mae_test": 0.014933416159736592,
    "r2_test": 0.9999994400495803
}