{
    "dataset": "feynman_testing\\feynman_I_12_11\\feynman_I_12_11",
    "algorithm": "BART_GSE",
    "opt": [
        "u",
        "b",
        "b"
    ],
    "random_state": 11284,
    "process_time": 79.859375,
    "time_time": 237.43126392364502,
    "target_noise": 0.0,
    "feature_noise": 0.0,
    "n": 200,
    "p": 5,
    "p0": 5,
    "true_model": " q*(Ef+B*v*sin(theta))",
    "symbolic_model": "-7.67337149655599e-15+1.23868876135894e-14*(x_2-(x_2*sqrt(x_1)))+1*(x_1*x_2)-2.94568448330158e-16*(x_1*(x_2*sqrt(x_1)))+1*((x_1*x_3)*(x_4*sin(x_5)))+4.5267869898933e-16*((sqrt(x_1)+sin(x_5))/((1/x_1)/x_2))",
    "TP": 5,
    "FP": 0,
    "TN": 0,
    "FN": 0,
    "F1": 1.0,
    "selected_name": [
        "q",
        "Ef",
        "B",
        "v",
        "theta"
    ],
    "selected_idx": [
        1,
        2,
        3,
        4,
        5
    ],
    "perf_metric_updated": true,
    "failed": "no error",
    "mse_train": 1.4169967724820427e-27,
    "mae_train": 3.1651747195438065e-14,
    "r2_train": 1.0,
    "mse_test": 1.3054666699680354e-27,
    "mae_test": 3.1091999530552526e-14,
    "r2_test": 1.0
}