{
    "dataset": "feynman_testing\\feynman_II_11_20\\feynman_II_11_20",
    "algorithm": "RF",
    "opt": [
        "u",
        "b",
        "b",
        "b"
    ],
    "random_state": 21575,
    "process_time": 51.640625,
    "time_time": 292.245890378952,
    "target_noise": 0.0,
    "feature_noise": 0.0,
    "n": 100,
    "p": 5,
    "p0": 5,
    "true_model": " n_rho*p_d**2*Ef/(3*kb*T)",
    "symbolic_model": "3.5527136788005e-15+0.333333333333333*(x_1*((x_3/x_5)*((1/x_4)*(x_2)**2)))",
    "TP": 5,
    "FP": 0,
    "TN": 0,
    "FN": 0,
    "F1": 1.0,
    "selected_name": [
        "n_rho",
        "p_d",
        "Ef",
        "kb",
        "T"
    ],
    "selected_idx": [
        1,
        2,
        3,
        4,
        5
    ],
    "perf_metric_updated": true,
    "failed": "no error",
    "mse_train": 2.1636054921501646e-28,
    "mae_train": 6.242506511711099e-15,
    "r2_train": 1.0,
    "mse_test": 6.680851378611007e-29,
    "mae_test": 4.197603098443636e-15,
    "r2_test": 1.0
}