{
    "dataset": "feynman_testing\\feynman_II_11_20\\feynman_II_11_20",
    "algorithm": "RF",
    "opt": [
        "u",
        "b",
        "b",
        "b"
    ],
    "random_state": 11284,
    "process_time": 138.421875,
    "time_time": 355.4154968261719,
    "target_noise": 0.0,
    "feature_noise": 0.0,
    "n": 100,
    "p": 5,
    "p0": 5,
    "true_model": " n_rho*p_d**2*Ef/(3*kb*T)",
    "symbolic_model": "-1.4210854715202e-15+0.333333333333333*(x_3*((x_1*(x_2)**2)*((1/x_5)*(1/x_4))))",
    "TP": 5,
    "FP": 0,
    "TN": 0,
    "FN": 0,
    "F1": 1.0,
    "selected_name": [
        "n_rho",
        "p_d",
        "Ef",
        "kb",
        "T"
    ],
    "selected_idx": [
        1,
        2,
        3,
        4,
        5
    ],
    "perf_metric_updated": true,
    "failed": "no error",
    "mse_train": 1.0124705584502047e-28,
    "mae_train": 7.282646707906792e-15,
    "r2_train": 1.0,
    "mse_test": 9.829904015089866e-29,
    "mae_test": 6.556082204900448e-15,
    "r2_test": 1.0
}