{
    "dataset": "feynman_testing\\feynman_II_11_20\\feynman_II_11_20",
    "algorithm": "RF",
    "opt": [
        "u",
        "b",
        "b",
        "b"
    ],
    "random_state": 22118,
    "process_time": 133.09375,
    "time_time": 431.5077304840088,
    "target_noise": 0.0,
    "feature_noise": 0.0,
    "n": 100,
    "p": 5,
    "p0": 5,
    "true_model": " n_rho*p_d**2*Ef/(3*kb*T)",
    "symbolic_model": "7.105427357601e-16+0.333333333333334*(x_3*((x_1*(x_2)**2)*((1/x_5)*(1/x_4))))",
    "TP": 5,
    "FP": 0,
    "TN": 0,
    "FN": 0,
    "F1": 1.0,
    "selected_name": [
        "n_rho",
        "p_d",
        "Ef",
        "kb",
        "T"
    ],
    "selected_idx": [
        1,
        2,
        3,
        4,
        5
    ],
    "perf_metric_updated": true,
    "failed": "no error",
    "mse_train": 1.4525564707654726e-28,
    "mae_train": 8.465728118522975e-15,
    "r2_train": 1.0,
    "mse_test": 3.0144126824957064e-28,
    "mae_test": 1.0521477855629513e-14,
    "r2_test": 1.0
}