{
    "dataset": "feynman_testing\\feynman_II_11_20\\feynman_II_11_20",
    "algorithm": "RF",
    "opt": [
        "u",
        "b",
        "b",
        "b"
    ],
    "random_state": 11964,
    "process_time": 144.71875,
    "time_time": 325.1208322048187,
    "target_noise": 0.0,
    "feature_noise": 0.0,
    "n": 100,
    "p": 5,
    "p0": 5,
    "true_model": " n_rho*p_d**2*Ef/(3*kb*T)",
    "symbolic_model": "-7.105427357601e-16+0.333333333333334*(x_1*((x_3*(1/x_4))/(x_5/(x_2)**2)))",
    "TP": 5,
    "FP": 0,
    "TN": 0,
    "FN": 0,
    "F1": 1.0,
    "selected_name": [
        "n_rho",
        "p_d",
        "Ef",
        "kb",
        "T"
    ],
    "selected_idx": [
        1,
        2,
        3,
        4,
        5
    ],
    "perf_metric_updated": true,
    "failed": "no error",
    "mse_train": 2.242531372384917e-28,
    "mae_train": 8.805178808302117e-15,
    "r2_train": 1.0,
    "mse_test": 2.7267798678830166e-28,
    "mae_test": 9.126182171081964e-15,
    "r2_test": 1.0
}