{
    "dataset": "feynman_testing\\feynman_I_18_14\\feynman_I_18_14",
    "algorithm": "BART_GSE",
    "opt": [
        "u",
        "b",
        "b"
    ],
    "random_state": 15795,
    "process_time": 71.984375,
    "time_time": 208.9270691871643,
    "target_noise": 0.0,
    "feature_noise": 0.0,
    "n": 100,
    "p": 4,
    "p0": 4,
    "true_model": " m*r*v*sin(theta)",
    "symbolic_model": "1.17923043429057+1.24519571144594*(x_1*(x_2*sin(x_4)))-0.150833613755578*((x_1*x_4)*(x_2*x_3))+0.37229808118343*((x_2*x_3)*(x_3*sin(x_4)))-7.96554538079312*((x_2*sin(x_4))/(x_1*x_4))+0.77409552283153*((x_2*x_3)/(sqrt(x_4)/x_1))",
    "TP": 4,
    "FP": 0,
    "TN": 0,
    "FN": 0,
    "F1": 1.0,
    "selected_name": [
        "m",
        "r",
        "v",
        "theta"
    ],
    "selected_idx": [
        1,
        2,
        3,
        4
    ],
    "perf_metric_updated": true,
    "failed": "no error",
    "mse_train": 5.753923720667276,
    "mae_train": 1.7145213827830414,
    "r2_train": 0.9896915995990173,
    "mse_test": 14.073671670324229,
    "mae_test": 2.444366900952966,
    "r2_test": 0.9782319414134925
}