{
    "dataset": "feynman_testing\\feynman_I_18_14\\feynman_I_18_14",
    "algorithm": "BART_GSE",
    "opt": [
        "u",
        "b",
        "b"
    ],
    "random_state": 11284,
    "process_time": 52.125,
    "time_time": 145.78947854042053,
    "target_noise": 0.0,
    "feature_noise": 0.0,
    "n": 100,
    "p": 4,
    "p0": 4,
    "true_model": " m*r*v*sin(theta)",
    "symbolic_model": "-7.105427357601e-15+1*((x_1*sin(x_4))*(x_2*x_3))",
    "TP": 4,
    "FP": 0,
    "TN": 0,
    "FN": 0,
    "F1": 1.0,
    "selected_name": [
        "m",
        "r",
        "v",
        "theta"
    ],
    "selected_idx": [
        1,
        2,
        3,
        4
    ],
    "perf_metric_updated": true,
    "failed": "no error",
    "mse_train": 1.4024042727893575e-28,
    "mae_train": 9.269668366229667e-15,
    "r2_train": 1.0,
    "mse_test": 1.4488213275845858e-28,
    "mae_test": 9.291902542535313e-15,
    "r2_test": 1.0
}