{
    "dataset": "feynman_testing\\feynman_I_18_14\\feynman_I_18_14",
    "algorithm": "BART_GSE",
    "opt": [
        "u",
        "b",
        "b"
    ],
    "random_state": 11964,
    "process_time": 45.953125,
    "time_time": 151.5331666469574,
    "target_noise": 0.0,
    "feature_noise": 0.0,
    "n": 100,
    "p": 4,
    "p0": 4,
    "true_model": " m*r*v*sin(theta)",
    "symbolic_model": "-1.17683640610267e-15+0.999999999999999*((x_1*x_3)*(x_2*sin(x_4)))",
    "TP": 4,
    "FP": 0,
    "TN": 0,
    "FN": 0,
    "F1": 1.0,
    "selected_name": [
        "m",
        "r",
        "v",
        "theta"
    ],
    "selected_idx": [
        1,
        2,
        3,
        4
    ],
    "perf_metric_updated": true,
    "failed": "no error",
    "mse_train": 5.786001382146993e-28,
    "mae_train": 1.731725873810319e-14,
    "r2_train": 1.0,
    "mse_test": 7.366933459932006e-28,
    "mae_test": 1.9686918159046717e-14,
    "r2_test": 1.0
}