{
    "dataset": "feynman_testing\\feynman_I_39_22\\feynman_I_39_22",
    "algorithm": "RF",
    "opt": [
        "b",
        "b"
    ],
    "random_state": 21575,
    "process_time": 0.953125,
    "time_time": 6.1419830322265625,
    "target_noise": 0.0,
    "feature_noise": 0.0,
    "n": 100,
    "p": 4,
    "p0": 4,
    "true_model": " n*kb*T/V",
    "symbolic_model": "0+1*((x_1*x_2)*(x_4/x_3))",
    "TP": 4,
    "FP": 0,
    "TN": 0,
    "FN": 0,
    "F1": 1.0,
    "selected_name": [
        "n",
        "T",
        "V",
        "kb"
    ],
    "selected_idx": [
        1,
        2,
        3,
        4
    ],
    "perf_metric_updated": true,
    "failed": "no error",
    "mse_train": 2.3949324044444155e-29,
    "mae_train": 2.240430063693566e-15,
    "r2_train": 1.0,
    "mse_test": 1.57116474929402e-29,
    "mae_test": 2.2137269795052816e-15,
    "r2_test": 1.0
}