{
    "dataset": "feynman_testing\\feynman_I_39_22\\feynman_I_39_22",
    "algorithm": "RF",
    "opt": [
        "b",
        "b"
    ],
    "random_state": 15795,
    "process_time": 0.953125,
    "time_time": 6.5490875244140625,
    "target_noise": 0.0,
    "feature_noise": 0.0,
    "n": 100,
    "p": 4,
    "p0": 4,
    "true_model": " n*kb*T/V",
    "symbolic_model": "-4.2632564145606e-15+1*((x_1*x_2)*(x_4/x_3))",
    "TP": 4,
    "FP": 0,
    "TN": 0,
    "FN": 0,
    "F1": 1.0,
    "selected_name": [
        "n",
        "T",
        "V",
        "kb"
    ],
    "selected_idx": [
        1,
        2,
        3,
        4
    ],
    "perf_metric_updated": true,
    "failed": "no error",
    "mse_train": 2.750363546053058e-29,
    "mae_train": 4.494182803682633e-15,
    "r2_train": 1.0,
    "mse_test": 3.285202315803913e-29,
    "mae_test": 4.645364093391891e-15,
    "r2_test": 1.0
}