{
    "dataset": "feynman_testing\\feynman_I_39_22\\feynman_I_39_22",
    "algorithm": "RF",
    "opt": [
        "b",
        "b"
    ],
    "random_state": 11964,
    "process_time": 0.453125,
    "time_time": 5.728521108627319,
    "target_noise": 0.0,
    "feature_noise": 0.0,
    "n": 100,
    "p": 4,
    "p0": 4,
    "true_model": " n*kb*T/V",
    "symbolic_model": "4.2632564145606e-15+0.999999999999999*((x_1*x_4)*(x_2/x_3))",
    "TP": 4,
    "FP": 0,
    "TN": 0,
    "FN": 0,
    "F1": 1.0,
    "selected_name": [
        "n",
        "T",
        "V",
        "kb"
    ],
    "selected_idx": [
        1,
        2,
        3,
        4
    ],
    "perf_metric_updated": true,
    "failed": "no error",
    "mse_train": 1.8118705182535927e-28,
    "mae_train": 8.111289417911394e-15,
    "r2_train": 1.0,
    "mse_test": 1.6060895875574414e-28,
    "mae_test": 7.686551395380548e-15,
    "r2_test": 1.0
}