{
    "dataset": "feynman_testing\\feynman_I_39_22\\feynman_I_39_22",
    "algorithm": "RF",
    "opt": [
        "b",
        "b"
    ],
    "random_state": 22118,
    "process_time": 1.21875,
    "time_time": 5.584977388381958,
    "target_noise": 0.0,
    "feature_noise": 0.0,
    "n": 100,
    "p": 4,
    "p0": 4,
    "true_model": " n*kb*T/V",
    "symbolic_model": "5.6843418860808e-15+0.999999999999999*((x_1*x_4)*(x_2/x_3))",
    "TP": 4,
    "FP": 0,
    "TN": 0,
    "FN": 0,
    "F1": 1.0,
    "selected_name": [
        "n",
        "T",
        "V",
        "kb"
    ],
    "selected_idx": [
        1,
        2,
        3,
        4
    ],
    "perf_metric_updated": true,
    "failed": "no error",
    "mse_train": 1.039176331208954e-28,
    "mae_train": 6.092903959142859e-15,
    "r2_train": 1.0,
    "mse_test": 1.3185572965741242e-28,
    "mae_test": 6.7501892964116905e-15,
    "r2_test": 1.0
}