{
    "dataset": "feynman_testing\\feynman_II_13_17\\feynman_II_13_17",
    "algorithm": "RF",
    "opt": [
        "u",
        "b",
        "b"
    ],
    "random_state": 22118,
    "process_time": 1439.84375,
    "time_time": 2950.915224313736,
    "target_noise": 0.0,
    "feature_noise": 0.0,
    "n": 200,
    "p": 4,
    "p0": 4,
    "true_model": " 1/(4*3.1415926535*epsilon*c**2)*2*I/r",
    "symbolic_model": "-0.00123863228822773+0.00205551547218498*(((1/x_1)+(1/x_4))*(sqrt(x_3)*(1/x_2)))+0.0028480277934981*(((1/x_1)+(1/x_4))*(x_3/(x_2)**2))+0.290569351411273*((log(x_3)*(1/x_1))*((1/x_4)/(x_2)**2))+0.063541864299196*((x_3/(x_2)**2)/((x_1)**2+(x_4)**2))+0.0211262246319114*(((1/x_1)*(1/x_2))/(log(x_2)+log(x_4)))",
    "TP": 4,
    "FP": 0,
    "TN": 0,
    "FN": 0,
    "F1": 1.0,
    "selected_name": [
        "epsilon",
        "c",
        "I",
        "r"
    ],
    "selected_idx": [
        1,
        2,
        3,
        4
    ],
    "perf_metric_updated": true,
    "failed": "no error",
    "mse_train": 1.682826497516431e-06,
    "mae_train": 0.000891398264202292,
    "r2_train": 0.9962775851367001,
    "mse_test": 1.0576631874032107e-05,
    "mae_test": 0.001065118967183857,
    "r2_test": 0.9831546310777338
}