{
    "dataset": "feynman_testing\\feynman_II_13_17\\feynman_II_13_17",
    "algorithm": "RF",
    "opt": [
        "u",
        "b",
        "b"
    ],
    "random_state": 11284,
    "process_time": 499.296875,
    "time_time": 983.0720386505127,
    "target_noise": 0.0,
    "feature_noise": 0.0,
    "n": 200,
    "p": 4,
    "p0": 4,
    "true_model": " 1/(4*3.1415926535*epsilon*c**2)*2*I/r",
    "symbolic_model": "-0.00418748313462363+0.0416496463047686*(x_3*((1/x_1)/(x_2)**2))+0.0214321874154733*(sin(x_4)*((1/x_1)/(x_2)**2))+0.0170687683355632*(x_3/((x_2)**2+(x_4)**2))+0.604308447113469*(((1/x_1)/(x_2)**2)/exp(x_4))+0.00135374545328958*abs((x_3-x_4))",
    "TP": 4,
    "FP": 0,
    "TN": 0,
    "FN": 0,
    "F1": 1.0,
    "selected_name": [
        "epsilon",
        "c",
        "I",
        "r"
    ],
    "selected_idx": [
        1,
        2,
        3,
        4
    ],
    "perf_metric_updated": true,
    "failed": "no error",
    "mse_train": 4.34523126394552e-06,
    "mae_train": 0.0013801088701010569,
    "r2_train": 0.9915769958218412,
    "mse_test": 2.2885290011658296e-05,
    "mae_test": 0.0018986982464282598,
    "r2_test": 0.965197827330687
}