{
    "dataset": "feynman_testing\\feynman_II_13_17\\feynman_II_13_17",
    "algorithm": "RF",
    "opt": [
        "u",
        "b",
        "b"
    ],
    "random_state": 11964,
    "process_time": 661.0,
    "time_time": 1215.7792134284973,
    "target_noise": 0.0,
    "feature_noise": 0.0,
    "n": 200,
    "p": 4,
    "p0": 4,
    "true_model": " 1/(4*3.1415926535*epsilon*c**2)*2*I/r",
    "symbolic_model": "6.4535583467672e-05+0.0708471967815209*((1/x_1)*((1/x_4)/(x_2)**2))+0.32646777814607*((log(x_3)*(1/x_1))*((1/x_4)/(x_2)**2))+0.00145702491302411*((exp(x_3)*(1/x_1))*((1/x_4)/(x_2)**2))+0.00243609476162546*(((1/x_1)/(x_2)**2)/log(x_3))+0.0884236322349627*(((1/x_1)/(x_2)**2)/(exp(x_2)+exp(x_4)))",
    "TP": 4,
    "FP": 0,
    "TN": 0,
    "FN": 0,
    "F1": 1.0,
    "selected_name": [
        "epsilon",
        "c",
        "I",
        "r"
    ],
    "selected_idx": [
        1,
        2,
        3,
        4
    ],
    "perf_metric_updated": true,
    "failed": "no error",
    "mse_train": 2.3860896901390617e-07,
    "mae_train": 0.00029609211719870297,
    "r2_train": 0.9996177368433706,
    "mse_test": 0.000766013217608249,
    "mae_test": 0.0008104895604808772,
    "r2_test": -0.32009554250009375
}