{
    "dataset": "feynman_testing\\feynman_II_13_17\\feynman_II_13_17",
    "algorithm": "RF",
    "opt": [
        "u",
        "b",
        "b"
    ],
    "random_state": 15795,
    "process_time": 913.21875,
    "time_time": 2322.8551349639893,
    "target_noise": 0.0,
    "feature_noise": 0.0,
    "n": 200,
    "p": 4,
    "p0": 4,
    "true_model": " 1/(4*3.1415926535*epsilon*c**2)*2*I/r",
    "symbolic_model": "-4.94058954853425e-17+6.84106664373439e-17*((log(x_3)*(1/x_4))*((1/x_1)/(x_2)**2))+0.159154943091895*(((1/x_1)*(1/x_4))*(x_3/(x_2)**2))",
    "TP": 4,
    "FP": 0,
    "TN": 0,
    "FN": 0,
    "F1": 1.0,
    "selected_name": [
        "epsilon",
        "c",
        "I",
        "r"
    ],
    "selected_idx": [
        1,
        2,
        3,
        4
    ],
    "perf_metric_updated": true,
    "failed": "no error",
    "mse_train": 4.7558754061917256e-33,
    "mae_train": 4.376111018694617e-17,
    "r2_train": 1.0,
    "mse_test": 4.3768405776548505e-33,
    "mae_test": 4.2016991014942607e-17,
    "r2_test": 1.0
}