{
    "dataset": "feynman_testing\\feynman_II_6_11\\feynman_II_6_11",
    "algorithm": "BART_GSE",
    "opt": [
        "u",
        "b",
        "b"
    ],
    "random_state": 11284,
    "process_time": 1546.25,
    "time_time": 2334.5487337112427,
    "target_noise": 0.0,
    "feature_noise": 0.0,
    "n": 500,
    "p": 4,
    "p0": 4,
    "true_model": " 1/(4*3.1415926535*epsilon)*p_d*cos(theta)/r**2",
    "symbolic_model": "0.00168629975348754+0.0778621592353447*((sqrt(x_2)*(1/x_1))*(cos(x_3)/(x_4)**2))-0.000132932954055946*((log(x_3)*exp(x_2))*abs((cos(x_1)-cos(x_3))))+0.0285638687460142*((cos(x_3)/(x_4)**2)*abs((cos(x_2)-(1/x_1))))-0.00200978311904888*((log(x_3)*exp(x_2))/(exp(x_1)+exp(x_4)))-0.00115046366874849*abs(((log(x_1)+(1/x_3))-abs((cos(x_2)-(1/x_1)))))",
    "TP": 4,
    "FP": 0,
    "TN": 0,
    "FN": 0,
    "F1": 1.0,
    "selected_name": [
        "epsilon",
        "p_d",
        "theta",
        "r"
    ],
    "selected_idx": [
        1,
        2,
        3,
        4
    ],
    "perf_metric_updated": true,
    "failed": "no error",
    "mse_train": 7.80028329222425e-07,
    "mae_train": 0.0005708130114360801,
    "r2_train": 0.9979303547151314,
    "mse_test": 1.4705557021292358e-06,
    "mae_test": 0.000666303195885812,
    "r2_test": 0.9965002865620519
}