{
    "dataset": "feynman_testing\\feynman_II_6_11\\feynman_II_6_11",
    "algorithm": "BART_GSE",
    "opt": [
        "u",
        "b",
        "b"
    ],
    "random_state": 15795,
    "process_time": 1197.046875,
    "time_time": 1380.531492948532,
    "target_noise": 0.0,
    "feature_noise": 0.0,
    "n": 500,
    "p": 4,
    "p0": 4,
    "true_model": " 1/(4*3.1415926535*epsilon)*p_d*cos(theta)/r**2",
    "symbolic_model": "-0.000388143363466341+0.00104544925325744*((log(x_2)*log(x_3))*(cos(x_3)/log(x_4)))+0.0654572333779929*((cos(x_4)/(x_4)**2)*(cos(x_3)/exp(x_1)))+0.00487541956991672*((exp(x_2)*cos(x_3))/((x_3)**2*(x_4)**2))+0.00263415358797894*((exp(x_2)*cos(x_3))/((x_4)**2/log(x_3)))+0.491917831842517*((cos(x_3)/exp(x_1))/(exp(x_4)/sqrt(x_2)))",
    "TP": 4,
    "FP": 0,
    "TN": 0,
    "FN": 0,
    "F1": 1.0,
    "selected_name": [
        "epsilon",
        "p_d",
        "theta",
        "r"
    ],
    "selected_idx": [
        1,
        2,
        3,
        4
    ],
    "perf_metric_updated": true,
    "failed": "no error",
    "mse_train": 1.701512834923978e-06,
    "mae_train": 0.0008925119521743235,
    "r2_train": 0.9951903643417033,
    "mse_test": 0.0011749029905551449,
    "mae_test": 0.0016286458687008929,
    "r2_test": -1.9486498401958587
}