{
    "dataset": "feynman_testing\\feynman_II_6_11\\feynman_II_6_11",
    "algorithm": "BART_GSE",
    "opt": [
        "u",
        "b",
        "b"
    ],
    "random_state": 21575,
    "process_time": 1096.015625,
    "time_time": 1321.3263874053955,
    "target_noise": 0.0,
    "feature_noise": 0.0,
    "n": 500,
    "p": 4,
    "p0": 4,
    "true_model": " 1/(4*3.1415926535*epsilon)*p_d*cos(theta)/r**2",
    "symbolic_model": "-4.17706994080999e-05+0.041356024088469*(x_2*(cos(x_3)/exp(x_4)))+0.000538844005046828*((log(x_3)-sin(x_2))*(cos(x_3)/log(x_4)))+0.326998289934121*((x_2/exp(x_1))*(cos(x_3)/exp(x_4)))-0.0737098180218863*((cos(x_3)/exp(x_4))/(sqrt(x_1)+sin(x_2)))+0.0405287475459533*((cos(x_3)/exp(x_4))/((x_4)**2-(1/x_1)))",
    "TP": 4,
    "FP": 0,
    "TN": 0,
    "FN": 0,
    "F1": 1.0,
    "selected_name": [
        "epsilon",
        "p_d",
        "theta",
        "r"
    ],
    "selected_idx": [
        1,
        2,
        3,
        4
    ],
    "perf_metric_updated": true,
    "failed": "no error",
    "mse_train": 5.85853670933816e-07,
    "mae_train": 0.0005405172674054271,
    "r2_train": 0.9984731892433962,
    "mse_test": 0.0004321606317537298,
    "mae_test": 0.0010735969650049646,
    "r2_test": -0.05035513333350039
}