{
    "dataset": "feynman_testing\\feynman_II_11_3\\feynman_II_11_3",
    "algorithm": "RF",
    "opt": [
        "u",
        "b",
        "b",
        "b"
    ],
    "random_state": 21575,
    "process_time": 532.46875,
    "time_time": 1624.592677116394,
    "target_noise": 0.0,
    "feature_noise": 0.0,
    "n": 100,
    "p": 5,
    "p0": 5,
    "true_model": " q*Ef/(m*(omega_0**2-omega**2))",
    "symbolic_model": "-0.0148747619861137+0.09774155062362*((x_1/(x_4)**2)+((sqrt(x_2)/sqrt(x_3))/(x_4+cos(x_1))))+0.25882214352944*(x_5*((x_1/(x_4)**2)*(x_2*(1/x_3))))+0.265458955827501*(x_5*((x_1/exp(x_4))*((x_2)**2/exp(x_3))))+1.06971940140312*(((x_1/(x_4)**2)*(x_2*(1/x_3)))/sqrt(x_4))+0.000767153901905594*(((1/x_3)/sin(x_2))/abs(((x_2-x_3)-abs((x_1-x_4)))))",
    "TP": 5,
    "FP": 0,
    "TN": 0,
    "FN": 0,
    "F1": 1.0,
    "selected_name": [
        "q",
        "Ef",
        "m",
        "omega_0",
        "omega"
    ],
    "selected_idx": [
        1,
        2,
        3,
        4,
        5
    ],
    "perf_metric_updated": true,
    "failed": "no error",
    "mse_train": 1.947425094454614e-05,
    "mae_train": 0.0030885335745854557,
    "r2_train": 0.9989447444156271,
    "mse_test": 0.008136371018421549,
    "mae_test": 0.006488682855278171,
    "r2_test": 0.47567438734015854
}