{
    "dataset": "feynman_testing\\feynman_II_11_3\\feynman_II_11_3",
    "algorithm": "RF",
    "opt": [
        "u",
        "b",
        "b",
        "b"
    ],
    "random_state": 22118,
    "process_time": 181.578125,
    "time_time": 527.2540237903595,
    "target_noise": 0.0,
    "feature_noise": 0.0,
    "n": 100,
    "p": 5,
    "p0": 5,
    "true_model": " q*Ef/(m*(omega_0**2-omega**2))",
    "symbolic_model": "0.0118804766880975+0.337626375796956*(x_5*((x_1/(x_4)**2)*(x_2*(1/x_3))))+0.67951208861833*(((x_1/(x_4)**2)*(x_2*(1/x_3)))/log(x_4))-0.0568865183562372*(((sin(x_4)-log(x_3))+(sqrt(x_2)*sqrt(x_1)))/((cos(x_3)-cos(x_2))-(x_4-log(x_1))))",
    "TP": 5,
    "FP": 0,
    "TN": 0,
    "FN": 0,
    "F1": 1.0,
    "selected_name": [
        "q",
        "Ef",
        "m",
        "omega_0",
        "omega"
    ],
    "selected_idx": [
        1,
        2,
        3,
        4,
        5
    ],
    "perf_metric_updated": true,
    "failed": "no error",
    "mse_train": 4.2024012023465085e-05,
    "mae_train": 0.004384794883979989,
    "r2_train": 0.9970884615425326,
    "mse_test": 7.567330605097862e-05,
    "mae_test": 0.005011447642088479,
    "r2_test": 0.995006085265157
}