{
    "dataset": "feynman_testing\\feynman_II_11_3\\feynman_II_11_3",
    "algorithm": "RF",
    "opt": [
        "u",
        "b",
        "b",
        "b"
    ],
    "random_state": 15795,
    "process_time": 204.53125,
    "time_time": 691.795912027359,
    "target_noise": 0.0,
    "feature_noise": 0.0,
    "n": 100,
    "p": 5,
    "p0": 5,
    "true_model": " q*Ef/(m*(omega_0**2-omega**2))",
    "symbolic_model": "0.0006928730061317-0.250659192188596*(x_5*(((1/x_3)/(x_4)**2)*(x_1*x_2)))+3.03660089891636*(sqrt(x_4)*(((1/x_3)/(x_4)**2)*(x_1*x_2)))-9.1924817806967*(sqrt(x_2)*(((1/x_3)/(x_4)**2)*(x_1*sqrt(x_2))))+1.84594506242147*(x_5/(((1/x_1)*(1/x_2))*(x_3*exp(x_4))))+7.68660077525797*((((1/x_3)/(x_4)**2)*(x_1*x_2))/sqrt(x_4))",
    "TP": 5,
    "FP": 0,
    "TN": 0,
    "FN": 0,
    "F1": 1.0,
    "selected_name": [
        "q",
        "Ef",
        "m",
        "omega_0",
        "omega"
    ],
    "selected_idx": [
        1,
        2,
        3,
        4,
        5
    ],
    "perf_metric_updated": true,
    "failed": "no error",
    "mse_train": 2.322019600949229e-05,
    "mae_train": 0.003067870376668982,
    "r2_train": 0.9990549340904747,
    "mse_test": 1.92190198814044e-05,
    "mae_test": 0.002776294156834427,
    "r2_test": 0.9987426401852919
}