{
    "dataset": "feynman_testing\\feynman_II_11_3\\feynman_II_11_3",
    "algorithm": "RF",
    "opt": [
        "u",
        "b",
        "b",
        "b"
    ],
    "random_state": 11284,
    "process_time": 2435.953125,
    "time_time": 5083.332589387894,
    "target_noise": 0.0,
    "feature_noise": 0.0,
    "n": 100,
    "p": 5,
    "p0": 5,
    "true_model": " q*Ef/(m*(omega_0**2-omega**2))",
    "symbolic_model": "0.0035586996948291+0.256029205467145*(x_5*(((1/x_3)/(x_4)**2)*(x_1*x_2)))-0.0231514909708279*(((log(x_3)-sin(x_4))-(sqrt(x_1)*sqrt(x_2)))*((sqrt(x_1)+sqrt(x_2))/(x_4-cos(x_3))))+1.32055681948971*((((1/x_3)/(x_4)**2)*(x_1*x_2))/sqrt(x_4))-0.0101619200820126*((cos(x_4)/(x_3)**2)/abs(((x_3*(x_4)**2)-((x_1)**2*(x_2)**2))))+0.0173367882951201*abs((x_5-log(x_4)))",
    "TP": 5,
    "FP": 0,
    "TN": 0,
    "FN": 0,
    "F1": 1.0,
    "selected_name": [
        "q",
        "Ef",
        "m",
        "omega_0",
        "omega"
    ],
    "selected_idx": [
        1,
        2,
        3,
        4,
        5
    ],
    "perf_metric_updated": true,
    "failed": "no error",
    "mse_train": 8.77630448434601e-06,
    "mae_train": 0.00225005398840781,
    "r2_train": 0.999209429913916,
    "mse_test": 0.0008648549817294231,
    "mae_test": 0.004675388269071555,
    "r2_test": 0.943194245489035
}