{
    "dataset": "feynman_testing\\feynman_II_13_17\\feynman_II_13_17",
    "algorithm": "RF",
    "opt": [
        "u",
        "b",
        "b"
    ],
    "random_state": 11284,
    "process_time": 103.0,
    "time_time": 277.70580649375916,
    "target_noise": 0.0,
    "feature_noise": 0.0,
    "n": 100,
    "p": 4,
    "p0": 4,
    "true_model": " 1/(4*3.1415926535*epsilon*c**2)*2*I/r",
    "symbolic_model": "0.000234367850585547+0.00175452717010632*(x_3*((1/x_1)/log(x_2)))+0.152654417371567*(x_3/((x_4)**2*exp(x_2)))+0.0048720169053632*(x_3/(log(x_1)*exp(x_2)))+0.232395999323182*(((1/x_2)*(1/x_4))/exp(x_1))-0.00629619697861113*abs(((1/x_1)-(1/x_4)))",
    "TP": 4,
    "FP": 0,
    "TN": 0,
    "FN": 0,
    "F1": 1.0,
    "selected_name": [
        "epsilon",
        "c",
        "I",
        "r"
    ],
    "selected_idx": [
        1,
        2,
        3,
        4
    ],
    "perf_metric_updated": true,
    "failed": "no error",
    "mse_train": 2.6085994755642563e-06,
    "mae_train": 0.001008021725840373,
    "r2_train": 0.9927428855067425,
    "mse_test": 0.08831594177974057,
    "mae_test": 0.010195958280967683,
    "r2_test": -133.30402908181497
}