{
    "dataset": "feynman_testing\\feynman_II_13_17\\feynman_II_13_17",
    "algorithm": "RF",
    "opt": [
        "u",
        "b",
        "b"
    ],
    "random_state": 22118,
    "process_time": 140.328125,
    "time_time": 651.3846027851105,
    "target_noise": 0.0,
    "feature_noise": 0.0,
    "n": 100,
    "p": 4,
    "p0": 4,
    "true_model": " 1/(4*3.1415926535*epsilon*c**2)*2*I/r",
    "symbolic_model": "-5.27355936696949e-17+0.159154943091895*((x_3*(1/x_1))*((1/x_4)/(x_2)**2))",
    "TP": 4,
    "FP": 0,
    "TN": 0,
    "FN": 0,
    "F1": 1.0,
    "selected_name": [
        "epsilon",
        "c",
        "I",
        "r"
    ],
    "selected_idx": [
        1,
        2,
        3,
        4
    ],
    "perf_metric_updated": true,
    "failed": "no error",
    "mse_train": 5.193385411035997e-33,
    "mae_train": 4.617942313267509e-17,
    "r2_train": 1.0,
    "mse_test": 5.309626274874793e-33,
    "mae_test": 4.591195262512726e-17,
    "r2_test": 1.0
}