{
    "dataset": "feynman_testing\\feynman_II_13_17\\feynman_II_13_17",
    "algorithm": "RF",
    "opt": [
        "u",
        "b",
        "b"
    ],
    "random_state": 15795,
    "process_time": 79.765625,
    "time_time": 414.9754819869995,
    "target_noise": 0.0,
    "feature_noise": 0.0,
    "n": 100,
    "p": 4,
    "p0": 4,
    "true_model": " 1/(4*3.1415926535*epsilon*c**2)*2*I/r",
    "symbolic_model": "-5.27355936696949e-17+0.159154943091895*(((1/x_1)*(1/x_4))*(x_3/(x_2)**2))",
    "TP": 4,
    "FP": 0,
    "TN": 0,
    "FN": 0,
    "F1": 1.0,
    "selected_name": [
        "epsilon",
        "c",
        "I",
        "r"
    ],
    "selected_idx": [
        1,
        2,
        3,
        4
    ],
    "perf_metric_updated": true,
    "failed": "no error",
    "mse_train": 6.196203403304413e-33,
    "mae_train": 4.4594319556501283e-17,
    "r2_train": 1.0,
    "mse_test": 5.19713561264517e-33,
    "mae_test": 4.557157385828847e-17,
    "r2_test": 1.0
}