{
    "dataset": "feynman_testing\\feynman_I_18_12\\feynman_I_18_12",
    "algorithm": "BART_GSE",
    "opt": [
        "u",
        "b",
        "b"
    ],
    "random_state": 21575,
    "process_time": 119.96875,
    "time_time": 272.8319809436798,
    "target_noise": 0.0,
    "feature_noise": 0.0,
    "n": 200,
    "p": 3,
    "p0": 3,
    "true_model": " r*F*sin(theta)",
    "symbolic_model": "-2.51214793389404e-16+1*(x_1*(x_2*sin(x_3)))",
    "TP": 3,
    "FP": 0,
    "TN": 0,
    "FN": 0,
    "F1": 1.0,
    "selected_name": [
        "r",
        "F",
        "theta"
    ],
    "selected_idx": [
        1,
        2,
        3
    ],
    "perf_metric_updated": true,
    "failed": "no error",
    "mse_train": 7.699938033547206e-30,
    "mae_train": 1.6018263104822239e-15,
    "r2_train": 1.0,
    "mse_test": 7.024831231278285e-30,
    "mae_test": 1.5791163610555901e-15,
    "r2_test": 1.0
}