{
    "dataset": "feynman_testing\\feynman_I_18_12\\feynman_I_18_12",
    "algorithm": "BART_GSE",
    "opt": [
        "u",
        "b",
        "b"
    ],
    "random_state": 22118,
    "process_time": 105.3125,
    "time_time": 253.95496654510498,
    "target_noise": 0.0,
    "feature_noise": 0.0,
    "n": 200,
    "p": 3,
    "p0": 3,
    "true_model": " r*F*sin(theta)",
    "symbolic_model": "-1.25607396694702e-15+1*(x_1*(x_2*sin(x_3)))",
    "TP": 3,
    "FP": 0,
    "TN": 0,
    "FN": 0,
    "F1": 1.0,
    "selected_name": [
        "r",
        "F",
        "theta"
    ],
    "selected_idx": [
        1,
        2,
        3
    ],
    "perf_metric_updated": true,
    "failed": "no error",
    "mse_train": 6.479373371092923e-30,
    "mae_train": 1.880301470080781e-15,
    "r2_train": 1.0,
    "mse_test": 8.674424250139158e-30,
    "mae_test": 2.0548372357800038e-15,
    "r2_test": 1.0
}