{
    "dataset": "feynman_testing\\feynman_II_38_3\\feynman_II_38_3",
    "algorithm": "BART_GSE",
    "opt": [
        "b",
        "b"
    ],
    "random_state": 11964,
    "process_time": 28.0625,
    "time_time": 86.55971717834473,
    "target_noise": 0.0,
    "feature_noise": 0.0,
    "n": 100,
    "p": 4,
    "p0": 4,
    "true_model": " Y*A*x/d",
    "symbolic_model": "-1.4210854715202e-15+1*((x_2*x_4)*(x_1/x_3))",
    "TP": 4,
    "FP": 0,
    "TN": 0,
    "FN": 0,
    "F1": 1.0,
    "selected_name": [
        "Y",
        "A",
        "d",
        "x"
    ],
    "selected_idx": [
        1,
        2,
        3,
        4
    ],
    "perf_metric_updated": true,
    "failed": "no error",
    "mse_train": 1.3478674641832513e-29,
    "mae_train": 2.7089441800853818e-15,
    "r2_train": 1.0,
    "mse_test": 1.8414174883479204e-29,
    "mae_test": 2.7632673926802907e-15,
    "r2_test": 1.0
}