{
    "dataset": "feynman_testing\\feynman_II_38_3\\feynman_II_38_3",
    "algorithm": "BART_GSE",
    "opt": [
        "b",
        "b"
    ],
    "random_state": 21575,
    "process_time": 27.21875,
    "time_time": 82.58565998077393,
    "target_noise": 0.0,
    "feature_noise": 0.0,
    "n": 100,
    "p": 4,
    "p0": 4,
    "true_model": " Y*A*x/d",
    "symbolic_model": "7.105427357601e-15+0.999999999999999*((x_1*x_2)*(x_4/x_3))",
    "TP": 4,
    "FP": 0,
    "TN": 0,
    "FN": 0,
    "F1": 1.0,
    "selected_name": [
        "Y",
        "A",
        "d",
        "x"
    ],
    "selected_idx": [
        1,
        2,
        3,
        4
    ],
    "perf_metric_updated": true,
    "failed": "no error",
    "mse_train": 9.05299240021962e-29,
    "mae_train": 6.126210649881614e-15,
    "r2_train": 1.0,
    "mse_test": 1.2497333413696756e-28,
    "mae_test": 6.68890942634448e-15,
    "r2_test": 1.0
}