{
    "dataset": "feynman_testing\\feynman_II_38_3\\feynman_II_38_3",
    "algorithm": "BART_GSE",
    "opt": [
        "b",
        "b"
    ],
    "random_state": 11284,
    "process_time": 26.96875,
    "time_time": 81.91787385940552,
    "target_noise": 0.0,
    "feature_noise": 0.0,
    "n": 100,
    "p": 4,
    "p0": 4,
    "true_model": " Y*A*x/d",
    "symbolic_model": "-2.8421709430404e-15+1*((x_2*x_4)*(x_1/x_3))",
    "TP": 4,
    "FP": 0,
    "TN": 0,
    "FN": 0,
    "F1": 1.0,
    "selected_name": [
        "Y",
        "A",
        "d",
        "x"
    ],
    "selected_idx": [
        1,
        2,
        3,
        4
    ],
    "perf_metric_updated": true,
    "failed": "no error",
    "mse_train": 1.614761295132479e-29,
    "mae_train": 3.409494908623856e-15,
    "r2_train": 1.0,
    "mse_test": 2.5056384568256738e-29,
    "mae_test": 3.741624787778619e-15,
    "r2_test": 1.0
}