{
    "dataset": "feynman_testing\\feynman_II_38_3\\feynman_II_38_3",
    "algorithm": "BART_GSE",
    "opt": [
        "b",
        "b"
    ],
    "random_state": 22118,
    "process_time": 28.4375,
    "time_time": 86.64545202255249,
    "target_noise": 0.0,
    "feature_noise": 0.0,
    "n": 100,
    "p": 4,
    "p0": 4,
    "true_model": " Y*A*x/d",
    "symbolic_model": "-1.4210854715202e-15+1*((x_1*x_4)*(x_2/x_3))",
    "TP": 4,
    "FP": 0,
    "TN": 0,
    "FN": 0,
    "F1": 1.0,
    "selected_name": [
        "Y",
        "A",
        "d",
        "x"
    ],
    "selected_idx": [
        1,
        2,
        3,
        4
    ],
    "perf_metric_updated": true,
    "failed": "no error",
    "mse_train": 1.3408786496010588e-29,
    "mae_train": 2.5790480862042387e-15,
    "r2_train": 1.0,
    "mse_test": 1.7988013733551348e-29,
    "mae_test": 2.737932103258345e-15,
    "r2_test": 1.0
}