{
    "dataset": "feynman_testing\\feynman_II_4_23\\feynman_II_4_23",
    "algorithm": "BART_GSE",
    "opt": [
        "b",
        "b"
    ],
    "random_state": 22118,
    "process_time": 25.140625,
    "time_time": 78.85391044616699,
    "target_noise": 0.0,
    "feature_noise": 0.0,
    "n": 100,
    "p": 3,
    "p0": 3,
    "true_model": " q/(4*3.1415926535*epsilon*r)",
    "symbolic_model": "-2.77555756156289e-17+0.0795774715459477*(x_1/(x_2*x_3))",
    "TP": 3,
    "FP": 0,
    "TN": 0,
    "FN": 0,
    "F1": 1.0,
    "selected_name": [
        "q",
        "epsilon",
        "r"
    ],
    "selected_idx": [
        1,
        2,
        3
    ],
    "perf_metric_updated": true,
    "failed": "no error",
    "mse_train": 2.222320030399048e-33,
    "mae_train": 3.874504883594199e-17,
    "r2_train": 1.0,
    "mse_test": 2.1227709534764978e-33,
    "mae_test": 3.697125938728618e-17,
    "r2_test": 1.0
}