{
    "dataset": "feynman_testing\\feynman_II_13_17\\feynman_II_13_17",
    "algorithm": "RF",
    "opt": [
        "u",
        "b",
        "b"
    ],
    "random_state": 11284,
    "process_time": 3255.015625,
    "time_time": 4858.119921922684,
    "target_noise": 0.0,
    "feature_noise": 0.0,
    "n": 500,
    "p": 4,
    "p0": 4,
    "true_model": " 1/(4*3.1415926535*epsilon*c**2)*2*I/r",
    "symbolic_model": "-4.71681489116982e-17+0.159154943091895*((x_3*(1/x_4))*((1/x_1)/(x_2)**2))",
    "TP": 4,
    "FP": 0,
    "TN": 0,
    "FN": 0,
    "F1": 1.0,
    "selected_name": [
        "epsilon",
        "c",
        "I",
        "r"
    ],
    "selected_idx": [
        1,
        2,
        3,
        4
    ],
    "perf_metric_updated": true,
    "failed": "no error",
    "mse_train": 3.6100585437781936e-33,
    "mae_train": 3.954616582119153e-17,
    "r2_train": 1.0,
    "mse_test": 5.0682438376264825e-33,
    "mae_test": 4.3838782430583037e-17,
    "r2_test": 1.0
}