{
    "dataset": "feynman_testing\\feynman_II_13_17\\feynman_II_13_17",
    "algorithm": "RF",
    "opt": [
        "u",
        "b",
        "b"
    ],
    "random_state": 11964,
    "process_time": 748.859375,
    "time_time": 1243.3957698345184,
    "target_noise": 0.0,
    "feature_noise": 0.0,
    "n": 500,
    "p": 4,
    "p0": 4,
    "true_model": " 1/(4*3.1415926535*epsilon*c**2)*2*I/r",
    "symbolic_model": "-2.730787568572e-17+0.159154943091895*((x_3*(1/x_1))*((1/x_4)/(x_2)**2))",
    "TP": 4,
    "FP": 0,
    "TN": 0,
    "FN": 0,
    "F1": 1.0,
    "selected_name": [
        "epsilon",
        "c",
        "I",
        "r"
    ],
    "selected_idx": [
        1,
        2,
        3,
        4
    ],
    "perf_metric_updated": true,
    "failed": "no error",
    "mse_train": 5.9741644634566876e-33,
    "mae_train": 4.051945411143176e-17,
    "r2_train": 1.0,
    "mse_test": 3.7723250500906676e-33,
    "mae_test": 3.890030441863757e-17,
    "r2_test": 1.0
}