{
    "dataset": "feynman_testing\\feynman_II_13_17\\feynman_II_13_17",
    "algorithm": "RF",
    "opt": [
        "u",
        "b",
        "b"
    ],
    "random_state": 21575,
    "process_time": 2147.78125,
    "time_time": 3792.623705625534,
    "target_noise": 0.0,
    "feature_noise": 0.0,
    "n": 500,
    "p": 4,
    "p0": 4,
    "true_model": " 1/(4*3.1415926535*epsilon*c**2)*2*I/r",
    "symbolic_model": "-8.93712295169018e-17+0.159154943091895*((x_3*(1/x_4))*((1/x_1)/(x_2)**2))",
    "TP": 4,
    "FP": 0,
    "TN": 0,
    "FN": 0,
    "F1": 1.0,
    "selected_name": [
        "epsilon",
        "c",
        "I",
        "r"
    ],
    "selected_idx": [
        1,
        2,
        3,
        4
    ],
    "perf_metric_updated": true,
    "failed": "no error",
    "mse_train": 9.670589627597635e-33,
    "mae_train": 7.583018414580866e-17,
    "r2_train": 1.0,
    "mse_test": 9.077160340422971e-33,
    "mae_test": 7.306107325036337e-17,
    "r2_test": 1.0
}