{
    "dataset": "feynman_testing\\feynman_II_13_17\\feynman_II_13_17",
    "algorithm": "RF",
    "opt": [
        "u",
        "b",
        "b"
    ],
    "random_state": 15795,
    "process_time": 1544.046875,
    "time_time": 3466.1535716056824,
    "target_noise": 0.0,
    "feature_noise": 0.0,
    "n": 500,
    "p": 4,
    "p0": 4,
    "true_model": " 1/(4*3.1415926535*epsilon*c**2)*2*I/r",
    "symbolic_model": "2.76350065425133e-06+0.0290421678332529*(x_3*((1/x_1)/(x_2)**2))+0.0997255589152472*((1/x_1)*((1/x_4)/(x_2)**2))+0.00628427300725332*((x_3-x_4)*((1/x_1)/(x_2)**2))+0.574768866816708*(((1/x_1)/(x_2)**2)*(log(x_3)/exp(x_4)))+0.00398172257824785*(((1/x_1)/(x_2)**2)*(exp(x_3)/exp(x_4)))",
    "TP": 4,
    "FP": 0,
    "TN": 0,
    "FN": 0,
    "F1": 1.0,
    "selected_name": [
        "epsilon",
        "c",
        "I",
        "r"
    ],
    "selected_idx": [
        1,
        2,
        3,
        4
    ],
    "perf_metric_updated": true,
    "failed": "no error",
    "mse_train": 5.795437178089096e-07,
    "mae_train": 0.0003423004203780283,
    "r2_train": 0.9991544448510038,
    "mse_test": 6.350675830894518e-07,
    "mae_test": 0.0003253186664681901,
    "r2_test": 0.9989648753504536
}