{
    "dataset": "feynman_testing\\feynman_II_4_23\\feynman_II_4_23",
    "algorithm": "RF",
    "opt": [
        "b",
        "b"
    ],
    "random_state": 15795,
    "process_time": 0.5,
    "time_time": 4.244758605957031,
    "target_noise": 0.0,
    "feature_noise": 0.0,
    "n": 100,
    "p": 3,
    "p0": 3,
    "true_model": " q/(4*3.1415926535*epsilon*r)",
    "symbolic_model": "-1.66533453693773e-17+0.0795774715459476*(x_1/(x_2*x_3))",
    "TP": 3,
    "FP": 0,
    "TN": 0,
    "FN": 0,
    "F1": 1.0,
    "selected_name": [
        "q",
        "epsilon",
        "r"
    ],
    "selected_idx": [
        1,
        2,
        3
    ],
    "perf_metric_updated": true,
    "failed": "no error",
    "mse_train": 3.244086051207239e-33,
    "mae_train": 3.93868965220534e-17,
    "r2_train": 1.0,
    "mse_test": 1.924430908852084e-33,
    "mae_test": 3.26149870999437e-17,
    "r2_test": 1.0
}