{
    "dataset": "feynman_testing\\feynman_II_4_23\\feynman_II_4_23",
    "algorithm": "RF",
    "opt": [
        "b",
        "b"
    ],
    "random_state": 11284,
    "process_time": 0.3125,
    "time_time": 3.3381597995758057,
    "target_noise": 0.0,
    "feature_noise": 0.0,
    "n": 100,
    "p": 3,
    "p0": 3,
    "true_model": " q/(4*3.1415926535*epsilon*r)",
    "symbolic_model": "-7.7715611723761e-17+0.0795774715459477*(x_1/(x_2*x_3))",
    "TP": 3,
    "FP": 0,
    "TN": 0,
    "FN": 0,
    "F1": 1.0,
    "selected_name": [
        "q",
        "epsilon",
        "r"
    ],
    "selected_idx": [
        1,
        2,
        3
    ],
    "perf_metric_updated": true,
    "failed": "no error",
    "mse_train": 1.3495277000547481e-33,
    "mae_train": 2.956836164802468e-17,
    "r2_train": 1.0,
    "mse_test": 1.3494375048434073e-33,
    "mae_test": 2.997950845906594e-17,
    "r2_test": 1.0
}