{
    "dataset": "feynman_testing\\feynman_II_4_23\\feynman_II_4_23",
    "algorithm": "RF",
    "opt": [
        "b",
        "b"
    ],
    "random_state": 11964,
    "process_time": 0.5625,
    "time_time": 3.8000144958496094,
    "target_noise": 0.0,
    "feature_noise": 0.0,
    "n": 100,
    "p": 3,
    "p0": 3,
    "true_model": " q/(4*3.1415926535*epsilon*r)",
    "symbolic_model": "-7.21644966006352e-17+0.0795774715459478*(x_1/(x_2*x_3))",
    "TP": 3,
    "FP": 0,
    "TN": 0,
    "FN": 0,
    "F1": 1.0,
    "selected_name": [
        "q",
        "epsilon",
        "r"
    ],
    "selected_idx": [
        1,
        2,
        3
    ],
    "perf_metric_updated": true,
    "failed": "no error",
    "mse_train": 6.720336938679283e-33,
    "mae_train": 5.204170427930421e-17,
    "r2_train": 1.0,
    "mse_test": 4.647101023743046e-33,
    "mae_test": 4.8195822333063634e-17,
    "r2_test": 1.0
}