{
    "dataset": "feynman_testing\\feynman_I_24_6\\feynman_I_24_6",
    "algorithm": "BART_GSE",
    "opt": [
        "u",
        "b",
        "b"
    ],
    "random_state": 11964,
    "process_time": 302.34375,
    "time_time": 403.7772219181061,
    "target_noise": 0.0,
    "feature_noise": 0.0,
    "n": 200,
    "p": 4,
    "p0": 4,
    "true_model": " 1/2*m*(omega**2+omega_0**2)*1/2*x**2",
    "symbolic_model": "-0.959286766967847+0.61299755200945*((x_1*x_2)*(x_2*log(x_4)))+0.161195510410289*((x_1*x_2)*(x_3*exp(x_4)))+0.525063509888782*((x_1*x_3)*(x_3*log(x_4)))+0.919769706765654*abs(((1/x_4)-(x_1*log(x_4))))+2.88555649434375*abs(((x_2*log(x_4))-(x_3*log(x_4))))",
    "TP": 4,
    "FP": 0,
    "TN": 0,
    "FN": 0,
    "F1": 1.0,
    "selected_name": [
        "m",
        "omega",
        "omega_0",
        "x"
    ],
    "selected_idx": [
        1,
        2,
        3,
        4
    ],
    "perf_metric_updated": true,
    "failed": "no error",
    "mse_train": 0.3514926768757101,
    "mae_train": 0.45400516091887494,
    "r2_train": 0.9983109378977115,
    "mse_test": 0.5823756486382439,
    "mae_test": 0.5173198485681663,
    "r2_test": 0.9972761443353209
}