{
    "dataset": "feynman_testing\\feynman_I_24_6\\feynman_I_24_6",
    "algorithm": "BART_GSE",
    "opt": [
        "u",
        "b",
        "b"
    ],
    "random_state": 15795,
    "process_time": 138.21875,
    "time_time": 327.853232383728,
    "target_noise": 0.0,
    "feature_noise": 0.0,
    "n": 200,
    "p": 4,
    "p0": 4,
    "true_model": " 1/2*m*(omega**2+omega_0**2)*1/2*x**2",
    "symbolic_model": "-2.34440414636072+0.813054339768163*((x_1*x_4)*(x_2*x_4))-6.5878230776195*((x_1*log(x_4))*((1/x_4)/x_2))+0.545687831806896*((x_1*x_3)/((1/x_4)/x_3))+2.01967016531193*abs(((x_2+x_4)-(x_2*x_4)))-1.24623348383482*abs(((x_1*x_3)-(x_1*x_4)))",
    "TP": 4,
    "FP": 0,
    "TN": 0,
    "FN": 0,
    "F1": 1.0,
    "selected_name": [
        "m",
        "omega",
        "omega_0",
        "x"
    ],
    "selected_idx": [
        1,
        2,
        3,
        4
    ],
    "perf_metric_updated": true,
    "failed": "no error",
    "mse_train": 1.0895520652731476,
    "mae_train": 0.7856360635831707,
    "r2_train": 0.9948261657806798,
    "mse_test": 1.0491089200524333,
    "mae_test": 0.7918992175954065,
    "r2_test": 0.9949500675870958
}