{
    "dataset": "feynman_testing\\feynman_I_24_6\\feynman_I_24_6",
    "algorithm": "BART_GSE",
    "opt": [
        "u",
        "b",
        "b"
    ],
    "random_state": 11284,
    "process_time": 376.5625,
    "time_time": 441.35594487190247,
    "target_noise": 0.0,
    "feature_noise": 0.0,
    "n": 200,
    "p": 4,
    "p0": 4,
    "true_model": " 1/2*m*(omega**2+omega_0**2)*1/2*x**2",
    "symbolic_model": "2.64915809428304e-15-3.32240808768667e-15*((x_1*x_3)+(x_2*x_4))+0.25*((x_1*x_2)*(x_2*(x_4)**2))+0.25*((x_1*x_3)*(x_3*(x_4)**2))",
    "TP": 4,
    "FP": 0,
    "TN": 0,
    "FN": 0,
    "F1": 1.0,
    "selected_name": [
        "m",
        "omega",
        "omega_0",
        "x"
    ],
    "selected_idx": [
        1,
        2,
        3,
        4
    ],
    "perf_metric_updated": true,
    "failed": "no error",
    "mse_train": 7.214273494094895e-28,
    "mae_train": 2.4426016764778068e-14,
    "r2_train": 1.0,
    "mse_test": 6.571077194694095e-28,
    "mae_test": 2.3298669660221094e-14,
    "r2_test": 1.0
}