{
    "dataset": "feynman_testing\\feynman_I_12_2\\feynman_I_12_2",
    "algorithm": "RF",
    "opt": [
        "u",
        "b",
        "b"
    ],
    "random_state": 15795,
    "process_time": 785.5625,
    "time_time": 2041.0576355457306,
    "target_noise": 0.0,
    "feature_noise": 0.0,
    "n": 200,
    "p": 4,
    "p0": 4,
    "true_model": " q1*q2*r/(4*3.1415926535*epsilon*r**3)",
    "symbolic_model": "-0.00514263403483302+0.020850267724394*(x_1/((x_3)**2*exp(x_4)))+0.00427583700991766*((log(x_1)*log(x_2))/(sqrt(x_4)-(1/x_3)))+0.207828805512176*(((1/x_3)/(x_4)**2)/((1/x_2)/log(x_1)))+5.63097621605465e-05*((sin(x_3)/log(x_4))/abs((log(x_3)-(1/x_4))))+0.0422092519189622*abs(((1/x_4)-(log(x_1)*(1/x_4))))",
    "TP": 4,
    "FP": 0,
    "TN": 0,
    "FN": 0,
    "F1": 1.0,
    "selected_name": [
        "q1",
        "q2",
        "epsilon",
        "r"
    ],
    "selected_idx": [
        1,
        2,
        3,
        4
    ],
    "perf_metric_updated": true,
    "failed": "no error",
    "mse_train": 8.92249165128605e-06,
    "mae_train": 0.002027887733773502,
    "r2_train": 0.9993194411390623,
    "mse_test": 0.0007299449327358387,
    "mae_test": 0.0033609969842691794,
    "r2_test": 0.9127210629478103
}