{
    "dataset": "feynman_testing\\feynman_I_12_2\\feynman_I_12_2",
    "algorithm": "RF",
    "opt": [
        "u",
        "b",
        "b"
    ],
    "random_state": 11964,
    "process_time": 944.5625,
    "time_time": 1655.1832387447357,
    "target_noise": 0.0,
    "feature_noise": 0.0,
    "n": 200,
    "p": 4,
    "p0": 4,
    "true_model": " q1*q2*r/(4*3.1415926535*epsilon*r**3)",
    "symbolic_model": "-9.42055475210265e-17+0.0795774715459477*((x_1*x_2)*((1/x_3)/(x_4)**2))",
    "TP": 4,
    "FP": 0,
    "TN": 0,
    "FN": 0,
    "F1": 1.0,
    "selected_name": [
        "q1",
        "q2",
        "epsilon",
        "r"
    ],
    "selected_idx": [
        1,
        2,
        3,
        4
    ],
    "perf_metric_updated": true,
    "failed": "no error",
    "mse_train": 3.359487623011645e-33,
    "mae_train": 4.498137973207861e-17,
    "r2_train": 1.0,
    "mse_test": 3.444176536694603e-33,
    "mae_test": 4.4063329374122164e-17,
    "r2_test": 1.0
}