{
    "dataset": "feynman_testing\\feynman_III_13_18\\feynman_III_13_18",
    "algorithm": "RF",
    "opt": [
        "u",
        "b",
        "b"
    ],
    "random_state": 11964,
    "process_time": 2401.109375,
    "time_time": 4104.584389209747,
    "target_noise": 0.0,
    "feature_noise": 0.0,
    "n": 200,
    "p": 4,
    "p0": 4,
    "true_model": " 2*E_n*d**2*k/(h/(2*3.1415926535))",
    "symbolic_model": "5.57932064583608+6.15437137602767*((x_3*(x_2)**2)*(log(x_1)/sqrt(x_4)))+68.4972498438399*((x_3*log(x_2))*(log(x_2)*(1/x_4)))+3.50887768118222*(((x_1)**2*(1/x_4))*((x_2)**2*log(x_3)))+0.348266754909286*((exp(x_2)*exp(x_3))/exp(x_4))+20.3280563849879*((log(x_1)/sqrt(x_4))/(x_4/(x_2)**2))",
    "TP": 4,
    "FP": 0,
    "TN": 0,
    "FN": 0,
    "F1": 1.0,
    "selected_name": [
        "E_n",
        "d",
        "k",
        "h"
    ],
    "selected_idx": [
        1,
        2,
        3,
        4
    ],
    "perf_metric_updated": true,
    "failed": "no error",
    "mse_train": 201.93410813651818,
    "mae_train": 10.46286425982823,
    "r2_train": 0.9991236512696335,
    "mse_test": 3166.5625107462547,
    "mae_test": 18.2960064573956,
    "r2_test": 0.9894500073307622
}