{
    "dataset": "feynman_testing\\feynman_III_13_18\\feynman_III_13_18",
    "algorithm": "RF",
    "opt": [
        "u",
        "b",
        "b"
    ],
    "random_state": 11284,
    "process_time": 1055.046875,
    "time_time": 1993.8885705471039,
    "target_noise": 0.0,
    "feature_noise": 0.0,
    "n": 200,
    "p": 4,
    "p0": 4,
    "true_model": " 2*E_n*d**2*k/(h/(2*3.1415926535))",
    "symbolic_model": "-39.9367599394767+55.2978621516178*((x_2+x_3)*(x_1*(1/x_4)))-94.4391484416263*((sin(x_2)+(1/x_3))*(x_1*(1/x_4)))+0.289517320968427*((x_1*(1/x_4))*((x_3)**2*exp(x_2)))-5.18057801272783*(exp(x_3)/exp(x_2))+49.4218074571209*abs((log(x_3)-(sin(x_2)+(1/x_3))))",
    "TP": 4,
    "FP": 0,
    "TN": 0,
    "FN": 0,
    "F1": 1.0,
    "selected_name": [
        "E_n",
        "d",
        "k",
        "h"
    ],
    "selected_idx": [
        1,
        2,
        3,
        4
    ],
    "perf_metric_updated": true,
    "failed": "no error",
    "mse_train": 1310.8068190982851,
    "mae_train": 26.170072176224735,
    "r2_train": 0.9966510589250591,
    "mse_test": 1969.7620615532437,
    "mae_test": 28.372578335351573,
    "r2_test": 0.9936170354918997
}