{
    "dataset": "feynman_testing\\feynman_I_47_23\\feynman_I_47_23",
    "algorithm": "RF",
    "opt": [
        "b",
        "b",
        "u"
    ],
    "random_state": 15795,
    "process_time": 21.03125,
    "time_time": 67.725106716156,
    "target_noise": 0.0,
    "feature_noise": 0.0,
    "n": 200,
    "p": 3,
    "p0": 3,
    "true_model": " sqrt(gamma*pr/rho)",
    "symbolic_model": "0.908486946174086-0.417651298305721*log(((x_3/x_2)/x_1))+0.0182571092080458*sin((x_1+x_2))+0.0180685485043296*sin((x_1-x_3))+0.0183977936239859*sin((x_2-x_3))+0.123604731981744*(1/((x_3/x_2)/x_1))",
    "TP": 3,
    "FP": 0,
    "TN": 0,
    "FN": 0,
    "F1": 1.0,
    "selected_name": [
        "gamma",
        "pr",
        "rho"
    ],
    "selected_idx": [
        1,
        2,
        3
    ],
    "perf_metric_updated": true,
    "failed": "no error",
    "mse_train": 0.00029860254415095696,
    "mae_train": 0.01273897435024337,
    "r2_train": 0.9993880473786291,
    "mse_test": 0.00040980224464317607,
    "mae_test": 0.01438139652502849,
    "r2_test": 0.9990943064056894
}