

{
    "dataset": "feynman_testing\\feynman_I_47_23\\feynman_I_47_23",
    "algorithm": "RF",
    "opt": [
        "b",
        "b",
        "u"
    ],
    "random_state": 11964,
    "process_time": 20.203125,
    "time_time": 61.93598914146423,
    "target_noise": 0.0,
    "feature_noise": 0.0,
    "n": 200,
    "p": 3,
    "p0": 3,
    "true_model": " sqrt(gamma*pr/rho)",
    "symbolic_model": "-5.02429586778808e-16+1*sqrt((x_1*(x_2/x_3)))",
    "TP": 3,
    "FP": 0,
    "TN": 0,
    "FN": 0,
    "F1": 1.0,
    "selected_name": [
        "gamma",
        "pr",
        "rho"
    ],
    "selected_idx": [
        1,
        2,
        3
    ],
    "perf_metric_updated": true,
    "failed": "no error",
    "mse_train": 2.6568588768810796e-31,
    "mae_train": 4.346523141407488e-16,
    "r2_train": 1.0,
    "mse_test": 3.0537126115848114e-31,
    "mae_test": 4.764455496797381e-16,
    "r2_test": 1.0
}