{
    "dataset": "feynman_testing\\feynman_I_47_23\\feynman_I_47_23",
    "algorithm": "RF",
    "opt": [
        "b",
        "b",
        "u"
    ],
    "random_state": 11284,
    "process_time": 21.90625,
    "time_time": 69.12273740768433,
    "target_noise": 0.0,
    "feature_noise": 0.0,
    "n": 200,
    "p": 3,
    "p0": 3,
    "true_model": " sqrt(gamma*pr/rho)",
    "symbolic_model": "0.98915769678404+0.00909481194046341*(x_1*x_2)-0.36529403557191*log(((x_3/x_2)/x_1))-0.0794402579976481*cos((x_1/x_3))-0.074565065905917*cos((x_2/x_3))+0.108186532318846*(1/((x_3/x_2)/x_1))",
    "TP": 3,
    "FP": 0,
    "TN": 0,
    "FN": 0,
    "F1": 1.0,
    "selected_name": [
        "gamma",
        "pr",
        "rho"
    ],
    "selected_idx": [
        1,
        2,
        3
    ],
    "perf_metric_updated": true,
    "failed": "no error",
    "mse_train": 0.00029634855366062016,
    "mae_train": 0.012943552208392307,
    "r2_train": 0.9994192694239105,
    "mse_test": 0.0003931663579979607,
    "mae_test": 0.014130366759451028,
    "r2_test": 0.9991216871488233
}