{
    "dataset": "feynman_testing\\feynman_I_47_23\\feynman_I_47_23",
    "algorithm": "RF",
    "opt": [
        "b",
        "b",
        "u"
    ],
    "random_state": 21575,
    "process_time": 18.703125,
    "time_time": 60.66214680671692,
    "target_noise": 0.0,
    "feature_noise": 0.0,
    "n": 200,
    "p": 3,
    "p0": 3,
    "true_model": " sqrt(gamma*pr/rho)",
    "symbolic_model": "0.911259441420409-0.414457870575476*log(((x_3/x_2)/x_1))+0.0192611469201518*sin((x_1+x_2))+0.0167970600633675*sin((x_1-x_3))+0.0237388582707551*sin((x_2-x_3))+0.124247178370828*(1/((x_3/x_2)/x_1))",
    "TP": 3,
    "FP": 0,
    "TN": 0,
    "FN": 0,
    "F1": 1.0,
    "selected_name": [
        "gamma",

        "pr",
        "rho"
    ],
    "selected_idx": [
        1,
        2,
        3
    ],
    "perf_metric_updated": true,
    "failed": "no error",
    "mse_train": 0.00040260154943070996,
    "mae_train": 0.014500221263736518,
    "r2_train": 0.9992160582484544,
    "mse_test": 0.0003956178347767316,
    "mae_test": 0.014392379038826177,
    "r2_test": 0.9991286906248076
}