{
    "dataset": "feynman_testing\\feynman_I_12_2\\feynman_I_12_2",
    "algorithm": "RF",
    "opt": [
        "u",
        "b",
        "b"
    ],
    "random_state": 21575,
    "process_time": 147.328125,
    "time_time": 473.11148834228516,
    "target_noise": 0.0,
    "feature_noise": 0.0,
    "n": 100,
    "p": 4,
    "p0": 4,
    "true_model": " q1*q2*r/(4*3.1415926535*epsilon*r**3)",
    "symbolic_model": "-0.00471016559304191+0.00170405287852436*(x_2*log(x_1))+0.0166159294895593*((x_1)**2*((1/x_3)/(x_4)**2))+0.0898701766022352*(log(x_1)*(log(x_2)/(x_4)**2))+1.39265230686734*((log(x_2)/exp(x_4))/(x_3)**2)+0.000189135811607366*(exp(x_1)/((x_3)**2*log(x_4)))",
    "TP": 4,
    "FP": 0,
    "TN": 0,
    "FN": 0,
    "F1": 1.0,
    "selected_name": [
        "q1",
        "q2",
        "epsilon",
        "r"
    ],
    "selected_idx": [
        1,
        2,
        3,
        4
    ],
    "perf_metric_updated": true,
    "failed": "no error",
    "mse_train": 3.3567322688915105e-05,
    "mae_train": 0.004107990615474583,
    "r2_train": 0.996156048311152,
    "mse_test": 0.32991608969010927,
    "mae_test": 0.013751864018480353,
    "r2_test": -39.801065402821514
}