{
    "dataset": "feynman_testing\\feynman_I_12_2\\feynman_I_12_2",
    "algorithm": "RF",
    "opt": [
        "u",
        "b",
        "b"
    ],
    "random_state": 11964,
    "process_time": 112.140625,
    "time_time": 456.70976972579956,
    "target_noise": 0.0,
    "feature_noise": 0.0,
    "n": 100,
    "p": 4,
    "p0": 4,
    "true_model": " q1*q2*r/(4*3.1415926535*epsilon*r**3)",
    "symbolic_model": "-0.00292182302713843+0.0839373804968998*(x_2*((1/x_3)/(x_4)**2))+4.7676000259895e-05*(exp(x_2)*((x_1)**2/(x_4)**2))+0.0187135716944477*((sqrt(x_2)*log(x_1))*((1/x_3)*(1/x_4)))+0.108348889216729*((sqrt(x_2)*log(x_1))*((1/x_3)/(x_4)**2))+0.0194903954248078*(((x_1)**2*log(x_2))*((1/x_3)/(x_4)**2))",
    "TP": 4,
    "FP": 0,
    "TN": 0,
    "FN": 0,
    "F1": 1.0,
    "selected_name": [
        "q1",
        "q2",
        "epsilon",
        "r"
    ],
    "selected_idx": [
        1,
        2,
        3,
        4
    ],
    "perf_metric_updated": true,
    "failed": "no error",
    "mse_train": 5.535421089081308e-06,
    "mae_train": 0.001707629952212197,
    "r2_train": 0.9984042675647912,
    "mse_test": 2.8506334674271648e-05,
    "mae_test": 0.002318058138433252,
    "r2_test": 0.9963511257129941
}