{
    "dataset": "feynman_testing\\feynman_I_12_2\\feynman_I_12_2",
    "algorithm": "RF",
    "opt": [
        "u",
        "b",
        "b"
    ],
    "random_state": 22118,
    "process_time": 150.46875,
    "time_time": 482.3911852836609,
    "target_noise": 0.0,
    "feature_noise": 0.0,
    "n": 100,
    "p": 4,
    "p0": 4,
    "true_model": " q1*q2*r/(4*3.1415926535*epsilon*r**3)",
    "symbolic_model": "-7.7715611723761e-17+0.0795774715459477*((x_1*x_2)*((1/x_3)/(x_4)**2))",
    "TP": 4,
    "FP": 0,
    "TN": 0,
    "FN": 0,
    "F1": 1.0,
    "selected_name": [
        "q1",
        "q2",
        "epsilon",
        "r"
    ],
    "selected_idx": [
        1,
        2,
        3,
        4
    ],
    "perf_metric_updated": true,
    "failed": "no error",
    "mse_train": 5.834887355363069e-33,
    "mae_train": 4.2984279330360307e-17,
    "r2_train": 1.0,
    "mse_test": 2.7035548445381162e-33,
    "mae_test": 3.6027266239746505e-17,
    "r2_test": 1.0
}