{
    "dataset": "feynman_testing\\feynman_I_47_23\\feynman_I_47_23",
    "algorithm": "RF",
    "opt": [
        "b",
        "b",
        "u"
    ],
    "random_state": 21575,
    "process_time": 10.578125,
    "time_time": 36.97685670852661,
    "target_noise": 0.0,
    "feature_noise": 0.0,
    "n": 100,
    "p": 3,
    "p0": 3,
    "true_model": " sqrt(gamma*pr/rho)",
    "symbolic_model": "0+1*sqrt((x_1*(x_2/x_3)))",
    "TP": 3,
    "FP": 0,
    "TN": 0,
    "FN": 0,
    "F1": 1.0,
    "selected_name": [
        "gamma",
        "pr",
        "rho"
    ],
    "selected_idx": [
        1,
        2,
        3
    ],
    "perf_metric_updated": true,
    "failed": "no error",
    "mse_train": 8.172105940023919e-32,
    "mae_train": 1.965094753586527e-16,
    "r2_train": 1.0,
    "mse_test": 9.315535170238488e-32,
    "mae_test": 1.9204193790756107e-16,
    "r2_test": 1.0
}