{
    "dataset": "feynman_testing\\feynman_I_47_23\\feynman_I_47_23",
    "algorithm": "RF",
    "opt": [
        "b",
        "b",
        "u"
    ],
    "random_state": 22118,
    "process_time": 6.890625,
    "time_time": 24.088483333587646,
    "target_noise": 0.0,
    "feature_noise": 0.0,
    "n": 100,
    "p": 3,
    "p0": 3,
    "true_model": " sqrt(gamma*pr/rho)",
    "symbolic_model": "1.00096630625194-0.402557887989489*log(((x_3/x_2)/x_1))+0.0353994936298972*sin((x_1+x_2))-0.0516508702177725*cos((x_1/x_3))-0.0510792879374069*cos((x_2/x_3))+0.112965635876593*(1/((x_3/x_2)/x_1))",
    "TP": 3,
    "FP": 0,
    "TN": 0,
    "FN": 0,
    "F1": 1.0,
    "selected_name": [
        "gamma",
        "pr",
        "rho"
    ],
    "selected_idx": [
        1,
        2,
        3
    ],
    "perf_metric_updated": true,
    "failed": "no error",
    "mse_train": 0.00037584878896277404,
    "mae_train": 0.014857338893049825,
    "r2_train": 0.999307141983236,
    "mse_test": 0.00048176071589037055,
    "mae_test": 0.015923514346922945,
    "r2_test": 0.9989464913697252
}