{
    "dataset": "feynman_testing\\feynman_I_47_23\\feynman_I_47_23",
    "algorithm": "RF",
    "opt": [
        "b",
        "b",
        "u"
    ],
    "random_state": 11284,
    "process_time": 5.9375,
    "time_time": 22.48708415031433,
    "target_noise": 0.0,
    "feature_noise": 0.0,
    "n": 100,
    "p": 3,
    "p0": 3,
    "true_model": " sqrt(gamma*pr/rho)",
    "symbolic_model": "0.899367710636591-0.41806907386069*log(((x_3/x_2)/x_1))+0.0155270212587683*sin((x_1+x_2))+0.0166433860633866*sin((x_1-x_3))+0.0154633518510703*sin((x_2-x_3))+0.126315850326973*(1/((x_3/x_2)/x_1))",
    "TP": 3,
    "FP": 0,
    "TN": 0,
    "FN": 0,
    "F1": 1.0,
    "selected_name": [
        "gamma",
        "pr",
        "rho"
    ],
    "selected_idx": [
        1,
        2,
        3
    ],
    "perf_metric_updated": true,
    "failed": "no error",
    "mse_train": 0.00027750790778169007,
    "mae_train": 0.012013191207788699,
    "r2_train": 0.9992663817689704,
    "mse_test": 0.0004134589610585983,
    "mae_test": 0.013017663976332774,
    "r2_test": 0.9990763545467596
}