{
    "dataset": "feynman_testing\\feynman_I_47_23\\feynman_I_47_23",
    "algorithm": "RF",
    "opt": [
        "b",
        "b",
        "u"
    ],
    "random_state": 11964,
    "process_time": 8.09375,
    "time_time": 31.052524089813232,
    "target_noise": 0.0,
    "feature_noise": 0.0,
    "n": 100,
    "p": 3,
    "p0": 3,
    "true_model": " sqrt(gamma*pr/rho)",
    "symbolic_model": "0.90353089947787-0.413964125936219*log(((x_3/x_2)/x_1))+0.0162402830027676*sin((x_1+x_2))+0.0149526686172153*sin((x_1-x_3))+0.0166030727052037*sin((x_2-x_3))+0.126721056844416*(1/((x_3/x_2)/x_1))",
    "TP": 3,
    "FP": 0,
    "TN": 0,
    "FN": 0,
    "F1": 1.0,
    "selected_name": [
        "gamma",
        "pr",
        "rho"
    ],
    "selected_idx": [
        1,
        2,
        3
    ],
    "perf_metric_updated": true,
    "failed": "no error",
    "mse_train": 0.00023180870997752533,
    "mae_train": 0.01141631653693501,
    "r2_train": 0.9994412329269641,
    "mse_test": 0.0004047027492841825,
    "mae_test": 0.013155233179080315,
    "r2_test": 0.9991161278555435
}