{
    "dataset": "feynman_testing\\feynman_I_47_23\\feynman_I_47_23",
    "algorithm": "RF",
    "opt": [
        "b",
        "b",
        "u"
    ],
    "random_state": 15795,
    "process_time": 10.046875,
    "time_time": 35.72688913345337,
    "target_noise": 0.0,
    "feature_noise": 0.0,
    "n": 100,
    "p": 3,
    "p0": 3,
    "true_model": " sqrt(gamma*pr/rho)",
    "symbolic_model": "0.902421085753671-0.41830888070572*log(((x_3/x_2)/x_1))+0.0138088826565874*sin((x_1+x_2))+0.0183869790745711*sin((x_1-x_3))+0.0139038169885748*sin((x_2-x_3))+0.125213382234306*(1/((x_3/x_2)/x_1))",
    "TP": 3,
    "FP": 0,
    "TN": 0,
    "FN": 0,
    "F1": 1.0,
    "selected_name": [
        "gamma",
        "pr",
        "rho"
    ],
    "selected_idx": [
        1,
        2,
        3
    ],
    "perf_metric_updated": true,
    "failed": "no error",
    "mse_train": 0.00022083568666617735,
    "mae_train": 0.010955495110783853,
    "r2_train": 0.9995298461862973,
    "mse_test": 0.0004249031976241086,
    "mae_test": 0.013835706092645724,
    "r2_test": 0.999060932170771
}