{
    "dataset": "feynman_testing\\feynman_II_6_15b\\feynman_II_6_15b",
    "algorithm": "RF",
    "opt": [
        "u",
        "b",
        "b",
        "b"
    ],
    "random_state": 21575,
    "process_time": 90.109375,
    "time_time": 335.36742401123047,
    "target_noise": 0.0,
    "feature_noise": 0.0,
    "n": 100,
    "p": 4,
    "p0": 4,
    "true_model": " p_d/(4*3.1415926535*epsilon)*3*cos(theta)*sin(theta)/r**3",
    "symbolic_model": "0.00129928105465309+0.0932367355357967*(x_2*((cos(x_3)*sin(x_3))/(x_1*(x_4)**2)))+0.0465147965942184*(x_2*((cos(x_3)/(x_4)**2)/(x_1*(x_4)**2)))+0.10427855731946*(sin(x_3)*((cos(x_3)/(x_4)**2)/(x_1*(x_4)**2)))+0.118392328551903*(((cos(x_3)/(x_4)**2)/(x_1+(x_4)**2))/(x_1*(x_4)**2))+0.809613523916398*(((cos(x_3)/x_1)/((x_3)**2*(x_4)**2))/((x_1*(x_4)**2)+(exp(x_4)/log(x_3))))",
    "TP": 4,
    "FP": 0,
    "TN": 0,
    "FN": 0,
    "F1": 1.0,
    "selected_name": [
        "epsilon",
        "p_d",
        "theta",
        "r"
    ],
    "selected_idx": [
        1,
        2,
        3,
        4
    ],
    "perf_metric_updated": true,
    "failed": "no error",
    "mse_train": 1.1068572200283586e-05,
    "mae_train": 0.0022002537119258946,
    "r2_train": 0.9907162159834156,
    "mse_test": 5.473443872657294e-05,
    "mae_test": 0.003097574443066063,
    "r2_test": 0.9385781933134032
}