{
    "dataset": "feynman_testing\\feynman_II_6_15b\\feynman_II_6_15b",
    "algorithm": "RF",
    "opt": [
        "u",
        "b",
        "b",
        "b"
    ],
    "random_state": 11284,
    "process_time": 226.078125,
    "time_time": 492.5254056453705,
    "target_noise": 0.0,
    "feature_noise": 0.0,
    "n": 100,
    "p": 4,
    "p0": 4,
    "true_model": " p_d/(4*3.1415926535*epsilon)*3*cos(theta)*sin(theta)/r**3",
    "symbolic_model": "-0.00093612176547858+0.0526089067096959*(x_2*((cos(x_3)/(x_4)**2)/x_1))+0.144896975203752*((cos(x_3)+(1/x_4))*((cos(x_3)/(x_4)**2)/x_1))+0.0406205069293503*((cos(x_3)+(1/x_4))*(x_2*(cos(x_3)/(x_4)**2)))+0.000144296371959925*((cos(x_3)+(1/x_4))*((x_2*cos(x_3))/abs(((1/x_3)-cos(x_4)))))-0.120843426031443*(((cos(x_3)/(x_4)**2)/x_1)*(x_2*(cos(x_3)*sin(x_3))))",
    "TP": 4,
    "FP": 0,
    "TN": 0,
    "FN": 0,
    "F1": 1.0,
    "selected_name": [
        "epsilon",
        "p_d",
        "theta",
        "r"
    ],
    "selected_idx": [
        1,
        2,
        3,
        4
    ],
    "perf_metric_updated": true,
    "failed": "no error",
    "mse_train": 9.301212467127052e-06,
    "mae_train": 0.0020097543786927424,
    "r2_train": 0.9859439783159475,
    "mse_test": 0.025683360535363426,
    "mae_test": 0.003966068393261557,
    "r2_test": -27.27361701317855
}