{
    "dataset": "feynman_testing\\feynman_II_6_15b\\feynman_II_6_15b",
    "algorithm": "RF",
    "opt": [
        "u",
        "b",
        "b",
        "b"
    ],
    "random_state": 22118,
    "process_time": 95.84375,
    "time_time": 282.73195481300354,
    "target_noise": 0.0,
    "feature_noise": 0.0,
    "n": 100,
    "p": 4,
    "p0": 4,
    "true_model": " p_d/(4*3.1415926535*epsilon)*3*cos(theta)*sin(theta)/r**3",
    "symbolic_model": "0.000248561081866333+0.0578374631724361*((sin(x_3)*(cos(x_3)/(x_4)**2))-((cos(x_3)*sin(x_4))*((1/x_4)/(x_3)**2)))+0.106084506997128*(((1/x_3)-log(x_4))*((cos(x_3)/exp(x_4))*(sin(x_4)/x_1)))+0.0913395376836081*((sin(x_3)*(cos(x_3)/(x_4)**2))*(x_2*(sin(x_4)/x_1)))+0.316973049131187*(((cos(x_3)/(x_4)**2)*((1/x_4)/exp(x_3)))*(x_2*(sin(x_4)/x_1)))+0.00171310142297503*((x_2*(sin(x_4)/x_1))*((cos(x_3)/log(x_4))/x_1))",
    "TP": 4,
    "FP": 0,
    "TN": 0,
    "FN": 0,
    "F1": 1.0,
    "selected_name": [
        "epsilon",
        "p_d",
        "theta",
        "r"
    ],
    "selected_idx": [
        1,
        2,
        3,
        4
    ],
    "perf_metric_updated": true,
    "failed": "no error",
    "mse_train": 2.892832200466391e-06,
    "mae_train": 0.0012642545762430032,
    "r2_train": 0.9965854953042602,
    "mse_test": 0.00090382065359943,
    "mae_test": 0.002988444488048033,
    "r2_test": 0.022167811546738636
}