{
    "dataset": "feynman_testing\\feynman_II_6_15b\\feynman_II_6_15b",
    "algorithm": "RF",
    "opt": [
        "u",
        "b",
        "b",
        "b"
    ],
    "random_state": 11964,
    "process_time": 179.5625,
    "time_time": 381.1204209327698,
    "target_noise": 0.0,
    "feature_noise": 0.0,
    "n": 100,
    "p": 4,
    "p0": 4,
    "true_model": " p_d/(4*3.1415926535*epsilon)*3*cos(theta)*sin(theta)/r**3",
    "symbolic_model": "0.000736009797963708+0.0853206358681471*(sin(x_3)*((cos(x_3)/(x_4)**2)/(x_1/x_2)))+0.0433382379574741*(((cos(x_3)*sin(x_3))/((x_3)**2*exp(x_4)))*abs(((x_1-x_2)-((x_3)**2/(x_4)**2))))+0.25282034267655*(((cos(x_3)*sin(x_3))/((x_3)**2*exp(x_4)))*(((x_3)**2/(x_4)**2)/x_1))+0.134124835533148*(((cos(x_3)/(x_4)**2)/(x_1/x_2))/exp(x_4))",
    "TP": 4,
    "FP": 0,
    "TN": 0,
    "FN": 0,
    "F1": 1.0,
    "selected_name": [
        "epsilon",
        "p_d",
        "theta",
        "r"
    ],
    "selected_idx": [
        1,
        2,
        3,
        4
    ],
    "perf_metric_updated": true,
    "failed": "no error",
    "mse_train": 6.791152435743983e-06,
    "mae_train": 0.0017256884061626402,
    "r2_train": 0.9916776152994221,
    "mse_test": 2.5113551633408818e-05,
    "mae_test": 0.0025849901792017694,
    "r2_test": 0.9712534496506456
}