{
    "dataset": "feynman_testing\\feynman_II_6_15b\\feynman_II_6_15b",
    "algorithm": "RF",
    "opt": [
        "u",
        "b",
        "b",
        "b"
    ],
    "random_state": 15795,
    "process_time": 123.9375,
    "time_time": 379.37796664237976,
    "target_noise": 0.0,
    "feature_noise": 0.0,
    "n": 100,
    "p": 4,
    "p0": 4,
    "true_model": " p_d/(4*3.1415926535*epsilon)*3*cos(theta)*sin(theta)/r**3",
    "symbolic_model": "-1.77162832704247e-05+0.0542484487573679*(sin(x_3)*((cos(x_3)/x_1)*(x_2/(x_4)**2)))+0.0125549090949289*(((cos(x_3)/x_1)*((1/x_4)/exp(x_3)))/(((x_4)**2/x_2)+(x_1*log(x_4))))+0.0162669823633329*((sin(x_3)*(cos(x_3)/exp(x_4)))/(((x_4)**2/x_2)+(x_1*log(x_4))))+0.453984301443811*((sin(x_3)*(cos(x_3)/(x_4)**2))/(x_1*(exp(x_4)/x_2)))",
    "TP": 4,
    "FP": 0,
    "TN": 0,
    "FN": 0,
    "F1": 1.0,
    "selected_name": [
        "epsilon",
        "p_d",
        "theta",
        "r"
    ],
    "selected_idx": [
        1,
        2,
        3,
        4
    ],
    "perf_metric_updated": true,
    "failed": "no error",
    "mse_train": 2.7951047896700125e-08,
    "mae_train": 0.00011335260457464486,
    "r2_train": 0.999931457875738,
    "mse_test": 2.6560271374372377e-07,
    "mae_test": 0.00018489236308872492,
    "r2_test": 0.9997088546622485
}