{
    "dataset": "feynman_testing\\feynman_I_39_22\\feynman_I_39_22",
    "algorithm": "BART_GSE",
    "opt": [
        "b",
        "b"
    ],
    "random_state": 21575,
    "process_time": 27.09375,
    "time_time": 85.16087293624878,
    "target_noise": 0.0,
    "feature_noise": 0.0,
    "n": 100,
    "p": 4,
    "p0": 4,
    "true_model": " n*kb*T/V",
    "symbolic_model": "2.8421709430404e-15+1*((x_2*x_4)*(x_1/x_3))",
    "TP": 4,
    "FP": 0,
    "TN": 0,
    "FN": 0,
    "F1": 1.0,
    "selected_name": [
        "n",
        "T",
        "V",
        "kb"
    ],
    "selected_idx": [
        1,
        2,
        3,
        4
    ],
    "perf_metric_updated": true,
    "failed": "no error",
    "mse_train": 2.66360117243039e-29,
    "mae_train": 3.376188217885101e-15,
    "r2_train": 1.0,
    "mse_test": 2.6429045314393506e-29,
    "mae_test": 3.868840803278317e-15,
    "r2_test": 1.0
}