{
    "dataset": "feynman_testing\\feynman_I_39_22\\feynman_I_39_22",
    "algorithm": "BART_GSE",
    "opt": [
        "b",
        "b"
    ],
    "random_state": 11964,
    "process_time": 29.34375,
    "time_time": 94.90016317367554,
    "target_noise": 0.0,
    "feature_noise": 0.0,
    "n": 100,
    "p": 4,
    "p0": 4,
    "true_model": " n*kb*T/V",
    "symbolic_model": "-6.9095573815319-2.75915645428913*((x_2/x_3)+(x_3/x_2))+0.130126512576226*(x_4*(x_1*x_2))+1.00926447277552*(x_4*(x_1/x_3))+1.69503397538915*((x_1+x_4)*(x_2/x_3))+22.8968538935459*((x_3/x_2)/(x_1+x_4))",
    "TP": 4,
    "FP": 0,
    "TN": 0,
    "FN": 0,
    "F1": 1.0,
    "selected_name": [
        "n",
        "T",
        "V",
        "kb"
    ],
    "selected_idx": [
        1,
        2,
        3,
        4
    ],
    "perf_metric_updated": true,
    "failed": "no error",
    "mse_train": 1.0887744617729376,
    "mae_train": 0.7866121887593426,
    "r2_train": 0.9909535319371402,
    "mse_test": 2.5730614570354393,
    "mae_test": 0.9691024544135103,
    "r2_test": 0.9752604139817639
}