{
    "dataset": "feynman_testing\\feynman_III_7_38\\feynman_III_7_38",
    "algorithm": "RF",
    "opt": [
        "b",
        "b"
    ],
    "random_state": 21575,
    "process_time": 0.5,
    "time_time": 3.8037962913513184,
    "target_noise": 0.0,
    "feature_noise": 0.0,
    "n": 100,
    "p": 3,
    "p0": 3,
    "true_model": " 2*mom*B/(h/(2*3.1415926535))",
    "symbolic_model": "-3.41060513164848e-14+12.5663706143592*(x_1*(x_2/x_3))",
    "TP": 3,
    "FP": 0,
    "TN": 0,
    "FN": 0,
    "F1": 1.0,
    "selected_name": [
        "mom",
        "B",
        "h"
    ],
    "selected_idx": [
        1,
        2,
        3
    ],
    "perf_metric_updated": true,
    "failed": "no error",
    "mse_train": 1.119066247232949e-26,
    "mae_train": 6.477485214873014e-14,
    "r2_train": 1.0,
    "mse_test": 1.220523948571823e-26,
    "mae_test": 7.246530486781921e-14,
    "r2_test": 1.0
}