{
    "dataset": "feynman_testing\\feynman_III_7_38\\feynman_III_7_38",
    "algorithm": "RF",
    "opt": [
        "b",
        "b"
    ],
    "random_state": 11964,
    "process_time": 0.625,
    "time_time": 3.6868436336517334,
    "target_noise": 0.0,
    "feature_noise": 0.0,
    "n": 100,
    "p": 3,
    "p0": 3,
    "true_model": " 2*mom*B/(h/(2*3.1415926535))",
    "symbolic_model": "1.13686837721616e-14+12.5663706143592*(x_1*(x_2/x_3))",
    "TP": 3,
    "FP": 0,
    "TN": 0,
    "FN": 0,
    "F1": 1.0,
    "selected_name": [
        "mom",
        "B",
        "h"
    ],
    "selected_idx": [
        1,
        2,
        3
    ],
    "perf_metric_updated": true,
    "failed": "no error",
    "mse_train": 2.612219013191659e-26,
    "mae_train": 1.2726708575883094e-13,
    "r2_train": 1.0,
    "mse_test": 2.0060875280161204e-26,
    "mae_test": 1.1495055574073376e-13,
    "r2_test": 1.0
}