{
    "dataset": "feynman_testing\\feynman_I_12_4\\feynman_I_12_4",
    "algorithm": "BART_GSE",
    "opt": [
        "u",
        "b",
        "b"
    ],
    "random_state": 15795,
    "process_time": 723.140625,
    "time_time": 895.5356478691101,
    "target_noise": 0.0,
    "feature_noise": 0.0,
    "n": 500,
    "p": 3,
    "p0": 3,
    "true_model": " q1*r/(4*3.1415926535*epsilon*r**3)",
    "symbolic_model": "0.00107680284925614+0.0560520910888078*((x_1/exp(x_3))/x_2)+0.0039818447354845*((x_1+sin(x_3))/(x_2*sqrt(x_2)))+0.322862820918802*((x_1/exp(x_3))/((x_2)**2*exp(x_3)))+0.0368597897816608*((sqrt(x_1)/exp(x_3))/(x_3/(1/x_3)))+0.0123118275250326*((log(x_2)/(x_2)**2)/((x_3)**2/(x_1)**2))",
    "TP": 3,
    "FP": 0,
    "TN": 0,
    "FN": 0,
    "F1": 1.0,
    "selected_name": [
        "q1",
        "epsilon",
        "r"
    ],
    "selected_idx": [
        1,
        2,
        3
    ],
    "perf_metric_updated": true,
    "failed": "no error",
    "mse_train": 6.599801479169908e-07,
    "mae_train": 0.0005091075258414058,
    "r2_train": 0.998966559658552,
    "mse_test": 7.61157214221171e-07,
    "mae_test": 0.0005289007929615382,
    "r2_test": 0.9989653951249693
}