{
    "dataset": "feynman_testing\\feynman_I_12_4\\feynman_I_12_4",
    "algorithm": "BART_GSE",
    "opt": [
        "u",
        "b",
        "b"
    ],
    "random_state": 11964,
    "process_time": 760.65625,
    "time_time": 1546.2977406978607,
    "target_noise": 0.0,
    "feature_noise": 0.0,
    "n": 500,
    "p": 3,
    "p0": 3,
    "true_model": " q1*r/(4*3.1415926535*epsilon*r**3)",
    "symbolic_model": "-0.090190556344756-0.0633528283882043*(x_1/(sqrt(x_2)*exp(x_3)))+0.0899697973671549*((x_3+(1/x_2))/x_3)+0.00478297069536744*((log(x_1)+sin(x_3))/(sqrt(x_2)-(1/x_3)))+0.167535988822616*((x_1-x_3)/(sqrt(x_2)*exp(x_3)))+0.00664417206699942*((log(x_1)-log(x_2))/(exp(x_3)*(1/x_1)))",
    "TP": 3,
    "FP": 0,
    "TN": 0,
    "FN": 0,
    "F1": 1.0,
    "selected_name": [
        "q1",
        "epsilon",
        "r"
    ],
    "selected_idx": [
        1,
        2,
        3
    ],
    "perf_metric_updated": true,
    "failed": "no error",
    "mse_train": 1.3111768023093031e-05,
    "mae_train": 0.0023002777690769812,
    "r2_train": 0.9869215203925237,
    "mse_test": 1.6603141291135245e-05,
    "mae_test": 0.00234858989881208,
    "r2_test": 0.9769285171980773
}