{
    "dataset": "feynman_testing\\feynman_I_12_4\\feynman_I_12_4",
    "algorithm": "BART_GSE",
    "opt": [
        "u",
        "b",
        "b"
    ],
    "random_state": 11284,
    "process_time": 763.921875,
    "time_time": 1374.131842136383,
    "target_noise": 0.0,
    "feature_noise": 0.0,
    "n": 500,
    "p": 3,
    "p0": 3,
    "true_model": " q1*r/(4*3.1415926535*epsilon*r**3)",
    "symbolic_model": "0.000193703478845093+0.00189329285561976*((x_1/sqrt(x_2))/((x_3)**2-sin(x_2)))-0.00356461177192316*((log(x_3)-(1/x_2))/((x_2)**2*(1/x_1)))-0.0035883654372889*((log(x_3)-(1/x_2))/((x_3)**2*(1/x_1)))+0.0511137218335564*((x_1*(1/x_3))/(x_2*sqrt(x_3)))+0.0328354091590119*((x_1/sqrt(x_2))/((x_3)**2*exp(x_3)))",
    "TP": 3,
    "FP": 0,
    "TN": 0,
    "FN": 0,
    "F1": 1.0,
    "selected_name": [
        "q1",
        "epsilon",
        "r"
    ],
    "selected_idx": [
        1,
        2,
        3
    ],
    "perf_metric_updated": true,
    "failed": "no error",
    "mse_train": 8.421670482366623e-07,
    "mae_train": 0.0004391922910826123,
    "r2_train": 0.9990123101790387,
    "mse_test": 3.9948702704371516e-05,
    "mae_test": 0.0006596754097313658,
    "r2_test": 0.9433958754947226
}