{
    "dataset": "feynman_testing\\feynman_II_27_16\\feynman_II_27_16",
    "algorithm": "BART_GSE",
    "opt": [
        "u",
        "b",
        "b"
    ],
    "random_state": 22118,
    "process_time": 66.34375,
    "time_time": 162.94641995429993,
    "target_noise": 0.0,
    "feature_noise": 0.0,
    "n": 100,
    "p": 3,
    "p0": 3,
    "true_model": " epsilon*c*Ef**2",
    "symbolic_model": "1.78367816513889e-14-6.44813255104245e-15*((x_1*x_2)*(x_3*log(x_3)))+1*((x_1*x_3)*(x_2*x_3))",
    "TP": 3,
    "FP": 0,
    "TN": 0,
    "FN": 0,
    "F1": 1.0,
    "selected_name": [
        "epsilon",
        "c",
        "Ef"
    ],
    "selected_idx": [
        1,
        2,
        3
    ],
    "perf_metric_updated": true,
    "failed": "no error",
    "mse_train": 8.061806816610238e-26,
    "mae_train": 1.9393819883362084e-13,
    "r2_train": 1.0,
    "mse_test": 7.295082349059786e-26,
    "mae_test": 1.854444242610498e-13,
    "r2_test": 1.0
}