{
    "dataset": "feynman_testing\\feynman_II_13_17\\feynman_II_13_17",
    "algorithm": "RF",
    "opt": [
        "u",
        "b",
        "b"
    ],
    "random_state": 11284,
    "process_time": 437.625,
    "time_time": 1166.395536661148,
    "target_noise": 0.0,
    "feature_noise": 0.0,
    "n": 200,
    "p": 4,
    "p0": 4,
    "true_model": " 1/(4*3.1415926535*epsilon*c**2)*2*I/r",
    "symbolic_model": "-0.00182892038748815+0.0473662093835094*(x_3*((1/x_1)/(x_2)**2))-0.186814315504146*((1/x_4)*((1/x_1)/(x_2)**2))+0.0157182722011845*(x_3/((x_2)**2+(x_4)**2))+1.20401742328411*(((1/x_1)/(x_2)**2)/exp(x_4))+0.0020943039800378*(((1/x_1)/log(x_2))/exp(x_4))",
    "TP": 4,
    "FP": 0,
    "TN": 0,
    "FN": 0,
    "F1": 1.0,
    "selected_name": [
        "epsilon",
        "c",
        "I",
        "r"
    ],
    "selected_idx": [
        1,
        2,
        3,
        4
    ],
    "perf_metric_updated": true,
    "failed": "no error",
    "mse_train": 5.027289979644875e-06,
    "mae_train": 0.0014333019271064906,
    "r2_train": 0.99025486057446,
    "mse_test": 7.744646551151654e-05,
    "mae_test": 0.002091967447604256,
    "r2_test": 0.8822254267266553
}