{
    "dataset": "feynman_testing\\feynman_II_13_17\\feynman_II_13_17",
    "algorithm": "RF",
    "opt": [
        "u",
        "b",
        "b"
    ],
    "random_state": 11964,
    "process_time": 901.59375,
    "time_time": 1428.1535184383392,
    "target_noise": 0.0,
    "feature_noise": 0.0,
    "n": 200,
    "p": 4,
    "p0": 4,
    "true_model": " 1/(4*3.1415926535*epsilon*c**2)*2*I/r",
    "symbolic_model": "2.12664689570748e-05+0.130467877120354*((1/x_1)*((1/x_4)/(x_2)**2))-0.010914965812412*((1/x_1)*((1/x_4)/exp(x_2)))+0.0140726167960205*(((x_3)**2*(1/x_1))*((1/x_4)/(x_2)**2))+0.202730174457648*(((1/x_4)/(x_2)**2)/(x_1/log(x_3)))",
    "TP": 4,
    "FP": 0,
    "TN": 0,
    "FN": 0,
    "F1": 1.0,
    "selected_name": [
        "epsilon",
        "c",
        "I",
        "r"
    ],
    "selected_idx": [
        1,
        2,
        3,
        4
    ],
    "perf_metric_updated": true,
    "failed": "no error",
    "mse_train": 4.4796642015620326e-08,
    "mae_train": 0.00011660898097864609,
    "r2_train": 0.9999282336038999,
    "mse_test": 6.702266357625926e-08,
    "mae_test": 0.00012169653917658365,
    "r2_test": 0.9998844976595708
}