{
    "dataset": "feynman_testing\\feynman_II_13_17\\feynman_II_13_17",
    "algorithm": "RF",
    "opt": [
        "u",
        "b",
        "b"
    ],
    "random_state": 15795,
    "process_time": 1054.671875,
    "time_time": 2172.1497025489807,
    "target_noise": 0.0,
    "feature_noise": 0.0,
    "n": 200,
    "p": 4,
    "p0": 4,
    "true_model": " 1/(4*3.1415926535*epsilon*c**2)*2*I/r",
    "symbolic_model": "-3.14018491736755e-17+0.159154943091895*(((1/x_1)*(1/x_4))*(x_3/(x_2)**2))",
    "TP": 4,
    "FP": 0,
    "TN": 0,
    "FN": 0,
    "F1": 1.0,
    "selected_name": [
        "epsilon",
        "c",
        "I",
        "r"
    ],
    "selected_idx": [
        1,
        2,
        3,
        4
    ],
    "perf_metric_updated": true,
    "failed": "no error",
    "mse_train": 4.325694197201808e-33,
    "mae_train": 4.083593272558028e-17,
    "r2_train": 1.0,
    "mse_test": 4.0539411006286756e-33,
    "mae_test": 3.907433187774756e-17,
    "r2_test": 1.0
}