{
    "dataset": "feynman_testing\\feynman_I_12_11\\feynman_I_12_11",
    "algorithm": "BART_GSE",
    "opt": [
        "u",
        "b",
        "b"
    ],
    "random_state": 11284,
    "process_time": 45.734375,
    "time_time": 168.16090607643127,
    "target_noise": 0.0,
    "feature_noise": 0.0,
    "n": 100,
    "p": 5,
    "p0": 5,
    "true_model": " q*(Ef+B*v*sin(theta))",
    "symbolic_model": "-63.2867283474173+0.598031753246913*(x_2*(x_1*x_3))-0.162390024131397*((x_5)**2*(x_1*x_3))+135.417971602923*((x_5)**2/exp(x_5))+1.41804351640918*abs(((x_5)**2-(x_1*x_4)))+1.3315236238162*abs(((x_5)**2-(x_3*x_4)))",
    "TP": 5,
    "FP": 0,
    "TN": 0,
    "FN": 0,
    "F1": 1.0,
    "selected_name": [
        "q",
        "Ef",
        "B",
        "v",
        "theta"
    ],
    "selected_idx": [
        1,
        2,
        3,
        4,
        5
    ],
    "perf_metric_updated": true,
    "failed": "no error",
    "mse_train": 64.1353409645881,
    "mae_train": 5.989192597196819,
    "r2_train": 0.9242806508813582,
    "mse_test": 55.80515598678976,
    "mae_test": 5.673111824935707,
    "r2_test": 0.9188477110536808
}