{
    "dataset": "feynman_testing\\feynman_I_12_11\\feynman_I_12_11",
    "algorithm": "BART_GSE",
    "opt": [
        "u",
        "b",
        "b"
    ],
    "random_state": 11964,
    "process_time": 124.015625,
    "time_time": 610.4599838256836,
    "target_noise": 0.0,
    "feature_noise": 0.0,
    "n": 100,
    "p": 5,
    "p0": 5,
    "true_model": " q*(Ef+B*v*sin(theta))",
    "symbolic_model": "-62.410099125392+0.677499174938269*(x_2*(x_1+sqrt(x_1)))-0.00193249898023724*((x_3*x_4)*((x_1)**2*exp(x_5)))+124.029971496714*((x_5)**2/exp(x_5))+0.908888336907966*((x_1*x_4)/(x_5/x_3))+1.57432035757426*abs(((x_5)**2-(x_3*x_4)))",
    "TP": 5,
    "FP": 0,
    "TN": 0,
    "FN": 0,
    "F1": 1.0,
    "selected_name": [
        "q",
        "Ef",
        "B",
        "v",
        "theta"
    ],
    "selected_idx": [
        1,
        2,
        3,
        4,
        5
    ],
    "perf_metric_updated": true,
    "failed": "no error",
    "mse_train": 27.023463182413575,
    "mae_train": 4.092604469024732,
    "r2_train": 0.9593237055278026,
    "mse_test": 41.576303110484176,
    "mae_test": 4.547658925091376,
    "r2_test": 0.937859635257848
}