{
    "dataset": "feynman_testing\\feynman_I_12_11\\feynman_I_12_11",
    "algorithm": "BART_GSE",
    "opt": [
        "u",
        "b",
        "b"
    ],
    "random_state": 21575,
    "process_time": 79.390625,
    "time_time": 203.42285680770874,
    "target_noise": 0.0,
    "feature_noise": 0.0,
    "n": 100,
    "p": 5,
    "p0": 5,
    "true_model": " q*(Ef+B*v*sin(theta))",
    "symbolic_model": "1.45391976655358e-14-4.05139971263138e-15*(x_1+x_2)+2.45161466070976e-15*((x_2+sqrt(x_5))+(x_1*sin(x_5)))-1.81466724227184e-15*((x_2+sqrt(x_5))+(x_4*sin(x_5)))+1*(x_1*x_2)+1*((x_1*x_4)*(x_3*sin(x_5)))",
    "TP": 5,
    "FP": 0,
    "TN": 0,
    "FN": 0,
    "F1": 1.0,
    "selected_name": [
        "q",
        "Ef",
        "B",
        "v",
        "theta"
    ],
    "selected_idx": [
        1,
        2,
        3,
        4,
        5
    ],
    "perf_metric_updated": true,
    "failed": "no error",
    "mse_train": 1.6899745602134358e-28,
    "mae_train": 9.394152122865761e-15,
    "r2_train": 1.0,
    "mse_test": 2.0016715425492382e-28,
    "mae_test": 1.0149634249376204e-14,
    "r2_test": 1.0
}