{
    "dataset": "feynman_testing\\feynman_I_12_11\\feynman_I_12_11",
    "algorithm": "BART_GSE",
    "opt": [
        "u",
        "b",
        "b"
    ],
    "random_state": 15795,
    "process_time": 66.625,
    "time_time": 202.11608719825745,
    "target_noise": 0.0,
    "feature_noise": 0.0,
    "n": 100,
    "p": 5,
    "p0": 5,
    "true_model": " q*(Ef+B*v*sin(theta))",
    "symbolic_model": "0.502486133100685+0.972241990845961*(x_1*x_2)+2.6041657635863*(x_1*(x_3*sin(x_5)))+0.111552155193795*((x_4)**2*(x_1*sin(x_5)))+0.216354662792949*((x_4)**2*(x_3*sin(x_5)))-10.6011771397532*((x_3*sin(x_5))/(x_4)**2)",
    "TP": 5,
    "FP": 0,
    "TN": 0,
    "FN": 0,
    "F1": 1.0,
    "selected_name": [
        "q",
        "Ef",
        "B",
        "v",
        "theta"
    ],
    "selected_idx": [
        1,
        2,
        3,
        4,
        5
    ],
    "perf_metric_updated": true,
    "failed": "no error",
    "mse_train": 7.655700159547582,
    "mae_train": 1.8604272020530217,
    "r2_train": 0.9905190225829471,
    "mse_test": 15.378742917937762,
    "mae_test": 2.549650476294089,
    "r2_test": 0.9771011272038449
}