{
    "dataset": "feynman_testing\\feynman_I_12_2\\feynman_I_12_2",
    "algorithm": "BART_GSE",
    "opt": [
        "u",
        "b",
        "b"
    ],
    "random_state": 11964,
    "process_time": 1354.484375,
    "time_time": 2316.2216017246246,
    "target_noise": 0.0,
    "feature_noise": 0.0,
    "n": 500,
    "p": 4,
    "p0": 4,
    "true_model": " q1*q2*r/(4*3.1415926535*epsilon*r**3)",
    "symbolic_model": "-1.29091775968858e-16+0.0795774715459477*((x_1*(1/x_3))/((x_4)**2*(1/x_2)))",
    "TP": 4,
    "FP": 0,
    "TN": 0,
    "FN": 0,
    "F1": 1.0,
    "selected_name": [
        "q1",
        "q2",
        "epsilon",
        "r"
    ],
    "selected_idx": [
        1,
        2,
        3,
        4
    ],
    "perf_metric_updated": true,
    "failed": "no error",
    "mse_train": 6.496005220610165e-33,
    "mae_train": 7.073681917990626e-17,
    "r2_train": 1.0,
    "mse_test": 6.823701517920534e-33,
    "mae_test": 7.169585237998266e-17,
    "r2_test": 1.0
}