{
    "dataset": "feynman_testing\\feynman_I_12_2\\feynman_I_12_2",
    "algorithm": "BART_GSE",
    "opt": [
        "u",
        "b",
        "b"
    ],
    "random_state": 15795,
    "process_time": 1376.421875,
    "time_time": 1478.1060700416565,
    "target_noise": 0.0,
    "feature_noise": 0.0,
    "n": 500,
    "p": 4,
    "p0": 4,
    "true_model": " q1*q2*r/(4*3.1415926535*epsilon*r**3)",
    "symbolic_model": "-4.70492527716791e-05+0.0835760698275993*((sqrt(x_1)-(1/x_2))/(x_3*(x_4)**2))+0.0879707222240879*((x_1*log(x_2))/(x_3*(x_4)**2))+0.0102706681326938*(((x_2)**2*(1/x_4))/(x_3*x_4))+0.0622083377903516*((sqrt(x_1)*log(x_1))/(x_3*(x_4)**2))+0.00112219486443056*(((x_1)**2*(x_2)**2)/(x_3*(x_4)**2))",
    "TP": 4,
    "FP": 0,
    "TN": 0,
    "FN": 0,
    "F1": 1.0,
    "selected_name": [
        "q1",
        "q2",
        "epsilon",
        "r"
    ],
    "selected_idx": [
        1,
        2,
        3,
        4
    ],
    "perf_metric_updated": true,
    "failed": "no error",
    "mse_train": 3.127942560590338e-06,
    "mae_train": 0.0009747376009475146,
    "r2_train": 0.999634478466533,
    "mse_test": 6.179243276043732e-06,
    "mae_test": 0.0011215512702353447,
    "r2_test": 0.9992611527791574
}