{
    "dataset": "feynman_testing\\feynman_I_12_2\\feynman_I_12_2",
    "algorithm": "BART_GSE",
    "opt": [
        "u",
        "b",
        "b"
    ],
    "random_state": 11284,
    "process_time": 1510.03125,
    "time_time": 2102.8907289505005,
    "target_noise": 0.0,
    "feature_noise": 0.0,
    "n": 500,
    "p": 4,
    "p0": 4,
    "true_model": " q1*q2*r/(4*3.1415926535*epsilon*r**3)",
    "symbolic_model": "-0.00637763534630667+0.0176511479786533*(x_2/(exp(x_4)-cos(x_1)))+0.122353859457335*(x_2/((x_4)**2*exp(x_3)))+0.00834456437127103*((log(x_4)+(1/x_4))/(log(x_4)+(1/x_2)))+0.00638266521197888*(((x_1)**2/(x_4)**2)/(x_3*(1/x_2)))+0.113544741249463*((log(x_1)/(x_4)**2)/(x_3*(1/x_2)))",
    "TP": 4,
    "FP": 0,
    "TN": 0,
    "FN": 0,
    "F1": 1.0,
    "selected_name": [
        "q1",
        "q2",
        "epsilon",
        "r"
    ],
    "selected_idx": [
        1,
        2,
        3,
        4
    ],
    "perf_metric_updated": true,
    "failed": "no error",
    "mse_train": 1.9290507573064814e-06,
    "mae_train": 0.0008963968991640855,
    "r2_train": 0.999770714323124,
    "mse_test": 2.3585581029129397e-06,
    "mae_test": 0.0008626536269365124,
    "r2_test": 0.9997092457765678
}