{
    "dataset": "feynman_testing\\feynman_II_6_11\\feynman_II_6_11",
    "algorithm": "RF",
    "opt": [
        "u",
        "b",
        "b"
    ],
    "random_state": 11964,
    "process_time": 1921.65625,
    "time_time": 3311.3128864765167,
    "target_noise": 0.0,
    "feature_noise": 0.0,
    "n": 200,
    "p": 4,
    "p0": 4,
    "true_model": " 1/(4*3.1415926535*epsilon)*p_d*cos(theta)/r**2",
    "symbolic_model": "2.74766180269661e-17+0.0795774715459477*((x_2*cos(x_3))*((1/x_1)/(x_4)**2))",
    "TP": 4,
    "FP": 0,
    "TN": 0,
    "FN": 0,
    "F1": 1.0,
    "selected_name": [
        "epsilon",
        "p_d",
        "theta",
        "r"
    ],
    "selected_idx": [
        1,
        2,
        3,
        4
    ],
    "perf_metric_updated": true,
    "failed": "no error",
    "mse_train": 3.39499242060613e-33,
    "mae_train": 4.662049012896935e-17,
    "r2_train": 1.0,
    "mse_test": 3.2679872172512856e-33,
    "mae_test": 4.659043189640419e-17,
    "r2_test": 1.0
}