{
    "dataset": "feynman_testing\\feynman_II_6_11\\feynman_II_6_11",
    "algorithm": "RF",
    "opt": [
        "u",
        "b",
        "b"
    ],
    "random_state": 11284,
    "process_time": 2318.765625,
    "time_time": 4101.173609018326,
    "target_noise": 0.0,
    "feature_noise": 0.0,
    "n": 200,
    "p": 4,
    "p0": 4,
    "true_model": " 1/(4*3.1415926535*epsilon)*p_d*cos(theta)/r**2",
    "symbolic_model": "2.53408791214883e-17-5.04702989784659e-17*((x_2+cos(x_1))*(cos(x_3)/(x_4)**2))-5.90361034583036e-16*((x_2*cos(x_3))*((1/x_1)/exp(x_4)))+0.0795774715459479*((x_2*(1/x_1))*(cos(x_3)/(x_4)**2))",
    "TP": 4,
    "FP": 0,
    "TN": 0,
    "FN": 0,
    "F1": 1.0,
    "selected_name": [
        "epsilon",
        "p_d",
        "theta",
        "r"
    ],
    "selected_idx": [
        1,
        2,
        3,
        4
    ],
    "perf_metric_updated": true,
    "failed": "no error",
    "mse_train": 2.2986909685949708e-33,
    "mae_train": 3.887544108784231e-17,
    "r2_train": 1.0,
    "mse_test": 2.5581199430368203e-33,
    "mae_test": 4.073194016130527e-17,
    "r2_test": 1.0
}