{
    "dataset": "feynman_testing\\feynman_II_6_11\\feynman_II_6_11",
    "algorithm": "RF",
    "opt": [
        "u",
        "b",
        "b"
    ],
    "random_state": 22118,
    "process_time": 1431.84375,
    "time_time": 3023.984450817108,
    "target_noise": 0.0,
    "feature_noise": 0.0,
    "n": 200,
    "p": 4,
    "p0": 4,
    "true_model": " 1/(4*3.1415926535*epsilon)*p_d*cos(theta)/r**2",
    "symbolic_model": "3.92523114670944e-18+0.0795774715459476*((x_2*cos(x_3))*((1/x_1)/(x_4)**2))",
    "TP": 4,
    "FP": 0,
    "TN": 0,
    "FN": 0,
    "F1": 1.0,
    "selected_name": [
        "epsilon",
        "p_d",
        "theta",
        "r"
    ],
    "selected_idx": [
        1,
        2,
        3,
        4
    ],
    "perf_metric_updated": true,
    "failed": "no error",
    "mse_train": 2.2477109660901706e-33,
    "mae_train": 3.8187599512694986e-17,
    "r2_train": 1.0,
    "mse_test": 2.3689307225983702e-33,
    "mae_test": 4.0100037768548436e-17,
    "r2_test": 1.0
}