{
    "dataset": "feynman_testing\\feynman_III_17_37\\feynman_III_17_37",
    "algorithm": "BART_GSE",
    "opt": [
        "u",
        "b",
        "b"
    ],
    "random_state": 22118,
    "process_time": 74.671875,
    "time_time": 174.66933226585388,
    "target_noise": 0.0,
    "feature_noise": 0.0,
    "n": 100,
    "p": 3,
    "p0": 3,
    "true_model": " beta*(1+alpha*cos(theta))",
    "symbolic_model": "7.105427357601e-16+1*((cos(x_3)+(1/x_2))/((1/x_2)/x_1))",
    "TP": 3,
    "FP": 0,
    "TN": 0,
    "FN": 0,
    "F1": 1.0,
    "selected_name": [
        "beta",
        "alpha",
        "theta"
    ],
    "selected_idx": [
        1,
        2,
        3
    ],
    "perf_metric_updated": true,
    "failed": "no error",
    "mse_train": 1.1404215054204189e-29,
    "mae_train": 2.029348911136708e-15,
    "r2_train": 1.0,
    "mse_test": 1.0902834960256535e-29,
    "mae_test": 1.9293748987781605e-15,
    "r2_test": 1.0
}