{
    "dataset": "feynman_testing\\feynman_III_17_37\\feynman_III_17_37",
    "algorithm": "BART_GSE",
    "opt": [
        "u",
        "b",
        "b"
    ],
    "random_state": 11284,
    "process_time": 58.015625,
    "time_time": 186.48151683807373,
    "target_noise": 0.0,
    "feature_noise": 0.0,
    "n": 100,
    "p": 3,
    "p0": 3,
    "true_model": " beta*(1+alpha*cos(theta))",
    "symbolic_model": "-8.48992181417737e-16-1.23342309897311e-16*(x_1+(x_1*cos(x_3)))+9.63503687886938e-16*(x_1+(x_2*cos(x_3)))+1*(x_1*(x_2*cos(x_3)))+1.62395676356078e-15*(x_1/sqrt(x_3))+0.999999999999998*((x_1*cos(x_3))/cos(x_3))",
    "TP": 3,
    "FP": 0,
    "TN": 0,
    "FN": 0,
    "F1": 1.0,
    "selected_name": [
        "beta",
        "alpha",
        "theta"
    ],
    "selected_idx": [
        1,
        2,
        3
    ],
    "perf_metric_updated": true,
    "failed": "no error",
    "mse_train": 1.4443736951735568e-29,
    "mae_train": 2.859795733556325e-15,
    "r2_train": 1.0,
    "mse_test": 1.9816995918196498e-29,
    "mae_test": 3.327429590541109e-15,
    "r2_test": 1.0
}