{
    "dataset": "feynman_testing\\feynman_III_17_37\\feynman_III_17_37",
    "algorithm": "BART_GSE",
    "opt": [
        "u",
        "b",
        "b"
    ],
    "random_state": 21575,
    "process_time": 58.140625,
    "time_time": 161.56053924560547,
    "target_noise": 0.0,
    "feature_noise": 0.0,
    "n": 100,
    "p": 3,
    "p0": 3,
    "true_model": " beta*(1+alpha*cos(theta))",
    "symbolic_model": "0.73953352618787+0.454435029044801*(x_1+(x_2*cos(x_3)))+0.0871293170664217*(x_1*(x_1+cos(x_3)))+0.603446170929524*(x_1*(x_2*cos(x_3)))+0.0524576386072198*((x_1*x_2)*(x_1*cos(x_3)))+0.011444726124142*((x_1*x_2)*(x_2*cos(x_3)))",
    "TP": 3,
    "FP": 0,
    "TN": 0,
    "FN": 0,
    "F1": 1.0,
    "selected_name": [
        "beta",
        "alpha",
        "theta"
    ],
    "selected_idx": [
        1,
        2,
        3
    ],
    "perf_metric_updated": true,
    "failed": "no error",
    "mse_train": 0.00818522176857419,
    "mae_train": 0.06434643668029832,
    "r2_train": 0.999512588382543,
    "mse_test": 0.012123034603097792,
    "mae_test": 0.07760599704217068,
    "r2_test": 0.9995164300375307
}