{
    "dataset": "feynman_testing\\feynman_III_17_37\\feynman_III_17_37",
    "algorithm": "BART_GSE",
    "opt": [
        "u",
        "b",
        "b"
    ],
    "random_state": 11964,
    "process_time": 56.625,
    "time_time": 162.66348838806152,
    "target_noise": 0.0,
    "feature_noise": 0.0,
    "n": 100,
    "p": 3,
    "p0": 3,
    "true_model": " beta*(1+alpha*cos(theta))",
    "symbolic_model": "0.709180749995791+0.79662773748164*(x_1+(x_1*cos(x_3)))+0.7461814098921*(x_1*(x_2*cos(x_3)))-0.340953833320153*(sin(x_2)*(x_1*cos(x_3)))+0.154621129688802*(x_1/x_2)-0.651592373737734*(cos(x_3)/(x_1*cos(x_3)))",
    "TP": 3,
    "FP": 0,
    "TN": 0,
    "FN": 0,
    "F1": 1.0,
    "selected_name": [
        "beta",
        "alpha",
        "theta"
    ],
    "selected_idx": [
        1,
        2,
        3
    ],
    "perf_metric_updated": true,
    "failed": "no error",
    "mse_train": 0.011922086477841692,
    "mae_train": 0.08101129576164792,
    "r2_train": 0.9994938931204443,
    "mse_test": 0.02231816665019336,
    "mae_test": 0.11070008042155902,
    "r2_test": 0.9991237023168997
}