{
    "dataset": "feynman_testing\\feynman_III_17_37\\feynman_III_17_37",
    "algorithm": "BART_GSE",
    "opt": [
        "u",
        "b",
        "b"
    ],
    "random_state": 15795,
    "process_time": 59.046875,
    "time_time": 171.4559121131897,
    "target_noise": 0.0,
    "feature_noise": 0.0,
    "n": 100,
    "p": 3,
    "p0": 3,
    "true_model": " beta*(1+alpha*cos(theta))",
    "symbolic_model": "-0.0968327584523014+0.340548965159859*(x_1+(x_1*cos(x_3)))+0.681561458797359*(x_1-(cos(x_3)/(x_2)**2))+0.818786277733613*(x_1*(x_2*cos(x_3)))+0.0245180457451171*(x_1*((x_2)**2*cos(x_3)))+0.0404322232885693*abs(((x_1*cos(x_3))-(x_2*cos(x_3))))",
    "TP": 3,
    "FP": 0,
    "TN": 0,
    "FN": 0,
    "F1": 1.0,
    "selected_name": [
        "beta",
        "alpha",
        "theta"
    ],
    "selected_idx": [
        1,
        2,
        3
    ],
    "perf_metric_updated": true,
    "failed": "no error",
    "mse_train": 0.0028905578718818265,
    "mae_train": 0.0375324586633878,
    "r2_train": 0.9998764698354897,
    "mse_test": 0.0022886844866130632,
    "mae_test": 0.03541468275300782,
    "r2_test": 0.9999086049459507
}