{
    "dataset": "feynman_testing\\feynman_III_15_14\\feynman_III_15_14",
    "algorithm": "BART_GSE",
    "opt": [
        "u",
        "b",
        "b"
    ],
    "random_state": 21575,
    "process_time": 56.59375,
    "time_time": 165.18807101249695,
    "target_noise": 0.0,
    "feature_noise": 0.0,
    "n": 100,
    "p": 3,
    "p0": 3,
    "true_model": " (h/(2*3.1415926535))**2/(2*E_n*d**2)",
    "symbolic_model": "-0.0111185415977033-0.0049216672644298*(x_2*(1/x_3))-0.000172988304784547*(x_2*(x_2*x_3))+0.0248496988812246*(x_1/(x_2*x_3))+0.00384923000485664*((x_1*(1/x_3))/(x_3/x_1))+0.00677632225067279*abs((x_2-(x_1*(1/x_3))))",
    "TP": 3,
    "FP": 0,
    "TN": 0,
    "FN": 0,
    "F1": 1.0,
    "selected_name": [
        "h",
        "E_n",
        "d"
    ],
    "selected_idx": [
        1,
        2,
        3
    ],
    "perf_metric_updated": true,
    "failed": "no error",
    "mse_train": 3.462953016500779e-06,
    "mae_train": 0.0012657456663101383,
    "r2_train": 0.9922397406898782,
    "mse_test": 4.954001146505615e-06,
    "mae_test": 0.0013279691846546607,
    "r2_test": 0.9833597009440577
}