{
    "dataset": "feynman_testing\\feynman_III_15_14\\feynman_III_15_14",
    "algorithm": "BART_GSE",
    "opt": [
        "u",
        "b",
        "b"
    ],
    "random_state": 11964,
    "process_time": 64.890625,
    "time_time": 174.44837546348572,
    "target_noise": 0.0,
    "feature_noise": 0.0,
    "n": 100,
    "p": 3,
    "p0": 3,
    "true_model": " (h/(2*3.1415926535))**2/(2*E_n*d**2)",
    "symbolic_model": "0.000878983231274354-0.00428531072244299*(((1/x_1)-(1/x_3))*(x_1*(1/x_3)))+0.022710176414193*((x_1/x_2)*(x_1/exp(x_3)))-0.0444799087424141*(((1/x_1)-(1/x_3))/(x_2+exp(x_3)))",
    "TP": 3,
    "FP": 0,
    "TN": 0,
    "FN": 0,
    "F1": 1.0,
    "selected_name": [
        "h",
        "E_n",
        "d"
    ],
    "selected_idx": [
        1,
        2,
        3
    ],
    "perf_metric_updated": true,
    "failed": "no error",
    "mse_train": 4.169338763183165e-06,
    "mae_train": 0.0014366279943522791,
    "r2_train": 0.984333485660718,
    "mse_test": 6.970797955304685e-06,
    "mae_test": 0.0016080604145671702,
    "r2_test": 0.9771801871367243
}