{
    "dataset": "feynman_testing\\feynman_III_15_14\\feynman_III_15_14",
    "algorithm": "BART_GSE",
    "opt": [
        "u",
        "b",
        "b"
    ],
    "random_state": 11284,
    "process_time": 52.53125,
    "time_time": 178.02675008773804,
    "target_noise": 0.0,
    "feature_noise": 0.0,
    "n": 100,
    "p": 3,
    "p0": 3,
    "true_model": " (h/(2*3.1415926535))**2/(2*E_n*d**2)",
    "symbolic_model": "-0.00738114205244098-0.00225347574604997*(x_2*(x_1/x_3))+0.0160936271576605*((x_1/x_3)/x_2)+0.00583118487963327*((x_1/x_3)/(x_3)**2)+0.00383784253968147*((x_1/x_3)/(sqrt(x_3)/x_1))+0.00257740198937761*abs((x_2-(x_1/x_3)))",
    "TP": 3,
    "FP": 0,
    "TN": 0,
    "FN": 0,
    "F1": 1.0,
    "selected_name": [
        "h",
        "E_n",
        "d"
    ],
    "selected_idx": [
        1,
        2,
        3
    ],
    "perf_metric_updated": true,
    "failed": "no error",
    "mse_train": 7.100061102004731e-07,
    "mae_train": 0.0006979136286834331,
    "r2_train": 0.996273896295317,
    "mse_test": 8.512021492641318e-06,
    "mae_test": 0.0010691083626760357,
    "r2_test": 0.9728010243345876
}