{
    "dataset": "feynman_testing\\feynman_I_34_8\\feynman_I_34_8",
    "algorithm": "RF",
    "opt": [
        "b",
        "b"
    ],
    "random_state": 11964,
    "process_time": 0.390625,
    "time_time": 6.1174821853637695,
    "target_noise": 0.0,
    "feature_noise": 0.0,
    "n": 100,
    "p": 4,
    "p0": 4,
    "true_model": " q*v*B/p",
    "symbolic_model": "0+1*((x_2*x_3)*(x_1/x_4))",
    "TP": 4,
    "FP": 0,
    "TN": 0,
    "FN": 0,
    "F1": 1.0,
    "selected_name": [
        "q",
        "v",
        "B",
        "p"
    ],
    "selected_idx": [
        1,
        2,
        3,
        4
    ],
    "perf_metric_updated": true,
    "failed": "no error",
    "mse_train": 2.3515450546572598e-29,
    "mae_train": 2.5690560789826123e-15,
    "r2_train": 1.0,
    "mse_test": 1.6031097949104613e-29,
    "mae_test": 2.2498580776186827e-15,
    "r2_test": 1.0
}