{
    "dataset": "feynman_testing\\feynman_I_34_8\\feynman_I_34_8",
    "algorithm": "RF",
    "opt": [
        "b",
        "b"
    ],
    "random_state": 22118,
    "process_time": 0.8125,
    "time_time": 5.697420835494995,
    "target_noise": 0.0,
    "feature_noise": 0.0,
    "n": 100,
    "p": 4,
    "p0": 4,
    "true_model": " q*v*B/p",
    "symbolic_model": "-1.4210854715202e-15+1*((x_2*x_3)*(x_1/x_4))",
    "TP": 4,
    "FP": 0,
    "TN": 0,
    "FN": 0,
    "F1": 1.0,
    "selected_name": [
        "q",
        "v",
        "B",
        "p"
    ],
    "selected_idx": [
        1,
        2,
        3,
        4
    ],
    "perf_metric_updated": true,
    "failed": "no error",
    "mse_train": 1.3759706339317498e-29,
    "mae_train": 2.5801583092288636e-15,
    "r2_train": 1.0,
    "mse_test": 1.8413002562218336e-29,
    "mae_test": 2.7818858328032546e-15,
    "r2_test": 1.0
}