{
    "dataset": "feynman_testing\\feynman_II_6_11\\feynman_II_6_11",
    "algorithm": "RF",
    "opt": [
        "u",
        "b",
        "b"
    ],
    "random_state": 22118,
    "process_time": 83.9375,
    "time_time": 431.16820311546326,
    "target_noise": 0.0,
    "feature_noise": 0.0,
    "n": 100,
    "p": 4,
    "p0": 4,
    "true_model": " 1/(4*3.1415926535*epsilon)*p_d*cos(theta)/r**2",
    "symbolic_model": "-0.000431920164830143+0.00399043389580487*(exp(x_2)*(cos(x_3)/(x_4)**2))+0.000511483867031731*(x_1/(sqrt(x_4)-log(x_3)))+0.0933733393016064*((cos(x_3)/(x_4)**2)/x_1)-0.000201707025053065*(exp(x_2)/(sqrt(x_4)-log(x_3)))+0.000226434846346538*abs((exp(x_2)-(exp(x_3)*sin(x_4))))",
    "TP": 4,
    "FP": 0,
    "TN": 0,
    "FN": 0,
    "F1": 1.0,
    "selected_name": [
        "epsilon",
        "p_d",
        "theta",
        "r"
    ],
    "selected_idx": [
        1,
        2,
        3,
        4
    ],
    "perf_metric_updated": true,
    "failed": "no error",
    "mse_train": 2.1060352110237074e-06,
    "mae_train": 0.0009646819418595891,
    "r2_train": 0.9940921152961113,
    "mse_test": 0.007678404664335893,
    "mae_test": 0.004408586108277358,
    "r2_test": -17.124471526682655
}