{
    "dataset": "feynman_testing\\feynman_II_6_11\\feynman_II_6_11",
    "algorithm": "RF",
    "opt": [
        "u",
        "b",
        "b"
    ],
    "random_state": 15795,
    "process_time": 108.84375,
    "time_time": 573.3060810565948,
    "target_noise": 0.0,
    "feature_noise": 0.0,
    "n": 100,
    "p": 4,
    "p0": 4,
    "true_model": " 1/(4*3.1415926535*epsilon)*p_d*cos(theta)/r**2",
    "symbolic_model": "-8.30533577618619e-18-7.83350379375686e-18*((x_2+cos(x_1))*(cos(x_3)/(x_4)**2))+0.0795774715459475*((x_2*(1/x_1))*(cos(x_3)/(x_4)**2))",
    "TP": 4,
    "FP": 0,
    "TN": 0,
    "FN": 0,
    "F1": 1.0,
    "selected_name": [
        "epsilon",
        "p_d",
        "theta",
        "r"
    ],
    "selected_idx": [
        1,
        2,
        3,
        4
    ],
    "perf_metric_updated": true,
    "failed": "no error",
    "mse_train": 2.5628277124410065e-33,
    "mae_train": 4.043315161850192e-17,
    "r2_train": 1.0,
    "mse_test": 2.6485400138316194e-33,
    "mae_test": 4.0582292123067756e-17,
    "r2_test": 1.0
}