{
    "dataset": "feynman_testing\\feynman_I_18_12\\feynman_I_18_12",
    "algorithm": "RF",
    "opt": [
        "u",
        "b",
        "b"
    ],
    "random_state": 11964,
    "process_time": 46.296875,
    "time_time": 230.83461833000183,
    "target_noise": 0.0,
    "feature_noise": 0.0,
    "n": 100,
    "p": 3,
    "p0": 3,
    "true_model": " r*F*sin(theta)",
    "symbolic_model": "3.5527136788005e-16+1*(x_1*(x_2*sin(x_3)))",
    "TP": 3,
    "FP": 0,
    "TN": 0,
    "FN": 0,
    "F1": 1.0,
    "selected_name": [
        "r",
        "F",
        "theta"
    ],
    "selected_idx": [
        1,
        2,
        3
    ],
    "perf_metric_updated": true,
    "failed": "no error",
    "mse_train": 4.9172843340094906e-30,
    "mae_train": 1.5104584250025255e-15,
    "r2_train": 1.0,
    "mse_test": 6.870281952381973e-30,
    "mae_test": 1.5641232327041932e-15,
    "r2_test": 1.0
}