{
    "dataset": "feynman_testing\\feynman_I_24_6\\feynman_I_24_6",
    "algorithm": "RF",
    "opt": [
        "u",
        "b",
        "b"
    ],
    "random_state": 21575,
    "process_time": 1316.453125,
    "time_time": 2793.8439495563507,
    "target_noise": 0.0,
    "feature_noise": 0.0,
    "n": 200,
    "p": 4,
    "p0": 4,
    "true_model": " 1/2*m*(omega**2+omega_0**2)*1/2*x**2",
    "symbolic_model": "-4.01943669423046e-15+0.25*(((x_2)**2+(x_3)**2)*(x_1*(x_4)**2))",
    "TP": 4,
    "FP": 0,
    "TN": 0,
    "FN": 0,
    "F1": 1.0,
    "selected_name": [
        "m",
        "omega",
        "omega_0",
        "x"
    ],
    "selected_idx": [
        1,
        2,
        3,
        4
    ],
    "perf_metric_updated": true,
    "failed": "no error",
    "mse_train": 6.734702763098083e-29,
    "mae_train": 5.981881656680344e-15,
    "r2_train": 1.0,
    "mse_test": 8.10038507310394e-29,
    "mae_test": 6.332845359224848e-15,
    "r2_test": 1.0
}