{
    "dataset": "feynman_testing\\feynman_I_24_6\\feynman_I_24_6",
    "algorithm": "RF",
    "opt": [
        "u",
        "b",
        "b"
    ],
    "random_state": 15795,
    "process_time": 985.71875,
    "time_time": 1947.3818321228027,
    "target_noise": 0.0,
    "feature_noise": 0.0,
    "n": 200,
    "p": 4,
    "p0": 4,
    "true_model": " 1/2*m*(omega**2+omega_0**2)*1/2*x**2",
    "symbolic_model": "-1.56718464130165+0.475954138361712*((x_1+x_3)*(x_4*sqrt(x_2)))+0.0811369601370082*((exp(x_2)+exp(x_3))*(x_1*(x_4)**2))+0.585424010668455*(((x_4)**2*log(x_2))*abs((log(x_4)-cos(x_1))))-0.0558768169635462*(((x_4)**2*exp(x_1))*(log(x_4)*cos(x_3)))+0.040358078572975*abs((((x_3)**2*(x_4)**2)-(exp(x_4)/sin(x_3))))",
    "TP": 4,
    "FP": 0,
    "TN": 0,
    "FN": 0,
    "F1": 1.0,
    "selected_name": [
        "m",
        "omega",
        "omega_0",
        "x"
    ],
    "selected_idx": [
        1,
        2,
        3,
        4
    ],
    "perf_metric_updated": true,
    "failed": "no error",
    "mse_train": 0.11720210194079866,
    "mae_train": 0.25847285646068097,
    "r2_train": 0.9994434554667697,
    "mse_test": 0.13087343663607115,
    "mae_test": 0.25731065034985195,
    "r2_test": 0.9993700348962588
}