{
    "dataset": "feynman_testing\\feynman_I_24_6\\feynman_I_24_6",
    "algorithm": "RF",
    "opt": [
        "u",
        "b",
        "b"
    ],
    "random_state": 11964,
    "process_time": 852.96875,
    "time_time": 1763.8788862228394,
    "target_noise": 0.0,
    "feature_noise": 0.0,
    "n": 200,
    "p": 4,
    "p0": 4,
    "true_model": " 1/2*m*(omega**2+omega_0**2)*1/2*x**2",
    "symbolic_model": "-0.00159016798989863-0.479721521814291*((log(x_2)+log(x_3))*(x_1*(x_4)**2))+0.0681854739653363*((exp(x_2)+exp(x_3))*(x_1*(x_4)**2))-0.137108580898706*((cos(x_2)+cos(x_3))*(x_1*(x_4)**2))+0.317274099469773*((x_2-cos(x_3))*(x_1*(x_4)**2))+0.324355452342954*((x_3-cos(x_2))*(x_1*(x_4)**2))",
    "TP": 4,
    "FP": 0,
    "TN": 0,
    "FN": 0,
    "F1": 1.0,
    "selected_name": [
        "m",
        "omega",
        "omega_0",
        "x"
    ],
    "selected_idx": [
        1,
        2,
        3,
        4
    ],
    "perf_metric_updated": true,
    "failed": "no error",
    "mse_train": 0.0013540929646970678,
    "mae_train": 0.02570631691978518,
    "r2_train": 0.999993493044777,
    "mse_test": 0.0019762118532982067,
    "mae_test": 0.03053341158847003,
    "r2_test": 0.9999907569695543
}