{
    "dataset": "feynman_testing\\feynman_II_36_38\\feynman_II_36_38",
    "algorithm": "RF",
    "opt": [
        "a",
        "a",
        "a",
        "a"
    ],
    "random_state": 11964,
    "process_time": 811.140625,
    "time_time": 1314.357246875763,
    "target_noise": 0.0,
    "feature_noise": 0.0,
    "n": 200,
    "p": 8,
    "p0": 8,
    "true_model": " mom*H/(kb*T)+(mom*alpha)/(epsilon*c**2*kb*T)*M",
    "symbolic_model": "-0.00750183880564261+0.643115909197403*(((x_1/x_3)*(x_2/x_4))+((x_1/x_4)/((x_3/x_8)*(x_6*x_7))))+0.358567067287803*(((x_1/x_3)*(x_2/x_4))-(((x_1/x_4)-(x_3/x_2))/((x_3/x_8)*(x_6*x_7))))+0.374013039858941*((x_5/x_7)*((x_1/x_4)/((x_3/x_8)*(x_6*x_7))))-0.331550573176095*(((x_3/x_1)-(x_5/x_7))*((x_1/x_4)/((x_3/x_8)*(x_6*x_7))))-0.278515915004421*(((x_4/x_2)-(x_5/x_7))*((x_1/x_4)/((x_3/x_8)*(x_6*x_7))))",
    "TP": 8,
    "FP": 0,
    "TN": 0,
    "FN": 0,
    "F1": 1.0,
    "selected_name": [
        "mom",
        "H",
        "kb",
        "T",
        "alpha",
        "epsilon",
        "c",
        "M"
    ],
    "selected_idx": [
        1,
        2,
        3,
        4,
        5,
        6,
        7,
        8
    ],
    "perf_metric_updated": true,
    "failed": "no error",
    "mse_train": 0.0005909016719359532,
    "mae_train": 0.014444834390626242,
    "r2_train": 0.9995249904006697,
    "mse_test": 0.0006312269832839728,
    "mae_test": 0.014836360249429787,
    "r2_test": 0.9994922352862595
}