{
    "dataset": "feynman_testing\\feynman_I_43_31\\feynman_I_43_31",
    "algorithm": "BART_GSE",
    "opt": [
        "b",
        "b"
    ],
    "random_state": 22118,
    "process_time": 18.203125,
    "time_time": 57.98099422454834,
    "target_noise": 0.0,
    "feature_noise": 0.0,
    "n": 100,
    "p": 3,
    "p0": 3,
    "true_model": " mob*kb*T",
    "symbolic_model": "5.6843418860808e-15+1*(x_1*(x_2*x_3))",
    "TP": 3,
    "FP": 0,
    "TN": 0,
    "FN": 0,
    "F1": 1.0,
    "selected_name": [
        "mob",
        "T",
        "kb"
    ],
    "selected_idx": [
        1,
        2,
        3
    ],
    "perf_metric_updated": true,
    "failed": "no error",
    "mse_train": 7.680349773231771e-29,
    "mae_train": 6.998845947236987e-15,
    "r2_train": 1.0,
    "mse_test": 1.1186288633040492e-28,
    "mae_test": 8.152465369448692e-15,
    "r2_test": 1.0
}