{
    "dataset": "feynman_testing\\feynman_I_43_31\\feynman_I_43_31",
    "algorithm": "BART_GSE",
    "opt": [
        "b",
        "b"
    ],
    "random_state": 11284,
    "process_time": 23.96875,
    "time_time": 74.50392770767212,
    "target_noise": 0.0,
    "feature_noise": 0.0,
    "n": 100,
    "p": 3,
    "p0": 3,
    "true_model": " mob*kb*T",
    "symbolic_model": "1.13686837721616e-14+1*(x_1*(x_2*x_3))",
    "TP": 3,
    "FP": 0,
    "TN": 0,
    "FN": 0,
    "F1": 1.0,
    "selected_name": [
        "mob",
        "T",
        "kb"
    ],
    "selected_idx": [
        1,
        2,
        3
    ],
    "perf_metric_updated": true,
    "failed": "no error",
    "mse_train": 2.0240001460481804e-28,
    "mae_train": 1.2518874825673266e-14,
    "r2_train": 1.0,
    "mse_test": 2.226616367705597e-28,
    "mae_test": 1.2841399055218972e-14,
    "r2_test": 1.0
}