{
    "dataset": "feynman_testing\\feynman_I_43_31\\feynman_I_43_31",
    "algorithm": "BART_GSE",
    "opt": [
        "b",
        "b"
    ],
    "random_state": 11964,
    "process_time": 23.890625,
    "time_time": 77.48527097702026,
    "target_noise": 0.0,
    "feature_noise": 0.0,
    "n": 100,
    "p": 3,
    "p0": 3,
    "true_model": " mob*kb*T",
    "symbolic_model": "5.6843418860808e-15+1*(x_1*(x_2*x_3))",
    "TP": 3,
    "FP": 0,
    "TN": 0,
    "FN": 0,
    "F1": 1.0,
    "selected_name": [
        "mob",
        "T",
        "kb"
    ],
    "selected_idx": [
        1,
        2,
        3
    ],
    "perf_metric_updated": true,
    "failed": "no error",
    "mse_train": 9.700425336276477e-29,
    "mae_train": 8.175682353339653e-15,
    "r2_train": 1.0,
    "mse_test": 1.1140648296508025e-28,
    "mae_test": 8.14287304251593e-15,
    "r2_test": 1.0
}