{
    "dataset": "feynman_testing\\feynman_I_43_31\\feynman_I_43_31",
    "algorithm": "RF",
    "opt": [
        "b",
        "b"
    ],
    "random_state": 15795,
    "process_time": 0.65625,
    "time_time": 3.781688928604126,
    "target_noise": 0.0,
    "feature_noise": 0.0,
    "n": 100,
    "p": 3,
    "p0": 3,
    "true_model": " mob*kb*T",
    "symbolic_model": "-2.8421709430404e-15+1*(x_1*(x_2*x_3))",
    "TP": 3,
    "FP": 0,
    "TN": 0,
    "FN": 0,
    "F1": 1.0,
    "selected_name": [
        "mob",
        "T",
        "kb"
    ],
    "selected_idx": [
        1,
        2,
        3
    ],
    "perf_metric_updated": true,
    "failed": "no error",
    "mse_train": 6.693484780800285e-29,
    "mae_train": 5.480060849549773e-15,
    "r2_train": 1.0,
    "mse_test": 7.243837732847477e-29,
    "mae_test": 5.76810599284272e-15,
    "r2_test": 1.0
}