{
    "dataset": "feynman_testing\\feynman_II_13_17\\feynman_II_13_17",
    "algorithm": "BART_GSE",
    "opt": [
        "u",
        "b",
        "b"
    ],
    "random_state": 15795,
    "process_time": 1066.84375,
    "time_time": 1301.8994748592377,
    "target_noise": 0.0,
    "feature_noise": 0.0,
    "n": 500,
    "p": 4,
    "p0": 4,
    "true_model": " 1/(4*3.1415926535*epsilon*c**2)*2*I/r",
    "symbolic_model": "0.000305883779831647+0.120147913855234*((log(x_3)/sqrt(x_1))*((1/x_4)/(x_2)**2))+0.0222235485204348*(((1/x_4)/(x_2)**2)*abs((sin(x_3)-(1/x_2))))+0.0479699193160813*(((1/x_4)/(x_2)**2)/(sqrt(x_1)-cos(x_2)))+0.407262565629644*((x_3/exp(x_2))/(x_4*exp(x_1)))+0.00809245388141046*(((1/x_2)/exp(x_1))/(x_4/(x_3)**2))",
    "TP": 4,
    "FP": 0,
    "TN": 0,
    "FN": 0,
    "F1": 1.0,
    "selected_name": [
        "epsilon",
        "c",
        "I",
        "r"
    ],
    "selected_idx": [
        1,
        2,
        3,
        4
    ],
    "perf_metric_updated": true,
    "failed": "no error",
    "mse_train": 9.959316170162237e-07,
    "mae_train": 0.0005434011729457087,
    "r2_train": 0.9985469342847854,
    "mse_test": 1.5677320433596247e-06,
    "mae_test": 0.0005719806422538348,
    "r2_test": 0.9974446844317407
}