{
    "dataset": "feynman_testing\\feynman_II_13_17\\feynman_II_13_17",
    "algorithm": "BART_GSE",
    "opt": [
        "u",
        "b",
        "b"
    ],
    "random_state": 11284,
    "process_time": 1911.96875,
    "time_time": 2615.4639794826508,
    "target_noise": 0.0,
    "feature_noise": 0.0,
    "n": 500,
    "p": 4,
    "p0": 4,
    "true_model": " 1/(4*3.1415926535*epsilon*c**2)*2*I/r",
    "symbolic_model": "-0.000364882505770573+0.000180227117965257*((exp(x_3)-exp(x_4))*((1/x_1)/(x_2)**2))+0.055599570486696*(((1/x_1)/(x_2)**2)*((x_3)**2/exp(x_4)))+0.0758866927687488*((log(x_3)/(x_2)**2)/x_1)+0.152206089304267*(((1/x_1)/(x_2)**2)/x_4)+0.012490554956096*(abs((log(x_2)-cos(x_3)))/((x_2)**2*(x_4)**2))",
    "TP": 4,
    "FP": 0,
    "TN": 0,
    "FN": 0,
    "F1": 1.0,
    "selected_name": [
        "epsilon",
        "c",
        "I",
        "r"
    ],
    "selected_idx": [
        1,
        2,
        3,
        4
    ],
    "perf_metric_updated": true,
    "failed": "no error",
    "mse_train": 3.749966256055882e-07,
    "mae_train": 0.00037780370721444604,
    "r2_train": 0.9991498337630397,
    "mse_test": 7.525616788804724e-07,
    "mae_test": 0.000441412727182789,
    "r2_test": 0.9988555626133921
}