{
    "dataset": "feynman_testing\\feynman_II_13_17\\feynman_II_13_17",
    "algorithm": "BART_GSE",
    "opt": [
        "u",
        "b",
        "b"
    ],
    "random_state": 21575,
    "process_time": 981.703125,
    "time_time": 1261.9541993141174,
    "target_noise": 0.0,
    "feature_noise": 0.0,
    "n": 500,
    "p": 4,
    "p0": 4,
    "true_model": " 1/(4*3.1415926535*epsilon*c**2)*2*I/r",
    "symbolic_model": "-0.000285119054962062+0.0160693266791209*(((1/x_3)/sqrt(x_4))/((x_2)**2+sin(x_3)))+0.303790894069322*((log(x_3)/(x_2)**2)/(x_1*x_4))+0.248279370922701*(((1/x_2)/exp(x_2))/(x_1*x_4))+0.0035835396070481*(((1/x_1)*(1/x_2))/(x_4/(x_3)**2))+0.000825597110332586*(((1/x_2)/(x_1)**2)/(exp(x_2)/exp(x_3)))",
    "TP": 4,
    "FP": 0,
    "TN": 0,
    "FN": 0,
    "F1": 1.0,
    "selected_name": [
        "epsilon",
        "c",
        "I",
        "r"
    ],
    "selected_idx": [
        1,
        2,
        3,
        4
    ],
    "perf_metric_updated": true,
    "failed": "no error",
    "mse_train": 6.415868397557313e-07,
    "mae_train": 0.0004843417138822981,
    "r2_train": 0.9989158728792009,
    "mse_test": 3.8378030792402066e-05,
    "mae_test": 0.000638403857893568,
    "r2_test": 0.9364438981372052
}