{
    "dataset": "feynman_testing\\feynman_II_13_17\\feynman_II_13_17",
    "algorithm": "BART_GSE",
    "opt": [
        "u",
        "b",
        "b"
    ],
    "random_state": 11964,
    "process_time": 1361.328125,
    "time_time": 1929.283588886261,
    "target_noise": 0.0,
    "feature_noise": 0.0,
    "n": 500,
    "p": 4,
    "p0": 4,
    "true_model": " 1/(4*3.1415926535*epsilon*c**2)*2*I/r",
    "symbolic_model": "0.000481482803098341+0.0516259392433664*(((1/x_1)+(1/x_4))/((x_2)**2/log(x_3)))-0.0128750002131658*((x_2-(x_3)**2)/(exp(x_2)*exp(x_4)))+0.0263756966728465*((sqrt(x_1)/exp(x_4))/((x_2)**2-sin(x_1)))+0.890484335800565*((x_3/exp(x_1))/(exp(x_2)*exp(x_4)))+0.159153277872937*(((1/x_4)/(x_1)**2)/((x_2)**2/log(x_3)))",
    "TP": 4,
    "FP": 0,
    "TN": 0,
    "FN": 0,
    "F1": 1.0,
    "selected_name": [
        "epsilon",
        "c",
        "I",
        "r"
    ],
    "selected_idx": [
        1,
        2,
        3,
        4
    ],
    "perf_metric_updated": true,
    "failed": "no error",
    "mse_train": 3.399070281734009e-06,
    "mae_train": 0.001101351335691362,
    "r2_train": 0.9965292812802307,
    "mse_test": 8.212351306416744e-06,
    "mae_test": 0.0011752708565564692,
    "r2_test": 0.9858473873507103
}