{
    "dataset": "feynman_testing\\feynman_I_50_26\\feynman_I_50_26",
    "algorithm": "RF",
    "opt": [
        "a",
        "a",
        "a",
        "a"
    ],
    "random_state": 21575,
    "process_time": 289.515625,
    "time_time": 535.608006477356,
    "target_noise": 0.0,
    "feature_noise": 0.0,
    "n": 200,
    "p": 4,
    "p0": 4,
    "true_model": " x1*(cos(omega*t)+alpha*cos(omega*t)**2)",
    "symbolic_model": "-1.10879888217717e-15+1.16075877320259e-15*((cos((x_2*x_3))*((x_1*x_4)+(x_4/x_3)))*((1/x_4)+cos((x_2*x_3))))+0.999999999999999*(((1/x_4)+cos((x_2*x_3)))*((x_1*x_4)*cos((x_2*x_3))))",
    "TP": 4,
    "FP": 0,
    "TN": 0,
    "FN": 0,
    "F1": 1.0,
    "selected_name": [
        "x1",
        "omega",
        "t",
        "alpha"
    ],
    "selected_idx": [
        1,
        2,
        3,
        4
    ],
    "perf_metric_updated": true,
    "failed": "no error",
    "mse_train": 7.414007748295e-30,
    "mae_train": 1.6953018849852341e-15,
    "r2_train": 1.0,
    "mse_test": 7.919194334469178e-30,
    "mae_test": 1.6766033950818538e-15,
    "r2_test": 1.0
}