{
    "dataset": "feynman_testing\\feynman_I_50_26\\feynman_I_50_26",
    "algorithm": "RF",
    "opt": [
        "a",
        "a",
        "a",
        "a"
    ],
    "random_state": 15795,
    "process_time": 698.859375,
    "time_time": 1365.4335718154907,
    "target_noise": 0.0,
    "feature_noise": 0.0,
    "n": 200,
    "p": 4,
    "p0": 4,
    "true_model": " x1*(cos(omega*t)+alpha*cos(omega*t)**2)",
    "symbolic_model": "0.0110566349620398+0.161106563560906*(((x_1*x_3)*cos((x_2*x_3)))-((x_3+x_4)*cos((x_2*x_3))))+0.0910592282077198*((cos((x_2*x_3))*((x_2+x_4)-(x_2/x_1)))*((x_3+x_4)*cos((x_2*x_3))))+0.203149182294202*(((x_1*x_4)*cos((x_2*x_3)))*((x_2/x_4)+cos((x_2*x_3))))+0.332832583628172*((cos((x_2*x_3))*((x_1*x_4)-(x_1/x_3)))*(cos((x_2*x_3))+((x_3/x_1)/(x_1*x_4))))+0.184654538980782*((cos((x_2*x_3))+((x_3+x_4)/(x_1*x_4)))/(((x_3/x_1)/(x_1*x_4))/cos((x_2*x_3))))",
    "TP": 4,
    "FP": 0,
    "TN": 0,
    "FN": 0,
    "F1": 1.0,
    "selected_name": [
        "x1",
        "omega",
        "t",
        "alpha"
    ],
    "selected_idx": [
        1,
        2,
        3,
        4
    ],
    "perf_metric_updated": true,
    "failed": "no error",
    "mse_train": 0.011247077103286283,
    "mae_train": 0.07540866978274142,
    "r2_train": 0.9970673334146335,
    "mse_test": 0.01223166355317559,
    "mae_test": 0.0845540690741742,
    "r2_test": 0.9968647910216412
}