{
    "dataset": "feynman_testing\\feynman_I_50_26\\feynman_I_50_26",
    "algorithm": "RF",
    "opt": [
        "a",
        "a",
        "a",
        "a"
    ],
    "random_state": 11964,
    "process_time": 310.21875,
    "time_time": 607.6251230239868,
    "target_noise": 0.0,
    "feature_noise": 0.0,
    "n": 200,
    "p": 4,
    "p0": 4,
    "true_model": " x1*(cos(omega*t)+alpha*cos(omega*t)**2)",
    "symbolic_model": "2.51214793389404e-16+1*(((1/x_4)+cos((x_2*x_3)))*((x_1*x_4)*cos((x_2*x_3))))",
    "TP": 4,
    "FP": 0,
    "TN": 0,
    "FN": 0,
    "F1": 1.0,
    "selected_name": [
        "x1",
        "omega",
        "t",
        "alpha"
    ],
    "selected_idx": [
        1,
        2,
        3,
        4
    ],
    "perf_metric_updated": true,
    "failed": "no error",
    "mse_train": 8.770440660457157e-30,
    "mae_train": 1.5704993729104277e-15,
    "r2_train": 1.0,
    "mse_test": 6.787726625189129e-30,
    "mae_test": 1.3035536100153039e-15,
    "r2_test": 1.0
}