{
    "dataset": "feynman_testing\\feynman_I_50_26\\feynman_I_50_26",
    "algorithm": "RF",
    "opt": [
        "a",
        "a",
        "a",
        "a"
    ],
    "random_state": 22118,
    "process_time": 273.546875,
    "time_time": 544.1879076957703,
    "target_noise": 0.0,
    "feature_noise": 0.0,
    "n": 200,
    "p": 4,
    "p0": 4,
    "true_model": " x1*(cos(omega*t)+alpha*cos(omega*t)**2)",
    "symbolic_model": "5.02429586778808e-16+1*(((x_1*x_4)*cos((x_2*x_3)))*((1/x_4)+cos((x_2*x_3))))",
    "TP": 4,
    "FP": 0,
    "TN": 0,
    "FN": 0,
    "F1": 1.0,
    "selected_name": [
        "x1",
        "omega",
        "t",
        "alpha"
    ],
    "selected_idx": [
        1,
        2,
        3,
        4
    ],
    "perf_metric_updated": true,
    "failed": "no error",
    "mse_train": 6.423157763058068e-30,
    "mae_train": 1.4458226282876297e-15,
    "r2_train": 1.0,
    "mse_test": 6.944644568108559e-30,
    "mae_test": 1.4366723278700851e-15,
    "r2_test": 1.0
}