{
    "dataset": "feynman_testing\\feynman_I_50_26\\feynman_I_50_26",
    "algorithm": "RF",
    "opt": [
        "a",
        "a",
        "a",
        "a"
    ],
    "random_state": 11284,
    "process_time": 310.6875,
    "time_time": 489.85535073280334,
    "target_noise": 0.0,
    "feature_noise": 0.0,
    "n": 200,
    "p": 4,
    "p0": 4,
    "true_model": " x1*(cos(omega*t)+alpha*cos(omega*t)**2)",
    "symbolic_model": "-0.00739418759810188-0.0578378333867691*((x_2/x_4)-(cos((x_2*x_3))*((x_1*x_3)*log(x_2))))+0.0315306681005754*((cos((x_2*x_3))*((x_1*x_2)+(x_3*x_4)))*((x_1/x_3)+cos((x_2*x_3))))+0.916140507010297*(((x_1*x_4)*cos((x_2*x_3)))*(cos((x_2*x_3))+(sqrt(x_2)/(x_2*x_4))))+0.205195596336422*((cos((x_2*x_3))*((x_1*x_3)*log(x_2)))/(x_3*x_4))+0.0126780931830275*abs(((cos((x_2*x_3))*(x_4*(x_1*x_4)))-(sin((x_2+x_3))*(x_1+(x_2*x_3)))))",
    "TP": 4,
    "FP": 0,
    "TN": 0,
    "FN": 0,
    "F1": 1.0,
    "selected_name": [
        "x1",
        "omega",
        "t",
        "alpha"
    ],
    "selected_idx": [
        1,
        2,
        3,
        4
    ],
    "perf_metric_updated": true,
    "failed": "no error",
    "mse_train": 0.0011612998040606748,
    "mae_train": 0.026120237294066505,
    "r2_train": 0.999750394336552,
    "mse_test": 0.0019396420767355607,
    "mae_test": 0.03238086413028052,
    "r2_test": 0.9995023894649193
}