{
    "dataset": "feynman_testing\\feynman_II_6_11\\feynman_II_6_11",
    "algorithm": "RF",
    "opt": [
        "u",
        "b",
        "b"
    ],
    "random_state": 11964,
    "process_time": 2771.71875,
    "time_time": 5407.777355194092,
    "target_noise": 0.0,
    "feature_noise": 0.0,
    "n": 200,
    "p": 4,
    "p0": 4,
    "true_model": " 1/(4*3.1415926535*epsilon)*p_d*cos(theta)/r**2",
    "symbolic_model": "9.71087742876259e-18+5.17559779573985e-17*((sqrt(x_2)-log(x_1))*(cos(x_3)/(x_4)**2))+0.0795774715459476*((x_2*cos(x_3))*((1/x_1)/(x_4)**2))",
    "TP": 4,
    "FP": 0,
    "TN": 0,
    "FN": 0,
    "F1": 1.0,
    "selected_name": [
        "epsilon",
        "p_d",
        "theta",
        "r"
    ],
    "selected_idx": [
        1,
        2,
        3,
        4
    ],
    "perf_metric_updated": true,
    "failed": "no error",
    "mse_train": 2.5151733330891444e-33,
    "mae_train": 4.1087196579053795e-17,
    "r2_train": 1.0,
    "mse_test": 2.5537543157856495e-33,
    "mae_test": 4.2004105458337516e-17,
    "r2_test": 1.0
}