{
    "dataset": "feynman_testing\\feynman_II_6_11\\feynman_II_6_11",
    "algorithm": "RF",
    "opt": [
        "u",
        "b",
        "b"
    ],
    "random_state": 11284,
    "process_time": 2839.078125,
    "time_time": 5457.584172010422,
    "target_noise": 0.0,
    "feature_noise": 0.0,
    "n": 200,
    "p": 4,
    "p0": 4,
    "true_model": " 1/(4*3.1415926535*epsilon)*p_d*cos(theta)/r**2",
    "symbolic_model": "1.3738309013483e-17+0.0795774715459475*((x_2*cos(x_3))*((1/x_1)/(x_4)**2))",
    "TP": 4,
    "FP": 0,
    "TN": 0,
    "FN": 0,
    "F1": 1.0,
    "selected_name": [
        "epsilon",
        "p_d",
        "theta",
        "r"
    ],
    "selected_idx": [
        1,
        2,
        3,
        4
    ],
    "perf_metric_updated": true,
    "failed": "no error",
    "mse_train": 2.401803793886186e-33,
    "mae_train": 4.004990309118724e-17,
    "r2_train": 1.0,
    "mse_test": 2.762362430755666e-33,
    "mae_test": 4.050014100637504e-17,
    "r2_test": 1.0
}