{
    "dataset": "feynman_testing\\feynman_I_24_6\\feynman_I_24_6",
    "algorithm": "RF",
    "opt": [
        "u",
        "b",
        "b"
    ],
    "random_state": 22118,
    "process_time": 66.84375,
    "time_time": 449.87297773361206,
    "target_noise": 0.0,
    "feature_noise": 0.0,
    "n": 100,
    "p": 4,
    "p0": 4,
    "true_model": " 1/2*m*(omega**2+omega_0**2)*1/2*x**2",
    "symbolic_model": "-1.98951966012828e-14+0.25*(((x_2)**2+(x_3)**2)*(x_1*(x_4)**2))",
    "TP": 4,
    "FP": 0,
    "TN": 0,
    "FN": 0,
    "F1": 1.0,
    "selected_name": [
        "m",
        "omega",
        "omega_0",
        "x"
    ],
    "selected_idx": [
        1,
        2,
        3,
        4
    ],
    "perf_metric_updated": true,
    "failed": "no error",
    "mse_train": 4.5412663879649085e-28,
    "mae_train": 1.9787504967894164e-14,
    "r2_train": 1.0,
    "mse_test": 4.517639007916646e-28,
    "mae_test": 2.0007426826396113e-14,
    "r2_test": 1.0
}