{
    "dataset": "feynman_testing\\feynman_II_27_16\\feynman_II_27_16",
    "algorithm": "RF",
    "opt": [
        "u",
        "b",
        "b"
    ],
    "random_state": 22118,
    "process_time": 47.609375,
    "time_time": 179.5860288143158,
    "target_noise": 0.0,
    "feature_noise": 0.0,
    "n": 100,
    "p": 3,
    "p0": 3,
    "true_model": " epsilon*c*Ef**2",
    "symbolic_model": "-9.01908774478303+4.69729244277712*(x_2*(x_1*log(x_3)))+0.01966426573175*((x_1)**2*(log(x_2)*exp(x_3)))-2.20540750647919*((x_1*log(x_3))*(x_2*sin(x_3)))+0.227073716144885*((log(x_1)*log(x_2))*(log(x_2)*exp(x_3)))+4.24724263682492*(sqrt(x_2)/((1/x_3)/sqrt(x_1)))",
    "TP": 3,
    "FP": 0,
    "TN": 0,
    "FN": 0,
    "F1": 1.0,
    "selected_name": [
        "epsilon",
        "c",
        "Ef"
    ],
    "selected_idx": [
        1,
        2,
        3
    ],
    "perf_metric_updated": true,
    "failed": "no error",
    "mse_train": 6.869183818044524,
    "mae_train": 1.9265005072244352,
    "r2_train": 0.9992272179722593,
    "mse_test": 9.331365892153675,
    "mae_test": 2.115553418966951,
    "r2_test": 0.9988478656808524
}