{
    "dataset": "feynman_testing\\feynman_II_27_16\\feynman_II_27_16",
    "algorithm": "RF",
    "opt": [
        "u",
        "b",
        "b"
    ],
    "random_state": 21575,
    "process_time": 30.8125,
    "time_time": 126.54546093940735,
    "target_noise": 0.0,
    "feature_noise": 0.0,
    "n": 100,
    "p": 3,
    "p0": 3,
    "true_model": " epsilon*c*Ef**2",
    "symbolic_model": "3.41060513164848e-14+1*(x_1*(x_2*(x_3)**2))",
    "TP": 3,
    "FP": 0,
    "TN": 0,
    "FN": 0,
    "F1": 1.0,
    "selected_name": [
        "epsilon",
        "c",
        "Ef"
    ],
    "selected_idx": [
        1,
        2,
        3
    ],
    "perf_metric_updated": true,
    "failed": "no error",
    "mse_train": 2.784947208137947e-27,
    "mae_train": 4.04121180963557e-14,
    "r2_train": 1.0,
    "mse_test": 3.12365223846941e-27,
    "mae_test": 4.2836774127863464e-14,
    "r2_test": 1.0
}