{
    "dataset": "feynman_testing\\feynman_I_12_4\\feynman_I_12_4",
    "algorithm": "BART_GSE",
    "opt": [
        "u",
        "b",
        "b"
    ],
    "random_state": 21575,
    "process_time": 63.765625,
    "time_time": 182.05221271514893,
    "target_noise": 0.0,
    "feature_noise": 0.0,
    "n": 100,
    "p": 3,
    "p0": 3,
    "true_model": " q1*r/(4*3.1415926535*epsilon*r**3)",
    "symbolic_model": "-4.16333634234434e-17+0.0795774715459476*((x_1/x_2)/(x_3)**2)",
    "TP": 3,
    "FP": 0,
    "TN": 0,
    "FN": 0,
    "F1": 1.0,
    "selected_name": [
        "q1",
        "epsilon",
        "r"
    ],
    "selected_idx": [
        1,
        2,
        3
    ],
    "perf_metric_updated": true,
    "failed": "no error",
    "mse_train": 1.3121836551223451e-33,
    "mae_train": 3.041403934256337e-17,
    "r2_train": 1.0,
    "mse_test": 1.73119266769668e-33,
    "mae_test": 3.1135580225161166e-17,
    "r2_test": 1.0
}