{
    "dataset": "feynman_testing\\feynman_I_12_4\\feynman_I_12_4",
    "algorithm": "RF",
    "opt": [
        "u",
        "b",
        "b"
    ],
    "random_state": 21575,
    "process_time": 44.375,
    "time_time": 240.27329111099243,
    "target_noise": 0.0,
    "feature_noise": 0.0,
    "n": 100,
    "p": 3,
    "p0": 3,
    "true_model": " q1*r/(4*3.1415926535*epsilon*r**3)",
    "symbolic_model": "-0.0186931476493171-0.0399129148588742*(log(x_3)*(1/x_2))+0.0254515009109683*(x_1/exp(x_3))+0.0302756031170605*(log(x_3)/sqrt(x_2))+0.0766046547241245*((1/x_2)/(log(x_3)+(1/x_1)))+0.00311613211520992*abs((log(x_2)-abs((sqrt(x_1)-log(x_3)))))",
    "TP": 3,
    "FP": 0,
    "TN": 0,
    "FN": 0,
    "F1": 1.0,
    "selected_name": [
        "q1",
        "epsilon",
        "r"
    ],
    "selected_idx": [
        1,
        2,
        3
    ],
    "perf_metric_updated": true,
    "failed": "no error",
    "mse_train": 4.629238709432015e-06,
    "mae_train": 0.0013817570075705813,
    "r2_train": 0.9920859207017273,
    "mse_test": 8.22607319361733e-06,
    "mae_test": 0.0014777715745484044,
    "r2_test": 0.9887035427494849
}