{
    "dataset": "feynman_testing\\feynman_I_12_4\\feynman_I_12_4",
    "algorithm": "RF",
    "opt": [
        "u",
        "b",
        "b"
    ],
    "random_state": 11964,
    "process_time": 19.6875,
    "time_time": 124.40545654296875,
    "target_noise": 0.0,
    "feature_noise": 0.0,
    "n": 100,
    "p": 3,
    "p0": 3,
    "true_model": " q1*r/(4*3.1415926535*epsilon*r**3)",
    "symbolic_model": "-6.38378239159465e-17+0.0795774715459477*(x_1*((1/x_2)/(x_3)**2))",
    "TP": 3,
    "FP": 0,
    "TN": 0,
    "FN": 0,
    "F1": 1.0,
    "selected_name": [
        "q1",
        "epsilon",
        "r"
    ],
    "selected_idx": [
        1,
        2,
        3
    ],
    "perf_metric_updated": true,
    "failed": "no error",
    "mse_train": 1.1293726544734242e-33,
    "mae_train": 2.7603787311480942e-17,
    "r2_train": 1.0,
    "mse_test": 1.0750612659426928e-33,
    "mae_test": 2.7268512968470216e-17,
    "r2_test": 1.0
}