{
    "dataset": "feynman_testing\\feynman_II_8_7\\feynman_II_8_7",
    "algorithm": "RF",
    "opt": [
        "u",
        "b",
        "b"
    ],
    "random_state": 11284,
    "process_time": 28.765625,
    "time_time": 34.71494460105896,
    "target_noise": 0.0,
    "feature_noise": 0.0,
    "n": 100,
    "p": 3,
    "p0": 3,
    "true_model": " 3/5*q**2/(4*3.1415926535*epsilon*d)",
    "symbolic_model": "-1.55431223447522e-16+0.0477464829275686*((x_1)**2*((1/x_3)*(1/x_2)))",
    "TP": 3,
    "FP": 0,
    "TN": 0,
    "FN": 0,
    "F1": 1.0,
    "selected_name": [
        "q",
        "epsilon",
        "d"
    ],
    "selected_idx": [
        1,
        2,
        3
    ],
    "perf_metric_updated": true,
    "failed": "no error",
    "mse_train": 2.035942109691992e-32,
    "mae_train": 1.2790549869245993e-16,
    "r2_train": 1.0,
    "mse_test": 1.6468321965392968e-32,
    "mae_test": 1.1884264405903623e-16,
    "r2_test": 1.0
}