{
    "dataset": "feynman_testing\\feynman_II_8_7\\feynman_II_8_7",
    "algorithm": "RF",
    "opt": [
        "u",
        "b",
        "b"
    ],
    "random_state": 15795,
    "process_time": 40.46875,
    "time_time": 43.757248640060425,
    "target_noise": 0.0,
    "feature_noise": 0.0,
    "n": 100,
    "p": 3,
    "p0": 3,
    "true_model": " 3/5*q**2/(4*3.1415926535*epsilon*d)",
    "symbolic_model": "1.11022302462516e-17+0.0477464829275686*((x_1)**2*((1/x_3)*(1/x_2)))",
    "TP": 3,
    "FP": 0,
    "TN": 0,
    "FN": 0,
    "F1": 1.0,
    "selected_name": [
        "q",
        "epsilon",
        "d"
    ],
    "selected_idx": [
        1,
        2,
        3
    ],
    "perf_metric_updated": true,
    "failed": "no error",
    "mse_train": 4.227184890641741e-33,
    "mae_train": 5.692928767286887e-17,
    "r2_train": 1.0,
    "mse_test": 4.7350167239619494e-33,
    "mae_test": 5.700424507426582e-17,
    "r2_test": 1.0
}