{
    "dataset": "feynman_testing\\feynman_II_6_11\\feynman_II_6_11",
    "algorithm": "BART_GSE",
    "opt": [
        "u",
        "b",
        "b"
    ],
    "random_state": 11964,
    "process_time": 113.75,
    "time_time": 237.2388722896576,
    "target_noise": 0.0,
    "feature_noise": 0.0,
    "n": 200,
    "p": 4,
    "p0": 4,
    "true_model": " 1/(4*3.1415926535*epsilon)*p_d*cos(theta)/r**2",
    "symbolic_model": "-0.0173470620821638+0.0284963671877268*((x_3/x_4)*abs((sqrt(x_4)-log(x_3))))+0.0605325776436388*(log(x_3)/(x_1+log(x_4)))+0.0451075325892832*((x_2*cos(x_3))/(x_1+log(x_4)))-0.0309357577640358*((x_3/x_4)/(x_1+log(x_4)))",
    "TP": 4,
    "FP": 0,
    "TN": 0,
    "FN": 0,
    "F1": 1.0,
    "selected_name": [
        "epsilon",
        "p_d",
        "theta",
        "r"
    ],
    "selected_idx": [
        1,
        2,
        3,
        4
    ],
    "perf_metric_updated": true,
    "failed": "no error",
    "mse_train": 3.977113812964294e-05,
    "mae_train": 0.004674039699507815,
    "r2_train": 0.9379914001340625,
    "mse_test": 3.787670048246006e-05,
    "mae_test": 0.00482607920526367,
    "r2_test": 0.9068410817699479
}