{
    "dataset": "feynman_testing\\feynman_II_6_11\\feynman_II_6_11",
    "algorithm": "BART_GSE",
    "opt": [
        "u",
        "b",
        "b"
    ],
    "random_state": 15795,
    "process_time": 114.046875,
    "time_time": 233.12841653823853,
    "target_noise": 0.0,
    "feature_noise": 0.0,
    "n": 200,
    "p": 4,
    "p0": 4,
    "true_model": " 1/(4*3.1415926535*epsilon)*p_d*cos(theta)/r**2",
    "symbolic_model": "0.00720325534109097-0.00250590134501676*(x_2/log(x_4))-0.0137248708911825*(((x_3)**2/x_1)/x_4)+0.00869031910452947*((1/x_3)/log(x_4))+0.00787216425218693*abs((x_2-x_3))-0.00617542227321132*abs((x_3-x_4))",
    "TP": 4,
    "FP": 0,
    "TN": 0,
    "FN": 0,
    "F1": 1.0,
    "selected_name": [
        "epsilon",
        "p_d",
        "theta",
        "r"
    ],
    "selected_idx": [
        1,
        2,
        3,
        4
    ],
    "perf_metric_updated": true,
    "failed": "no error",
    "mse_train": 2.1026576049693055e-05,
    "mae_train": 0.0032557666863514056,
    "r2_train": 0.9435761094607614,
    "mse_test": 0.01676262906346945,
    "mae_test": 0.008641504309330035,
    "r2_test": -41.069110306636624
}