{
    "dataset": "feynman_testing\\feynman_II_6_11\\feynman_II_6_11",
    "algorithm": "BART_GSE",
    "opt": [
        "u",
        "b",
        "b"
    ],
    "random_state": 11284,
    "process_time": 230.703125,
    "time_time": 489.00186347961426,
    "target_noise": 0.0,
    "feature_noise": 0.0,
    "n": 200,
    "p": 4,
    "p0": 4,
    "true_model": " 1/(4*3.1415926535*epsilon)*p_d*cos(theta)/r**2",
    "symbolic_model": "1.57009245868378e-17+0.0795774715459475*((cos(x_3)/x_1)*(x_2/(x_4)**2))",
    "TP": 4,
    "FP": 0,
    "TN": 0,
    "FN": 0,
    "F1": 1.0,
    "selected_name": [
        "epsilon",
        "p_d",
        "theta",
        "r"
    ],
    "selected_idx": [
        1,
        2,
        3,
        4
    ],
    "perf_metric_updated": true,
    "failed": "no error",
    "mse_train": 2.3915997714513218e-33,
    "mae_train": 3.992596523034499e-17,
    "r2_train": 1.0,
    "mse_test": 2.8321746544201987e-33,
    "mae_test": 4.0850009782124105e-17,
    "r2_test": 1.0
}