{
    "dataset": "feynman_testing\\feynman_III_13_18\\feynman_III_13_18",
    "algorithm": "BART_GSE",
    "opt": [
        "u",
        "b",
        "b"
    ],
    "random_state": 15795,
    "process_time": 1249.296875,
    "time_time": 1383.7960984706879,
    "target_noise": 0.0,
    "feature_noise": 0.0,
    "n": 500,
    "p": 4,
    "p0": 4,
    "true_model": " 2*E_n*d**2*k/(h/(2*3.1415926535))",
    "symbolic_model": "-0.472944698645789+1.38845916795554*(((x_3)**2*log(x_1))*((x_2)**2/(x_4)**2))+10.0539734837454*((x_2*(1/x_4))/((1/x_1)*(1/x_2)))+1.13971750285566*((x_2*(1/x_4))/((1/x_2)/(x_3)**2))+16.2812917776666*(((x_2)**2*log(x_3))/(x_4*(1/x_1)))+0.0896084038711154*(((x_1)**2*(x_2)**2)/(sqrt(x_4)/(x_3)**2))",
    "TP": 4,
    "FP": 0,
    "TN": 0,
    "FN": 0,
    "F1": 1.0,
    "selected_name": [
        "E_n",
        "d",
        "k",
        "h"
    ],
    "selected_idx": [
        1,
        2,
        3,
        4
    ],
    "perf_metric_updated": true,
    "failed": "no error",
    "mse_train": 168.81758149384822,
    "mae_train": 8.078126957099487,
    "r2_train": 0.9994495687902771,
    "mse_test": 176.42596575606504,
    "mae_test": 7.877973913734199,
    "r2_test": 0.9994226465388144
}