{
    "dataset": "feynman_testing\\feynman_III_13_18\\feynman_III_13_18",
    "algorithm": "BART_GSE",
    "opt": [
        "u",
        "b",
        "b"
    ],
    "random_state": 11964,
    "process_time": 1734.765625,
    "time_time": 2564.643009185791,
    "target_noise": 0.0,
    "feature_noise": 0.0,
    "n": 500,
    "p": 4,
    "p0": 4,
    "true_model": " 2*E_n*d**2*k/(h/(2*3.1415926535))",
    "symbolic_model": "4.43485208074205+1.36831254156241*(((x_2)**2*(x_3)**2)/x_4)+27.2009219684595*(((x_2)**2*log(x_1))/x_4)+6.02125474249417*((x_1*log(x_3))/(sqrt(x_4)/(x_2)**2))+34.0187969020572*((x_1*log(x_3))/(exp(x_4)/(x_2)**2))+0.116734265687838*(((x_1)**2*(x_3)**2)/(sqrt(x_4)/(x_2)**2))",
    "TP": 4,
    "FP": 0,
    "TN": 0,
    "FN": 0,
    "F1": 1.0,
    "selected_name": [
        "E_n",
        "d",
        "k",
        "h"
    ],
    "selected_idx": [
        1,
        2,
        3,
        4
    ],
    "perf_metric_updated": true,
    "failed": "no error",
    "mse_train": 263.56346682206953,
    "mae_train": 9.975839924636837,
    "r2_train": 0.9989810196852321,
    "mse_test": 332.69705528000975,
    "mae_test": 10.57757543818041,
    "r2_test": 0.9988915578068112
}