{
    "dataset": "feynman_testing\\feynman_III_13_18\\feynman_III_13_18",
    "algorithm": "BART_GSE",
    "opt": [
        "u",
        "b",
        "b"
    ],
    "random_state": 11284,
    "process_time": 1799.78125,
    "time_time": 2447.397851228714,
    "target_noise": 0.0,
    "feature_noise": 0.0,
    "n": 500,
    "p": 4,
    "p0": 4,
    "true_model": " 2*E_n*d**2*k/(h/(2*3.1415926535))",
    "symbolic_model": "-6.08350034085697+42.3966409282808*((x_1*(1/x_4))*(x_2*x_3))-179.368762315153*((log(x_1)*(1/x_4))*(log(x_2)*log(x_3)))+5.83943063974096*((log(x_1)*(1/x_4))*(log(x_3)*exp(x_2)))-92.0389774442857*((log(x_2)*log(x_3))*(sin(x_2)*(1/x_4)))-5.89767088111403*((sin(x_2)*(1/x_4))/((1/x_3)/(x_1)**2))",
    "TP": 4,
    "FP": 0,
    "TN": 0,
    "FN": 0,
    "F1": 1.0,
    "selected_name": [
        "E_n",
        "d",
        "k",
        "h"
    ],
    "selected_idx": [
        1,
        2,
        3,
        4
    ],
    "perf_metric_updated": true,
    "failed": "no error",
    "mse_train": 375.5312487864358,
    "mae_train": 12.188776309431974,
    "r2_train": 0.9989768469179668,
    "mse_test": 445.7738179005042,
    "mae_test": 12.942028410042228,
    "r2_test": 0.9985554811345815
}