{
    "dataset": "feynman_testing\\feynman_III_13_18\\feynman_III_13_18",
    "algorithm": "BART_GSE",
    "opt": [
        "u",
        "b",
        "b"
    ],
    "random_state": 21575,
    "process_time": 921.5625,
    "time_time": 1254.003430366516,
    "target_noise": 0.0,
    "feature_noise": 0.0,
    "n": 500,
    "p": 4,
    "p0": 4,
    "true_model": " 2*E_n*d**2*k/(h/(2*3.1415926535))",
    "symbolic_model": "-39.3888730481909+1.76454139469898*((sqrt(x_1)*(x_2)**2)*((x_3)**2*(1/x_4)))+8.4317347971044*(((x_2)**2*log(x_3))*(x_1/sqrt(x_4)))+46.3101000783631*((x_1*x_2)/x_4)-10.7607246055564*((sin(x_2)-(1/x_2))/((x_4)**2/(x_1)**2))+0.0577392588117935*(((x_3)**2*exp(x_2))/((x_4)**2/(x_1)**2))",
    "TP": 4,
    "FP": 0,
    "TN": 0,
    "FN": 0,
    "F1": 1.0,
    "selected_name": [
        "E_n",
        "d",
        "k",
        "h"
    ],
    "selected_idx": [
        1,
        2,
        3,
        4
    ],
    "perf_metric_updated": true,
    "failed": "no error",
    "mse_train": 451.5798214808769,
    "mae_train": 15.290815076737843,
    "r2_train": 0.9981238894619389,
    "mse_test": 1977.490880030264,
    "mae_test": 19.257252397330863,
    "r2_test": 0.9936877606810084
}