{
    "dataset": "feynman_testing\\feynman_II_34_11\\feynman_II_34_11",
    "algorithm": "RF",
    "opt": [
        "b",
        "b"
    ],
    "random_state": 11284,
    "process_time": 0.625,
    "time_time": 5.594518184661865,
    "target_noise": 0.0,
    "feature_noise": 0.0,
    "n": 100,
    "p": 4,
    "p0": 4,
    "true_model": " g_*q*B/(2*m)",
    "symbolic_model": "7.105427357601e-16+0.5*((x_1*x_3)*(x_2/x_4))",
    "TP": 4,
    "FP": 0,
    "TN": 0,
    "FN": 0,
    "F1": 1.0,
    "selected_name": [
        "g_",
        "q",
        "B",
        "m"
    ],
    "selected_idx": [
        1,
        2,
        3,
        4
    ],
    "perf_metric_updated": true,
    "failed": "no error",
    "mse_train": 2.298820796499715e-30,
    "mae_train": 1.1507461650239748e-15,
    "r2_train": 1.0,
    "mse_test": 4.5328566993069455e-30,
    "mae_test": 1.3949508215205242e-15,
    "r2_test": 1.0
}