{
    "dataset": "feynman_testing\\feynman_III_15_27\\feynman_III_15_27",
    "algorithm": "RF",
    "opt": [
        "b",
        "b"
    ],
    "random_state": 15795,
    "process_time": 0.515625,
    "time_time": 3.967156410217285,
    "target_noise": 0.0,
    "feature_noise": 0.0,
    "n": 100,
    "p": 3,
    "p0": 3,
    "true_model": " 2*3.1415926535*alpha/(n*d)",
    "symbolic_model": "-1.06581410364015e-15+6.28318530717959*(x_1/(x_2*x_3))",
    "TP": 3,
    "FP": 0,
    "TN": 0,
    "FN": 0,
    "F1": 1.0,
    "selected_name": [
        "alpha",
        "n",
        "d"
    ],
    "selected_idx": [
        1,
        2,
        3
    ],
    "perf_metric_updated": true,
    "failed": "no error",
    "mse_train": 3.2318645210773326e-30,
    "mae_train": 1.0302869668521452e-15,
    "r2_train": 1.0,
    "mse_test": 3.782858841692372e-30,
    "mae_test": 1.1509659891828505e-15,
    "r2_test": 1.0
}