{
    "dataset": "feynman_testing\\feynman_III_15_27\\feynman_III_15_27",
    "algorithm": "RF",
    "opt": [
        "b",
        "b"
    ],
    "random_state": 11284,
    "process_time": 0.390625,
    "time_time": 3.333573579788208,
    "target_noise": 0.0,
    "feature_noise": 0.0,
    "n": 100,
    "p": 3,
    "p0": 3,
    "true_model": " 2*3.1415926535*alpha/(n*d)",
    "symbolic_model": "4.2632564145606e-15+6.28318530717958*(x_1/(x_2*x_3))",
    "TP": 3,
    "FP": 0,
    "TN": 0,
    "FN": 0,
    "F1": 1.0,
    "selected_name": [
        "alpha",
        "n",
        "d"
    ],
    "selected_idx": [
        1,
        2,
        3
    ],
    "perf_metric_updated": true,
    "failed": "no error",
    "mse_train": 1.1850940282594641e-29,
    "mae_train": 2.7872149033214555e-15,
    "r2_train": 1.0,
    "mse_test": 9.554329405965193e-30,
    "mae_test": 2.4960500333293113e-15,
    "r2_test": 1.0
}