{
    "dataset": "feynman_testing\\feynman_III_17_37\\feynman_III_17_37",
    "algorithm": "RF",
    "opt": [
        "u",
        "b",
        "b"
    ],
    "random_state": 15795,
    "process_time": 29.15625,
    "time_time": 163.38814640045166,
    "target_noise": 0.0,
    "feature_noise": 0.0,
    "n": 100,
    "p": 3,
    "p0": 3,
    "true_model": " beta*(1+alpha*cos(theta))",
    "symbolic_model": "-1.72771470165338e-15-3.21056384788769e-15*((cos(x_3)+(1/x_2))*(x_2-sin(x_1)))+1*((cos(x_3)+(1/x_2))*(x_1*x_2))",
    "TP": 3,
    "FP": 0,
    "TN": 0,
    "FN": 0,
    "F1": 1.0,
    "selected_name": [
        "beta",
        "alpha",
        "theta"
    ],
    "selected_idx": [
        1,
        2,
        3
    ],
    "perf_metric_updated": true,
    "failed": "no error",
    "mse_train": 3.3110568344605914e-29,
    "mae_train": 4.5019543648550095e-15,
    "r2_train": 1.0,
    "mse_test": 3.4765810391440275e-29,
    "mae_test": 4.5351089493473295e-15,
    "r2_test": 1.0
}