{
    "dataset": "feynman_testing\\feynman_III_17_37\\feynman_III_17_37",
    "algorithm": "RF",
    "opt": [
        "u",
        "b",
        "b"
    ],
    "random_state": 11284,
    "process_time": 21.28125,
    "time_time": 122.02112865447998,
    "target_noise": 0.0,
    "feature_noise": 0.0,
    "n": 100,
    "p": 3,
    "p0": 3,
    "true_model": " beta*(1+alpha*cos(theta))",
    "symbolic_model": "0.00626154898848578+0.862981489404161*(x_1*(cos(x_3)+(1/x_2)))-0.024528591685323*(x_1*(x_2*cos(x_3)))+0.0894934467012219*((cos(x_3)+(1/x_2))*(x_1*(x_2)**2))+1.18973619474681*((cos(x_3)+(1/x_2))/((1/x_1)/log(x_2)))+0.0452237421153675*((sqrt(x_2)*cos(x_3))/((1/x_1)/log(x_2)))",
    "TP": 3,
    "FP": 0,
    "TN": 0,
    "FN": 0,
    "F1": 1.0,
    "selected_name": [
        "beta",
        "alpha",
        "theta"
    ],
    "selected_idx": [
        1,
        2,
        3
    ],
    "perf_metric_updated": true,
    "failed": "no error",
    "mse_train": 0.0024271195676496813,
    "mae_train": 0.034335998247479266,
    "r2_train": 0.9999184625195298,
    "mse_test": 0.002501859075825022,
    "mae_test": 0.03556125965753833,
    "r2_test": 0.9998996218929236
}