{
    "dataset": "feynman_testing\\feynman_III_17_37\\feynman_III_17_37",
    "algorithm": "RF",
    "opt": [
        "u",
        "b",
        "b"
    ],
    "random_state": 21575,
    "process_time": 20.375,
    "time_time": 127.50015163421631,
    "target_noise": 0.0,
    "feature_noise": 0.0,
    "n": 100,
    "p": 3,
    "p0": 3,
    "true_model": " beta*(1+alpha*cos(theta))",
    "symbolic_model": "0.00195007935693706+0.0134397436498311*(exp(x_2)*(cos(x_3)+(1/x_2)))+0.546481837484073*((cos(x_3)+(1/x_2))*(x_1*sqrt(x_2)))+0.820965617398256*((cos(x_3)+(1/x_2))*(x_1*log(x_2)))+1.02701521980746*((cos(x_3)+(1/x_2))*(x_2*log(x_1)))+0.00977703674016206*(((1/x_2)/log(x_1))/abs((cos(x_3)-(1/x_1))))",
    "TP": 3,
    "FP": 0,
    "TN": 0,
    "FN": 0,
    "F1": 1.0,
    "selected_name": [
        "beta",
        "alpha",
        "theta"
    ],
    "selected_idx": [
        1,
        2,
        3
    ],
    "perf_metric_updated": true,
    "failed": "no error",
    "mse_train": 0.014031186106531045,
    "mae_train": 0.0868887272765038,
    "r2_train": 0.9991644743040095,
    "mse_test": 2.3982671255051216,
    "mae_test": 0.1667489294571786,
    "r2_test": 0.9043366630681975
}