{
    "dataset": "feynman_testing\\feynman_I_38_12\\feynman_I_38_12",
    "algorithm": "RF",
    "opt": [
        "u",
        "b",
        "b"
    ],
    "random_state": 11284,
    "process_time": 299.15625,
    "time_time": 733.1088914871216,
    "target_noise": 0.0,
    "feature_noise": 0.0,
    "n": 200,
    "p": 4,
    "p0": 4,
    "true_model": " 4*3.1415926535*epsilon*(h/(2*3.1415926535))**2/(m*q**2)",
    "symbolic_model": "-7.53644380168212e-16+0.318309886183791*((x_4*(1/x_1))*((x_3)**2/(x_2)**2))",
    "TP": 4,
    "FP": 0,
    "TN": 0,
    "FN": 0,
    "F1": 1.0,
    "selected_name": [
        "m",
        "q",
        "h",
        "epsilon"
    ],
    "selected_idx": [
        1,
        2,
        3,
        4
    ],
    "perf_metric_updated": true,
    "failed": "no error",
    "mse_train": 1.4823726751530404e-30,
    "mae_train": 6.92232729471165e-16,
    "r2_train": 1.0,
    "mse_test": 2.7025312011493863e-30,
    "mae_test": 8.275190081785678e-16,
    "r2_test": 1.0
}