{
    "dataset": "feynman_testing\\feynman_I_38_12\\feynman_I_38_12",
    "algorithm": "RF",
    "opt": [
        "u",
        "b",
        "b"
    ],
    "random_state": 21575,
    "process_time": 564.15625,
    "time_time": 1284.3114008903503,
    "target_noise": 0.0,
    "feature_noise": 0.0,
    "n": 200,
    "p": 4,
    "p0": 4,
    "true_model": " 4*3.1415926535*epsilon*(h/(2*3.1415926535))**2/(m*q**2)",
    "symbolic_model": "6.2803698347351e-16+0.318309886183791*((x_4*(1/x_1))*((x_3)**2/(x_2)**2))",
    "TP": 4,
    "FP": 0,
    "TN": 0,
    "FN": 0,
    "F1": 1.0,
    "selected_name": [
        "m",
        "q",
        "h",
        "epsilon"
    ],
    "selected_idx": [
        1,
        2,
        3,
        4
    ],
    "perf_metric_updated": true,
    "failed": "no error",
    "mse_train": 5.783323981572158e-30,
    "mae_train": 1.6030276064893378e-15,
    "r2_train": 1.0,
    "mse_test": 4.974941593812196e-30,
    "mae_test": 1.5110067190515775e-15,
    "r2_test": 1.0
}