{
    "dataset": "feynman_testing\\feynman_I_38_12\\feynman_I_38_12",
    "algorithm": "RF",
    "opt": [
        "u",
        "b",
        "b"
    ],
    "random_state": 11964,
    "process_time": 122.375,
    "time_time": 253.06985330581665,
    "target_noise": 0.0,
    "feature_noise": 0.0,
    "n": 200,
    "p": 4,
    "p0": 4,
    "true_model": " 4*3.1415926535*epsilon*(h/(2*3.1415926535))**2/(m*q**2)",
    "symbolic_model": "0.0689061721815613-0.157666391495728*(x_4*((x_3)**2/(x_2)**2))-1.47360680063833*((x_2-x_3)*(x_4/exp(x_2)))+0.146157016866312*(((x_3)**2*(1/x_2))*(x_4/sqrt(x_2)))+0.0848281223225917*(((x_3)**2-exp(x_2))/(x_4-exp(x_2)))+6.31841831794346e-05*(((x_3)**2/log(x_2))/((1/x_2)-(1/x_4)))",
    "TP": 3,
    "FP": 0,
    "TN": 0,
    "FN": 1,
    "F1": 0.8571428571428571,
    "selected_name": [
        "q",
        "h",
        "epsilon"
    ],
    "selected_idx": [
        2,
        3,
        4
    ],
    "perf_metric_updated": true,
    "failed": "no error",
    "mse_train": 0.5331727744144588,
    "mae_train": 0.36692612006481135,
    "r2_train": 0.8775197445659251,
    "mse_test": 128.40077524933005,
    "mae_test": 0.7327698470697861,
    "r2_test": -62.379347624648744
}