{
    "dataset": "feynman_testing\\feynman_I_34_8\\feynman_I_34_8",
    "algorithm": "BART_GSE",
    "opt": [
        "b",
        "b"
    ],
    "random_state": 11964,
    "process_time": 26.65625,
    "time_time": 85.50505685806274,
    "target_noise": 0.0,
    "feature_noise": 0.0,
    "n": 100,
    "p": 4,
    "p0": 4,
    "true_model": " q*v*B/p",
    "symbolic_model": "0+1*((x_1*x_3)*(x_2/x_4))",
    "TP": 4,
    "FP": 0,
    "TN": 0,
    "FN": 0,
    "F1": 1.0,
    "selected_name": [
        "q",
        "v",
        "B",
        "p"
    ],
    "selected_idx": [
        1,
        2,
        3,
        4
    ],
    "perf_metric_updated": true,
    "failed": "no error",
    "mse_train": 2.0772433267699412e-29,
    "mae_train": 2.469136006766348e-15,
    "r2_train": 1.0,
    "mse_test": 1.6354852997361687e-29,
    "mae_test": 2.257223297164046e-15,
    "r2_test": 1.0
}