{
    "dataset": "feynman_testing\\feynman_I_34_8\\feynman_I_34_8",
    "algorithm": "BART_GSE",
    "opt": [
        "b",
        "b"
    ],
    "random_state": 22118,
    "process_time": 25.171875,
    "time_time": 84.7647716999054,
    "target_noise": 0.0,
    "feature_noise": 0.0,
    "n": 100,
    "p": 4,
    "p0": 4,
    "true_model": " q*v*B/p",
    "symbolic_model": "-5.6843418860808e-15+1*((x_1*x_2)*(x_3/x_4))",
    "TP": 4,
    "FP": 0,
    "TN": 0,
    "FN": 0,
    "F1": 1.0,
    "selected_name": [
        "q",
        "v",
        "B",
        "p"
    ],
    "selected_idx": [
        1,
        2,
        3,
        4
    ],
    "perf_metric_updated": true,
    "failed": "no error",
    "mse_train": 5.349524643288207e-29,
    "mae_train": 6.3182792331417655e-15,
    "r2_train": 1.0,
    "mse_test": 4.809394650645339e-29,
    "mae_test": 5.9765636883923886e-15,
    "r2_test": 1.0
}