{
    "dataset": "feynman_testing\\feynman_II_38_3\\feynman_II_38_3",
    "algorithm": "RF",
    "opt": [
        "b",
        "b"
    ],
    "random_state": 11284,
    "process_time": 0.609375,
    "time_time": 5.9764649868011475,
    "target_noise": 0.0,
    "feature_noise": 0.0,
    "n": 100,
    "p": 4,
    "p0": 4,
    "true_model": " Y*A*x/d",
    "symbolic_model": "-5.6843418860808e-15+1*((x_1*x_2)*(x_4/x_3))",
    "TP": 4,
    "FP": 0,
    "TN": 0,
    "FN": 0,
    "F1": 1.0,
    "selected_name": [
        "Y",
        "A",
        "d",
        "x"
    ],
    "selected_idx": [
        1,
        2,
        3,
        4
    ],
    "perf_metric_updated": true,
    "failed": "no error",
    "mse_train": 4.856893333929329e-29,
    "mae_train": 5.906386491005833e-15,
    "r2_train": 1.0,
    "mse_test": 4.7751882736143236e-29,
    "mae_test": 5.976956707343106e-15,
    "r2_test": 1.0
}