{
    "dataset": "feynman_testing\\feynman_II_38_3\\feynman_II_38_3",
    "algorithm": "RF",
    "opt": [
        "b",
        "b"
    ],
    "random_state": 11964,
    "process_time": 0.796875,
    "time_time": 6.967172622680664,
    "target_noise": 0.0,
    "feature_noise": 0.0,
    "n": 100,
    "p": 4,
    "p0": 4,
    "true_model": " Y*A*x/d",
    "symbolic_model": "-1.4210854715202e-15+1*((x_1*x_4)*(x_2/x_3))",
    "TP": 4,
    "FP": 0,
    "TN": 0,
    "FN": 0,
    "F1": 1.0,
    "selected_name": [
        "Y",
        "A",
        "d",
        "x"
    ],
    "selected_idx": [
        1,
        2,
        3,
        4
    ],
    "perf_metric_updated": true,
    "failed": "no error",
    "mse_train": 1.3595031625352613e-29,
    "mae_train": 2.771116669464391e-15,
    "r2_train": 1.0,
    "mse_test": 1.8458402863168485e-29,
    "mae_test": 2.7575430827653236e-15,
    "r2_test": 1.0
}