{
    "dataset": "feynman_testing\\feynman_II_38_3\\feynman_II_38_3",
    "algorithm": "RF",
    "opt": [
        "b",
        "b"
    ],
    "random_state": 21575,
    "process_time": 72.90625,
    "time_time": 211.33572840690613,
    "target_noise": 0.0,
    "feature_noise": 0.0,
    "n": 100,
    "p": 4,
    "p0": 4,
    "true_model": " Y*A*x/d",
    "symbolic_model": "10.1892247968375-3.29291410881108*(x_4+(x_1+x_4))+0.97839525626838*(x_1*x_4)-11.0759831063183*(x_2/x_3)+3.31398963435196*((x_1+x_4)/(x_3/x_2))+3.53645683738311*abs((x_1-(x_1+x_4)))",
    "TP": 4,
    "FP": 0,
    "TN": 0,
    "FN": 0,
    "F1": 1.0,
    "selected_name": [
        "Y",
        "A",
        "d",
        "x"
    ],
    "selected_idx": [
        1,
        2,
        3,
        4
    ],
    "perf_metric_updated": true,
    "failed": "no error",
    "mse_train": 0.5256987132270564,
    "mae_train": 0.45102884465207493,
    "r2_train": 0.9920782375187305,
    "mse_test": 1.4644810577243337,
    "mae_test": 0.6696315710657602,
    "r2_test": 0.9852074241087188
}