{
    "dataset": "feynman_testing\\feynman_I_12_11\\feynman_I_12_11",
    "algorithm": "RF",
    "opt": [
        "u",
        "b",
        "b"
    ],
    "random_state": 11964,
    "process_time": 2116.390625,
    "time_time": 3725.66552901268,
    "target_noise": 0.0,
    "feature_noise": 0.0,
    "n": 200,
    "p": 5,
    "p0": 5,
    "true_model": " q*(Ef+B*v*sin(theta))",
    "symbolic_model": "-1.01706496969837e-15+3.13115994691465e-17*((x_3*(x_1)**2)+(exp(x_4)*sin(x_5)))+1*(x_1*x_2)+4.46688442927608e-16*(x_2*log(x_1))+1*((x_1*x_4)*(x_3*sin(x_5)))",
    "TP": 5,
    "FP": 0,
    "TN": 0,
    "FN": 0,
    "F1": 1.0,
    "selected_name": [
        "q",
        "Ef",
        "B",
        "v",
        "theta"
    ],
    "selected_idx": [
        1,
        2,
        3,
        4,
        5
    ],
    "perf_metric_updated": true,
    "failed": "no error",
    "mse_train": 1.7376509969127531e-28,
    "mae_train": 7.916410582620159e-15,
    "r2_train": 1.0,
    "mse_test": 1.0682187768511173e-28,
    "mae_test": 6.372026942549902e-15,
    "r2_test": 1.0
}