{
    "dataset": "feynman_testing\\feynman_I_12_11\\feynman_I_12_11",
    "algorithm": "RF",
    "opt": [
        "u",
        "b",
        "b"
    ],
    "random_state": 22118,
    "process_time": 795.15625,
    "time_time": 1616.5147244930267,
    "target_noise": 0.0,
    "feature_noise": 0.0,
    "n": 200,
    "p": 5,
    "p0": 5,
    "true_model": " q*(Ef+B*v*sin(theta))",
    "symbolic_model": "7.38259153485087e-15-3.85496926093031e-15*(x_2+(log(x_1)+sin(x_5)))+1*(x_1*x_2)-2.72316976329286e-15*((log(x_3)-(1/x_4))*(x_1*sin(x_5)))+1*((x_1*sin(x_5))*(x_3*x_4))-2.63178149806676e-15*((x_1*sin(x_5))*(x_3*log(x_4)))",
    "TP": 5,
    "FP": 0,
    "TN": 0,
    "FN": 0,
    "F1": 1.0,
    "selected_name": [
        "q",
        "Ef",
        "B",
        "v",
        "theta"
    ],
    "selected_idx": [
        1,
        2,
        3,
        4,
        5
    ],
    "perf_metric_updated": true,
    "failed": "no error",
    "mse_train": 1.220956696568561e-27,
    "mae_train": 2.4642371476701897e-14,
    "r2_train": 1.0,
    "mse_test": 1.1385305996496705e-27,
    "mae_test": 2.5353385207232958e-14,
    "r2_test": 1.0
}