{
    "dataset": "feynman_testing\\feynman_I_12_11\\feynman_I_12_11",
    "algorithm": "RF",
    "opt": [
        "u",
        "b",
        "b"
    ],
    "random_state": 21575,
    "process_time": 805.453125,
    "time_time": 1589.383959054947,
    "target_noise": 0.0,
    "feature_noise": 0.0,
    "n": 200,
    "p": 5,
    "p0": 5,
    "true_model": " q*(Ef+B*v*sin(theta))",
    "symbolic_model": "1.65545150342412e-14-3.95835667596229e-17*((x_1)**2+((x_1)**2*sin(x_5)))+0.999999999999999*(x_1*x_2)+1*((x_1*x_3)*(x_4*sin(x_5)))",
    "TP": 5,
    "FP": 0,
    "TN": 0,
    "FN": 0,
    "F1": 1.0,
    "selected_name": [
        "q",
        "Ef",
        "B",
        "v",
        "theta"
    ],
    "selected_idx": [
        1,
        2,
        3,
        4,
        5
    ],
    "perf_metric_updated": true,
    "failed": "no error",
    "mse_train": 1.5780187118022504e-28,
    "mae_train": 1.0012268791825818e-14,
    "r2_train": 1.0,
    "mse_test": 1.7818471183497944e-28,
    "mae_test": 1.0588342624559544e-14,
    "r2_test": 1.0
}