{
    "dataset": "feynman_testing\\feynman_I_12_11\\feynman_I_12_11",
    "algorithm": "RF",
    "opt": [
        "u",
        "b",
        "b"
    ],
    "random_state": 15795,
    "process_time": 796.359375,
    "time_time": 2078.681155204773,
    "target_noise": 0.0,
    "feature_noise": 0.0,
    "n": 200,
    "p": 5,
    "p0": 5,
    "true_model": " q*(Ef+B*v*sin(theta))",
    "symbolic_model": "-1.00485917355762e-14+1*(x_1*x_2)-9.75152873672791e-17*(x_2*(x_1)**2)+3.71906939421997e-16*(x_2*log(x_1))-2.44253871117369e-15*(x_2*(sqrt(x_1)/sqrt(x_5)))+1*((x_1*sin(x_5))*(x_3*x_4))",
    "TP": 5,
    "FP": 0,
    "TN": 0,
    "FN": 0,
    "F1": 1.0,
    "selected_name": [
        "q",
        "Ef",
        "B",
        "v",
        "theta"
    ],
    "selected_idx": [
        1,
        2,
        3,
        4,
        5
    ],
    "perf_metric_updated": true,
    "failed": "no error",
    "mse_train": 6.242037600705608e-28,
    "mae_train": 2.2114254871752337e-14,
    "r2_train": 1.0,
    "mse_test": 5.14210272390058e-28,
    "mae_test": 2.0175746949860352e-14,
    "r2_test": 1.0
}