{
    "dataset": "feynman_testing\\feynman_III_17_37\\feynman_III_17_37",
    "algorithm": "RF",
    "opt": [
        "u",
        "b",
        "b"
    ],
    "random_state": 15795,
    "process_time": 2152.65625,
    "time_time": 4082.0482664108276,
    "target_noise": 0.0,
    "feature_noise": 0.0,
    "n": 500,
    "p": 3,
    "p0": 3,
    "true_model": " beta*(1+alpha*cos(theta))",
    "symbolic_model": "6.35528743231302e-16+1*((cos(x_3)+(1/x_2))*(x_1*x_2))",
    "TP": 3,
    "FP": 0,
    "TN": 0,
    "FN": 0,
    "F1": 1.0,
    "selected_name": [
        "beta",
        "alpha",
        "theta"
    ],
    "selected_idx": [
        1,
        2,
        3
    ],
    "perf_metric_updated": true,
    "failed": "no error",
    "mse_train": 9.66459919685494e-30,
    "mae_train": 1.8340962429364005e-15,
    "r2_train": 1.0,
    "mse_test": 1.1011198229940733e-29,
    "mae_test": 1.875327987788545e-15,
    "r2_test": 1.0
}