{
    "dataset": "feynman_testing\\feynman_III_17_37\\feynman_III_17_37",
    "algorithm": "RF",
    "opt": [
        "u",
        "b",
        "b"
    ],
    "random_state": 21575,
    "process_time": 644.53125,
    "time_time": 1190.8081078529358,
    "target_noise": 0.0,
    "feature_noise": 0.0,
    "n": 500,
    "p": 3,
    "p0": 3,
    "true_model": " beta*(1+alpha*cos(theta))",
    "symbolic_model": "-2.16966275861699e-16+3.01976939798546e-15*((cos(x_3)+(1/x_2))*(x_2*log(x_1)))+0.999999999999999*((cos(x_3)+(1/x_2))/((1/x_1)*(1/x_2)))",
    "TP": 3,
    "FP": 0,
    "TN": 0,
    "FN": 0,
    "F1": 1.0,
    "selected_name": [
        "beta",
        "alpha",
        "theta"
    ],
    "selected_idx": [
        1,
        2,
        3
    ],
    "perf_metric_updated": true,
    "failed": "no error",
    "mse_train": 1.1008385114067165e-29,
    "mae_train": 1.81619823347301e-15,
    "r2_train": 1.0,
    "mse_test": 1.1054098434410912e-29,
    "mae_test": 1.8499032180771016e-15,
    "r2_test": 1.0
}