{
    "dataset": "feynman_testing\\feynman_III_17_37\\feynman_III_17_37",
    "algorithm": "RF",
    "opt": [
        "u",
        "b",
        "b"
    ],
    "random_state": 22118,
    "process_time": 514.21875,
    "time_time": 998.9633519649506,
    "target_noise": 0.0,
    "feature_noise": 0.0,
    "n": 500,
    "p": 3,
    "p0": 3,
    "true_model": " beta*(1+alpha*cos(theta))",
    "symbolic_model": "-0.00402237332702393+0.158390294009955*((x_1)**2*(cos(x_3)+(1/x_2)))+1.20438242349039*((cos(x_3)+(1/x_2))*(x_1*log(x_2)))-0.880517139964832*((cos(x_3)+(1/x_2))*(x_2*log(x_1)))+0.324880657809977*((cos(x_3)+(1/x_2))*((x_2)**2*log(x_1)))+2.15234811066504*((cos(x_3)+(1/x_2))/((1/x_1)+(1/x_2)))",
    "TP": 3,
    "FP": 0,
    "TN": 0,
    "FN": 0,
    "F1": 1.0,
    "selected_name": [
        "beta",
        "alpha",
        "theta"
    ],
    "selected_idx": [
        1,
        2,
        3
    ],
    "perf_metric_updated": true,
    "failed": "no error",
    "mse_train": 0.00827776454252515,
    "mae_train": 0.05649810237588646,
    "r2_train": 0.999643471043886,
    "mse_test": 0.009100107307600115,
    "mae_test": 0.0573641419526866,
    "r2_test": 0.9996352175104104
}