{
    "dataset": "feynman_testing\\feynman_III_17_37\\feynman_III_17_37",
    "algorithm": "RF",
    "opt": [
        "u",
        "b",
        "b"
    ],
    "random_state": 11284,
    "process_time": 334.0,
    "time_time": 816.2267460823059,
    "target_noise": 0.0,
    "feature_noise": 0.0,
    "n": 500,
    "p": 3,
    "p0": 3,
    "true_model": " beta*(1+alpha*cos(theta))",
    "symbolic_model": "-0.433580958076376+0.67818117771693*(x_1+(x_1*cos(x_3)))+0.464659654238404*((sqrt(x_1)-cos(x_3))+(x_2*cos(x_3)))+0.0612295087267767*(x_1*((x_2)**2*cos(x_3)))+0.587228290500722*((cos(x_3)+(1/x_2))*(x_2*log(x_1)))+0.419129798506818*((x_1*cos(x_3))*(sqrt(x_1)*log(x_2)))",
    "TP": 3,
    "FP": 0,
    "TN": 0,
    "FN": 0,
    "F1": 1.0,
    "selected_name": [
        "beta",
        "alpha",
        "theta"
    ],
    "selected_idx": [
        1,
        2,
        3
    ],
    "perf_metric_updated": true,
    "failed": "no error",
    "mse_train": 0.006193632458411131,
    "mae_train": 0.058741292387400834,
    "r2_train": 0.9997688896700453,
    "mse_test": 0.006364867742807393,
    "mae_test": 0.059116607026197955,
    "r2_test": 0.9997446325486561
}