{
    "dataset": "feynman_testing\\feynman_II_36_38\\feynman_II_36_38",
    "algorithm": "RF",
    "opt": [
        "u",
        "b",
        "b",
        "b"
    ],
    "random_state": 22118,
    "process_time": 185.6875,
    "time_time": 385.6199514865875,
    "target_noise": 0.0,
    "feature_noise": 0.0,
    "n": 100,
    "p": 8,
    "p0": 8,
    "true_model": " mom*H/(kb*T)+(mom*alpha)/(epsilon*c**2*kb*T)*M",
    "symbolic_model": "-0.681315454739373+0.654885003759785*((1/x_7)+((x_2-cos(x_1))/(sqrt(x_4)*sqrt(x_3))))+0.176796473623519*(x_8*((x_1*x_2)*((1/x_4)*(1/x_3))))+0.403858243260398*(x_5/((x_4*(1/x_1))+(sqrt(x_3)-(1/x_7))))+91.6121707698967*(((log(x_1)/exp(x_4))/((x_3)**2*exp(x_7)))/x_6)+0.0922790970463945*(((1/x_4)-(1/x_1))/log(x_7))",
    "TP": 8,
    "FP": 0,
    "TN": 0,
    "FN": 0,
    "F1": 1.0,
    "selected_name": [
        "mom",
        "H",
        "kb",
        "T",
        "alpha",
        "epsilon",
        "c",
        "M"
    ],
    "selected_idx": [
        1,
        2,
        3,
        4,
        5,
        6,
        7,
        8
    ],
    "perf_metric_updated": true,
    "failed": "no error",
    "mse_train": 0.04829739478300816,
    "mae_train": 0.1531244562456474,
    "r2_train": 0.9611602488847117,
    "mse_test": 19.633424427757358,
    "mae_test": 0.23900827780417142,
    "r2_test": -14.52101236548877
}