{
    "dataset": "feynman_testing\\feynman_II_36_38\\feynman_II_36_38",
    "algorithm": "RF",
    "opt": [
        "u",
        "b",
        "b",
        "b"
    ],
    "random_state": 21575,
    "process_time": 181.78125,
    "time_time": 380.0885088443756,
    "target_noise": 0.0,
    "feature_noise": 0.0,
    "n": 100,
    "p": 8,
    "p0": 8,
    "true_model": " mom*H/(kb*T)+(mom*alpha)/(epsilon*c**2*kb*T)*M",
    "symbolic_model": "0.0908370535272097+0.209241630563396*(x_5*((x_1*(1/x_4))*((1/x_3)*sqrt(x_2))))+0.320312191450529*(x_8*(((1/x_4)*(1/x_3))*(log(x_1)+log(x_2))))+0.208816053518952*((log(x_1)+log(x_2))*(((1/x_4)-(1/x_1))+((1/x_3)-(1/x_2))))+0.533247436334731*(((x_1*(1/x_4))*((1/x_3)*sqrt(x_2)))/x_6)+1.42546847816846*(((x_1*(1/x_4))*((1/x_3)*sqrt(x_2)))/x_7)",
    "TP": 8,
    "FP": 0,
    "TN": 0,
    "FN": 0,
    "F1": 1.0,
    "selected_name": [
        "mom",
        "H",
        "kb",
        "T",
        "alpha",
        "epsilon",
        "c",
        "M"
    ],
    "selected_idx": [
        1,
        2,
        3,
        4,
        5,
        6,
        7,
        8
    ],
    "perf_metric_updated": true,
    "failed": "no error",
    "mse_train": 0.02366259567932201,
    "mae_train": 0.1053810390067455,
    "r2_train": 0.974233676019849,
    "mse_test": 0.07081452777489838,
    "mae_test": 0.13869824788366858,
    "r2_test": 0.9436476630930886
}