{
    "dataset": "feynman_testing\\feynman_II_36_38\\feynman_II_36_38",
    "algorithm": "RF",
    "opt": [
        "u",
        "b",
        "b",
        "b"
    ],
    "random_state": 15795,
    "process_time": 203.59375,
    "time_time": 415.55582785606384,
    "target_noise": 0.0,
    "feature_noise": 0.0,
    "n": 100,
    "p": 8,
    "p0": 8,
    "true_model": " mom*H/(kb*T)+(mom*alpha)/(epsilon*c**2*kb*T)*M",
    "symbolic_model": "-0.0133762139104592+0.110402358387068*(x_5*((x_2*(1/x_4))*(x_1+cos(x_3))))+0.267605308915213*((x_2+x_8)*((log(x_1)/(x_3)**2)+((1/x_4)*(1/x_7))))+5.39969074209951*((x_2*x_8)*((log(x_1)/exp(x_3))*((1/x_7)/exp(x_4))))+2.55665681356398*(((x_1*(1/x_3))*((1/x_4)*(1/x_7)))/x_6)+41.6475326508341*abs((((log(x_1)/exp(x_3))/((x_4)**2*exp(x_7)))-((log(x_1)/(x_3)**2)/(exp(x_4)*exp(x_7)))))",
    "TP": 8,
    "FP": 0,
    "TN": 0,
    "FN": 0,
    "F1": 1.0,
    "selected_name": [
        "mom",
        "H",
        "kb",
        "T",
        "alpha",
        "epsilon",
        "c",
        "M"
    ],
    "selected_idx": [
        1,
        2,
        3,
        4,
        5,
        6,
        7,
        8
    ],
    "perf_metric_updated": true,
    "failed": "no error",
    "mse_train": 0.019644392298183103,
    "mae_train": 0.11109750924988485,
    "r2_train": 0.9893407036266968,
    "mse_test": 0.05225423484930304,
    "mae_test": 0.14786618770355953,
    "r2_test": 0.9582244470555812
}