{
    "dataset": "feynman_testing\\feynman_II_36_38\\feynman_II_36_38",
    "algorithm": "RF",
    "opt": [
        "u",
        "b",
        "b",
        "b"
    ],
    "random_state": 11964,
    "process_time": 1620.03125,
    "time_time": 3112.9554810523987,
    "target_noise": 0.0,
    "feature_noise": 0.0,
    "n": 100,
    "p": 8,
    "p0": 8,
    "true_model": " mom*H/(kb*T)+(mom*alpha)/(epsilon*c**2*kb*T)*M",
    "symbolic_model": "-0.191798285610193-0.412934392738948*(x_7/((x_8*(1/x_7))-(x_3+x_4)))+0.612619489248589*((x_8*(1/x_7))/((x_6*exp(x_7))*((1/x_1)/x_5)))-0.561034494842109*((log(x_4)-(1/x_3))/((x_6*exp(x_7))*((1/x_1)/x_5)))+6.45417891253492*(((1/x_4)/exp(x_3))/((x_6*exp(x_7))*((1/x_1)/x_5)))+0.959876470597614*abs((((1/x_4)/exp(x_3))-((x_1*x_2)*((1/x_4)*(1/x_3)))))",
    "TP": 8,
    "FP": 0,
    "TN": 0,
    "FN": 0,
    "F1": 1.0,
    "selected_name": [
        "mom",
        "H",
        "kb",
        "T",
        "alpha",
        "epsilon",
        "c",
        "M"
    ],
    "selected_idx": [
        1,
        2,
        3,
        4,
        5,
        6,
        7,
        8
    ],
    "perf_metric_updated": true,
    "failed": "no error",
    "mse_train": 0.0049442270617371335,
    "mae_train": 0.04855149446017418,
    "r2_train": 0.996574668758809,
    "mse_test": 10.14262751270956,
    "mae_test": 0.08650998251468785,
    "r2_test": -7.158821615599146
}