{
    "dataset": "feynman_testing\\feynman_II_36_38\\feynman_II_36_38",
    "algorithm": "RF",
    "opt": [
        "u",
        "b",
        "b",
        "b"
    ],
    "random_state": 11284,
    "process_time": 232.640625,
    "time_time": 513.3091108798981,
    "target_noise": 0.0,
    "feature_noise": 0.0,
    "n": 100,
    "p": 8,
    "p0": 8,
    "true_model": " mom*H/(kb*T)+(mom*alpha)/(epsilon*c**2*kb*T)*M",
    "symbolic_model": "-0.322001327954515+0.0996690683618547*(x_5*(abs((log(x_4)-sqrt(x_2)))*(x_1+cos(x_3))))+0.0999446035026349*(x_8*((exp(x_1)/(x_4)**2)*(log(x_2)/(x_3)**2)))+0.566252051670288*(((exp(x_1)/(x_4)**2)*(log(x_2)/(x_3)**2))/x_6)+0.17662224558171*(x_8/abs(((sin(x_4)-sqrt(x_7))-(x_3*(1/x_2)))))+1.51967012389701*(((sqrt(x_2)/sqrt(x_4))/(sqrt(x_3)/sqrt(x_1)))/sqrt(x_7))",
    "TP": 8,
    "FP": 0,
    "TN": 0,
    "FN": 0,
    "F1": 1.0,
    "selected_name": [
        "mom",
        "H",
        "kb",
        "T",
        "alpha",
        "epsilon",
        "c",
        "M"
    ],
    "selected_idx": [
        1,
        2,
        3,
        4,
        5,
        6,
        7,
        8
    ],
    "perf_metric_updated": true,
    "failed": "no error",
    "mse_train": 0.023536105840344077,
    "mae_train": 0.10816630500843047,
    "r2_train": 0.9721440078471423,
    "mse_test": 0.10277562725913586,
    "mae_test": 0.17041518543881418,
    "r2_test": 0.9192412178308406
}