{
    "dataset": "feynman_testing\\feynman_II_8_7\\feynman_II_8_7",
    "algorithm": "BART_GSE",
    "opt": [
        "u",
        "b",
        "b"
    ],
    "random_state": 22118,
    "process_time": 104.265625,
    "time_time": 244.9383201599121,
    "target_noise": 0.0,
    "feature_noise": 0.0,
    "n": 200,
    "p": 3,
    "p0": 3,
    "true_model": " 3/5*q**2/(4*3.1415926535*epsilon*d)",
    "symbolic_model": "-7.85046229341887e-17+0.0477464829275686*((x_1/x_2)*(x_1/x_3))",
    "TP": 3,
    "FP": 0,
    "TN": 0,
    "FN": 0,
    "F1": 1.0,
    "selected_name": [
        "q",
        "epsilon",
        "d"
    ],
    "selected_idx": [
        1,
        2,
        3
    ],
    "perf_metric_updated": true,
    "failed": "no error",
    "mse_train": 4.476870235106682e-33,
    "mae_train": 5.124156307600991e-17,
    "r2_train": 1.0,
    "mse_test": 4.0072922605385035e-33,
    "mae_test": 4.796340408175226e-17,
    "r2_test": 1.0
}