{
    "dataset": "feynman_testing\\feynman_II_8_7\\feynman_II_8_7",
    "algorithm": "BART_GSE",
    "opt": [
        "u",
        "b",
        "b"
    ],
    "random_state": 11284,
    "process_time": 105.90625,
    "time_time": 253.3643283843994,
    "target_noise": 0.0,
    "feature_noise": 0.0,
    "n": 200,
    "p": 3,
    "p0": 3,
    "true_model": " 3/5*q**2/(4*3.1415926535*epsilon*d)",
    "symbolic_model": "-0.0293467680735739+0.00328531814837329*((x_1-x_3)*(x_1/x_2))+0.00147181753533504*(x_1/(1/x_1))+0.0896941033162303*((x_1/x_2)/(x_3/sqrt(x_1)))+0.00282865936960424*abs(((1/x_1)-(x_1-x_2)))+0.00357697561181151*abs(((x_1-x_3)-(x_3/sqrt(x_1))))",
    "TP": 3,
    "FP": 0,
    "TN": 0,
    "FN": 0,
    "F1": 1.0,
    "selected_name": [
        "q",
        "epsilon",
        "d"
    ],
    "selected_idx": [
        1,
        2,
        3
    ],
    "perf_metric_updated": true,
    "failed": "no error",
    "mse_train": 1.9641508272911996e-05,
    "mae_train": 0.003149667333081172,
    "r2_train": 0.9980213175324066,
    "mse_test": 2.6014730910668763e-05,
    "mae_test": 0.00331457808009551,
    "r2_test": 0.9968474610154889
}