{
    "dataset": "feynman_testing\\feynman_II_8_7\\feynman_II_8_7",
    "algorithm": "BART_GSE",
    "opt": [
        "u",
        "b",
        "b"
    ],
    "random_state": 21575,
    "process_time": 104.78125,
    "time_time": 250.3899004459381,
    "target_noise": 0.0,
    "feature_noise": 0.0,
    "n": 200,
    "p": 3,
    "p0": 3,
    "true_model": " 3/5*q**2/(4*3.1415926535*epsilon*d)",
    "symbolic_model": "-4.71027737605133e-17+0.0477464829275686*((x_1/x_2)*(x_1/x_3))",
    "TP": 3,
    "FP": 0,
    "TN": 0,
    "FN": 0,
    "F1": 1.0,
    "selected_name": [
        "q",
        "epsilon",
        "d"
    ],
    "selected_idx": [
        1,
        2,
        3
    ],
    "perf_metric_updated": true,
    "failed": "no error",
    "mse_train": 4.302539720902333e-33,
    "mae_train": 3.709489312941905e-17,
    "r2_train": 1.0,
    "mse_test": 2.4896739614980914e-33,
    "mae_test": 3.521018546170929e-17,
    "r2_test": 1.0
}