{
    "dataset": "feynman_testing\\feynman_III_13_18\\feynman_III_13_18",
    "algorithm": "BART_GSE",
    "opt": [
        "u",
        "b",
        "b"
    ],
    "random_state": 22118,
    "process_time": 148.140625,
    "time_time": 324.7562987804413,
    "target_noise": 0.0,
    "feature_noise": 0.0,
    "n": 200,
    "p": 4,
    "p0": 4,
    "true_model": " 2*E_n*d**2*k/(h/(2*3.1415926535))",
    "symbolic_model": "-1.10936076702412+83.4787811490985*((1/x_4)*(x_2*x_3))-132.029777723141*(((1/x_2)-(1/x_4))*(x_1*x_2))+2.30257100883128*((x_1*x_2)*(x_1*x_3))+890.408562648911*(((1/x_2)-(1/x_4))/x_3)-523.146678206674*abs(((1/x_4)-((1/x_2)/x_3)))",
    "TP": 4,
    "FP": 0,
    "TN": 0,
    "FN": 0,
    "F1": 1.0,
    "selected_name": [
        "E_n",
        "d",
        "k",
        "h"
    ],
    "selected_idx": [
        1,
        2,
        3,
        4
    ],
    "perf_metric_updated": true,
    "failed": "no error",
    "mse_train": 5267.7076281222035,
    "mae_train": 50.286177756665765,
    "r2_train": 0.9771534200593732,
    "mse_test": 9145.971893684637,
    "mae_test": 54.78398701718712,
    "r2_test": 0.9698412237445064
}