{
    "dataset": "feynman_testing\\feynman_III_13_18\\feynman_III_13_18",
    "algorithm": "BART_GSE",
    "opt": [
        "u",
        "b",
        "b"
    ],
    "random_state": 11964,
    "process_time": 221.6875,
    "time_time": 559.6081652641296,
    "target_noise": 0.0,
    "feature_noise": 0.0,
    "n": 200,
    "p": 4,
    "p0": 4,
    "true_model": " 2*E_n*d**2*k/(h/(2*3.1415926535))",
    "symbolic_model": "-260.125045147347+0.965209323243217*(exp(x_2)*(x_1*x_3))+21.7314237668659*(exp(x_2)/x_4)+213.354695800079*(x_4/(x_1*x_3))+76.5992814881913*((x_1*x_3)/x_4)-8.7067272585257*abs((exp(x_2)-(x_1*x_3)))",
    "TP": 4,
    "FP": 0,
    "TN": 0,
    "FN": 0,
    "F1": 1.0,
    "selected_name": [
        "E_n",
        "d",
        "k",
        "h"
    ],
    "selected_idx": [
        1,
        2,
        3,
        4
    ],
    "perf_metric_updated": true,
    "failed": "no error",
    "mse_train": 10668.958214602018,
    "mae_train": 67.01430990960299,
    "r2_train": 0.9536991146667562,
    "mse_test": 24622.716853791804,
    "mae_test": 92.60361071730898,
    "r2_test": 0.9179648336571115
}