{
    "dataset": "feynman_testing\\feynman_I_32_5\\feynman_I_32_5",
    "algorithm": "RF",
    "opt": [
        "u",
        "b",
        "b",
        "b"
    ],
    "random_state": 11284,
    "process_time": 105.890625,
    "time_time": 296.865003824234,
    "target_noise": 0.0,
    "feature_noise": 0.0,
    "n": 100,
    "p": 4,
    "p0": 4,
    "true_model": " q**2*a**2/(6*3.1415926535*epsilon*c**3)",
    "symbolic_model": "0.000670918023330569+0.0117670993292806*((x_2)**2*(((x_1)**2/(x_4)**2)/x_3))+0.103054889700968*(((x_2)**2/exp(x_4))*(((x_1)**2/(x_4)**2)/x_3))-0.000308878626062713*(((x_4)**2-(x_2)**2)*(((x_1)**2/(x_4)**2)/x_3))+0.00130411528066832*((((x_1)**2/(x_4)**2)/x_3)*(x_2-((x_4)**2*(1/x_1))))+0.00108097933551539*((((x_1)**2/(x_4)**2)/x_3)/((exp(x_4)/exp(x_2))+(exp(x_4)/exp(x_1))))",
    "TP": 4,
    "FP": 0,
    "TN": 0,
    "FN": 0,
    "F1": 1.0,
    "selected_name": [
        "q",
        "a",
        "epsilon",
        "c"
    ],
    "selected_idx": [
        1,
        2,
        3,
        4
    ],
    "perf_metric_updated": true,
    "failed": "no error",
    "mse_train": 1.2552812443435081e-05,
    "mae_train": 0.002161792015783201,
    "r2_train": 0.9998622056985873,
    "mse_test": 0.0002989101279279109,
    "mae_test": 0.004338362025865884,
    "r2_test": 0.9994782171267071
}