{
    "dataset": "feynman_testing\\feynman_I_32_5\\feynman_I_32_5",
    "algorithm": "RF",
    "opt": [
        "u",
        "b",
        "b",
        "b"
    ],
    "random_state": 22118,
    "process_time": 82.3125,
    "time_time": 347.26063895225525,
    "target_noise": 0.0,
    "feature_noise": 0.0,
    "n": 100,
    "p": 4,
    "p0": 4,
    "true_model": " q**2*a**2/(6*3.1415926535*epsilon*c**3)",
    "symbolic_model": "0.00214510463027803+0.000601255163381061*((exp(x_1)/log(x_4))/x_3)+0.00621848873652216*((((x_1)**2/(x_4)**2)/((x_4)**2/exp(x_2)))/x_3)-0.8296647740971*(((log(x_4)-log(x_1))*((x_2)**2/exp(x_4)))/x_3)-0.00877787866620669*((abs((log(x_4)-sqrt(x_1)))*(sqrt(x_4)-sqrt(x_2)))/sin(x_2))+0.0608900948565277*((sqrt(x_4)-log(x_1))/((x_4*(1/x_1))+(sqrt(x_4)-sqrt(x_2))))",
    "TP": 4,
    "FP": 0,
    "TN": 0,
    "FN": 0,
    "F1": 1.0,
    "selected_name": [
        "q",
        "a",
        "epsilon",
        "c"
    ],
    "selected_idx": [
        1,
        2,
        3,
        4
    ],
    "perf_metric_updated": true,
    "failed": "no error",
    "mse_train": 0.002546519742988366,
    "mae_train": 0.03300570879583152,
    "r2_train": 0.9979618976024602,
    "mse_test": 12.218951618741075,
    "mae_test": 0.159654686382339,
    "r2_test": -17.689486543241912
}