{
    "dataset": "feynman_testing\\feynman_I_32_5\\feynman_I_32_5",
    "algorithm": "RF",
    "opt": [
        "u",
        "b",
        "b",
        "b"
    ],
    "random_state": 11964,
    "process_time": 163.75,
    "time_time": 317.02244782447815,
    "target_noise": 0.0,
    "feature_noise": 0.0,
    "n": 100,
    "p": 4,
    "p0": 4,
    "true_model": " q**2*a**2/(6*3.1415926535*epsilon*c**3)",
    "symbolic_model": "0.0173598201784861+0.0292794783228026*((x_2)**2*((log(x_2)/(x_4)**2)/(sqrt(x_4)+sin(x_1))))+0.32505496303381*((log(x_2)/(x_4)**2)*((x_1-x_4)-(x_4/log(x_2))))+0.0696521816117074*(((x_2)**2/(x_4)**2)/x_3)+0.00365522356069888*((((x_2)**2/log(x_4))/(sqrt(x_4)+sin(x_1)))/x_3)+0.220347228200837*(((x_1/sqrt(x_4))*abs((log(x_4)-sqrt(x_2))))/x_3)",
    "TP": 4,
    "FP": 0,
    "TN": 0,
    "FN": 0,
    "F1": 1.0,
    "selected_name": [
        "q",
        "a",
        "epsilon",
        "c"
    ],
    "selected_idx": [
        1,
        2,
        3,
        4
    ],
    "perf_metric_updated": true,
    "failed": "no error",
    "mse_train": 0.011421645995021013,
    "mae_train": 0.07131377816374479,
    "r2_train": 0.978670821280901,
    "mse_test": 58.253244370174876,
    "mae_test": 0.3248873921850217,
    "r2_test": -102.28743649915667
}