{
    "dataset": "feynman_testing\\feynman_I_32_5\\feynman_I_32_5",
    "algorithm": "RF",
    "opt": [
        "u",
        "b",
        "b",
        "b"
    ],
    "random_state": 21575,
    "process_time": 84.71875,
    "time_time": 299.59302592277527,
    "target_noise": 0.0,
    "feature_noise": 0.0,
    "n": 100,
    "p": 4,
    "p0": 4,
    "true_model": " q**2*a**2/(6*3.1415926535*epsilon*c**3)",
    "symbolic_model": "3.91461125161747e-17-2.95406512377079e-16*(abs((log(x_4)-sqrt(x_1)))*(((x_2)**2/(x_4)**2)*(log(x_1)/x_3)))+6.42615220451335e-16*(abs((log(x_4)-sqrt(x_1)))*(((x_2)**2/exp(x_4))*(log(x_1)/x_3)))+0.0530516476972984*(((1/x_4)/x_3)*((x_1)**2*((x_2)**2/(x_4)**2)))",
    "TP": 4,
    "FP": 0,
    "TN": 0,
    "FN": 0,
    "F1": 1.0,
    "selected_name": [
        "q",
        "a",
        "epsilon",
        "c"
    ],
    "selected_idx": [
        1,
        2,
        3,
        4
    ],
    "perf_metric_updated": true,
    "failed": "no error",
    "mse_train": 4.794756671241448e-31,
    "mae_train": 2.663944368916371e-16,
    "r2_train": 1.0,
    "mse_test": 7.04331600116369e-31,
    "mae_test": 2.464348679547673e-16,
    "r2_test": 1.0
}