{
    "dataset": "feynman_testing\\feynman_I_32_5\\feynman_I_32_5",
    "algorithm": "RF",
    "opt": [
        "u",
        "b",
        "b",
        "b"
    ],
    "random_state": 15795,
    "process_time": 18.546875,
    "time_time": 125.05472564697266,
    "target_noise": 0.0,
    "feature_noise": 0.0,
    "n": 100,
    "p": 4,
    "p0": 4,
    "true_model": " q**2*a**2/(6*3.1415926535*epsilon*c**3)",
    "symbolic_model": "0.154930902334462-0.779169923637374*((1/x_4)-(x_2/exp(x_4)))+0.0162876245749288*((x_1/log(x_4))*(x_1-x_4))+0.0428591564440692*((x_1/log(x_4))/x_3)+0.0272268179130628*((x_1-(x_4)**2)/(x_2-(x_4)**2))+0.0195822622634079*((x_2-exp(x_4))/abs((x_1-exp(x_4))))",
    "TP": 4,
    "FP": 0,
    "TN": 0,
    "FN": 0,
    "F1": 1.0,
    "selected_name": [
        "q",
        "a",
        "epsilon",
        "c"
    ],
    "selected_idx": [
        1,
        2,
        3,
        4
    ],
    "perf_metric_updated": true,
    "failed": "no error",
    "mse_train": 0.0038546331865574467,
    "mae_train": 0.04125505430642382,
    "r2_train": 0.9969954338715448,
    "mse_test": 149.19147012165917,
    "mae_test": 0.42516836154903054,
    "r2_test": -239.13557247700135
}