{
    "dataset": "feynman_testing\\feynman_III_17_37\\feynman_III_17_37",
    "algorithm": "RF",
    "opt": [
        "u",
        "b",
        "b"
    ],
    "random_state": 22118,
    "process_time": 210.671875,
    "time_time": 434.44006609916687,
    "target_noise": 0.0,
    "feature_noise": 0.0,
    "n": 200,
    "p": 3,
    "p0": 3,
    "true_model": " beta*(1+alpha*cos(theta))",
    "symbolic_model": "9.57099583283779e-16+1.14437014427689e-15*((cos(x_3)+(1/x_2))*(x_2*log(x_1)))+1*((cos(x_3)+(1/x_2))/((1/x_1)*(1/x_2)))",
    "TP": 3,
    "FP": 0,
    "TN": 0,
    "FN": 0,
    "F1": 1.0,
    "selected_name": [
        "beta",
        "alpha",
        "theta"
    ],
    "selected_idx": [
        1,
        2,
        3
    ],
    "perf_metric_updated": true,
    "failed": "no error",
    "mse_train": 1.5538848136417028e-29,
    "mae_train": 2.513159764929579e-15,
    "r2_train": 1.0,
    "mse_test": 1.5106429346582355e-29,
    "mae_test": 2.546796320926706e-15,
    "r2_test": 1.0
}