{
    "dataset": "feynman_testing\\feynman_III_17_37\\feynman_III_17_37",
    "algorithm": "RF",
    "opt": [
        "u",
        "b",
        "b"
    ],
    "random_state": 15795,
    "process_time": 219.34375,
    "time_time": 519.2321195602417,
    "target_noise": 0.0,
    "feature_noise": 0.0,
    "n": 200,
    "p": 3,
    "p0": 3,
    "true_model": " beta*(1+alpha*cos(theta))",
    "symbolic_model": "2.77809472703082e-17+1.12971675060684e-15*((cos(x_3)+(1/x_2))*(x_2*log(x_1)))+1*((cos(x_3)+(1/x_2))/((1/x_1)*(1/x_2)))",
    "TP": 3,
    "FP": 0,
    "TN": 0,
    "FN": 0,
    "F1": 1.0,
    "selected_name": [
        "beta",
        "alpha",
        "theta"
    ],
    "selected_idx": [
        1,
        2,
        3
    ],
    "perf_metric_updated": true,
    "failed": "no error",
    "mse_train": 1.3606839742582894e-29,
    "mae_train": 2.508097896036787e-15,
    "r2_train": 1.0,
    "mse_test": 1.5057713875620248e-29,
    "mae_test": 2.4088461577525566e-15,
    "r2_test": 1.0
}