{
    "dataset": "feynman_testing\\feynman_III_17_37\\feynman_III_17_37",
    "algorithm": "RF",
    "opt": [
        "u",
        "b",
        "b"
    ],
    "random_state": 21575,
    "process_time": 365.984375,
    "time_time": 817.9943482875824,
    "target_noise": 0.0,
    "feature_noise": 0.0,
    "n": 200,
    "p": 3,
    "p0": 3,
    "true_model": " beta*(1+alpha*cos(theta))",
    "symbolic_model": "2.51214793389404e-16+1*((cos(x_3)+(1/x_2))*(x_1*x_2))",
    "TP": 3,
    "FP": 0,
    "TN": 0,
    "FN": 0,
    "F1": 1.0,
    "selected_name": [
        "beta",
        "alpha",
        "theta"
    ],
    "selected_idx": [
        1,
        2,
        3
    ],
    "perf_metric_updated": true,
    "failed": "no error",
    "mse_train": 1.0696138243465472e-29,
    "mae_train": 1.6672080382917898e-15,
    "r2_train": 1.0,
    "mse_test": 1.069897474524395e-29,
    "mae_test": 1.7506760068854675e-15,
    "r2_test": 1.0
}