{
    "dataset": "feynman_testing\\feynman_III_17_37\\feynman_III_17_37",
    "algorithm": "RF",
    "opt": [
        "u",
        "b",
        "b"
    ],
    "random_state": 11284,
    "process_time": 289.203125,
    "time_time": 592.2777218818665,
    "target_noise": 0.0,
    "feature_noise": 0.0,
    "n": 200,
    "p": 3,
    "p0": 3,
    "true_model": " beta*(1+alpha*cos(theta))",
    "symbolic_model": "-7.53644380168212e-16+0*((cos(x_3)+(1/x_2))*(x_2*log(x_1)))+1*((cos(x_3)+(1/x_2))/((1/x_1)*(1/x_2)))",
    "TP": 3,
    "FP": 0,
    "TN": 0,
    "FN": 0,
    "F1": 1.0,
    "selected_name": [
        "beta",
        "alpha",
        "theta"
    ],
    "selected_idx": [
        1,
        2,
        3
    ],
    "perf_metric_updated": true,
    "failed": "no error",
    "mse_train": 8.787260723547085e-30,
    "mae_train": 1.793530601812421e-15,
    "r2_train": 1.0,
    "mse_test": 1.1234128338622105e-29,
    "mae_test": 1.970920336658022e-15,
    "r2_test": 1.0
}