{
    "dataset": "feynman_testing\\feynman_II_8_7\\feynman_II_8_7",
    "algorithm": "RF",
    "opt": [
        "u",
        "b",
        "b"
    ],
    "random_state": 15795,
    "process_time": 70.71875,
    "time_time": 198.6259195804596,
    "target_noise": 0.0,
    "feature_noise": 0.0,
    "n": 200,
    "p": 3,
    "p0": 3,
    "true_model": " 3/5*q**2/(4*3.1415926535*epsilon*d)",
    "symbolic_model": "-9.42055475210265e-17+0.0477464829275686*((x_1)**2*((1/x_2)*(1/x_3)))",
    "TP": 3,
    "FP": 0,
    "TN": 0,
    "FN": 0,
    "F1": 1.0,
    "selected_name": [
        "q",
        "epsilon",
        "d"
    ],
    "selected_idx": [
        1,
        2,
        3
    ],
    "perf_metric_updated": true,
    "failed": "no error",
    "mse_train": 5.7900723385345795e-33,
    "mae_train": 6.143740030606359e-17,
    "r2_train": 1.0,
    "mse_test": 5.676688163300591e-33,
    "mae_test": 6.057222431965492e-17,
    "r2_test": 1.0
}