{
    "dataset": "feynman_testing\\feynman_II_8_7\\feynman_II_8_7",
    "algorithm": "RF",
    "opt": [
        "u",
        "b",
        "b"
    ],
    "random_state": 11284,
    "process_time": 270.890625,
    "time_time": 557.2567965984344,
    "target_noise": 0.0,
    "feature_noise": 0.0,
    "n": 200,
    "p": 3,
    "p0": 3,
    "true_model": " 3/5*q**2/(4*3.1415926535*epsilon*d)",
    "symbolic_model": "-1.09906472107864e-16+0.0477464829275686*((x_1)**2*((1/x_2)*(1/x_3)))",
    "TP": 3,
    "FP": 0,
    "TN": 0,
    "FN": 0,
    "F1": 1.0,
    "selected_name": [
        "q",
        "epsilon",
        "d"
    ],
    "selected_idx": [
        1,
        2,
        3
    ],
    "perf_metric_updated": true,
    "failed": "no error",
    "mse_train": 9.67435236150473e-33,
    "mae_train": 7.919880029572113e-17,
    "r2_train": 1.0,
    "mse_test": 7.76129707823979e-33,
    "mae_test": 7.494227460824731e-17,
    "r2_test": 1.0
}