{
    "dataset": "feynman_testing\\feynman_I_14_3\\feynman_I_14_3",
    "algorithm": "RF",
    "opt": [
        "b",
        "b"
    ],
    "random_state": 21575,
    "process_time": 0.578125,
    "time_time": 3.8494207859039307,
    "target_noise": 0.0,
    "feature_noise": 0.0,
    "n": 100,
    "p": 3,
    "p0": 3,
    "true_model": " m*g*z",
    "symbolic_model": "-3.97903932025656e-14+1*(x_1*(x_2*x_3))",
    "TP": 3,
    "FP": 0,
    "TN": 0,
    "FN": 0,
    "F1": 1.0,
    "selected_name": [
        "m",
        "g",
        "z"
    ],
    "selected_idx": [
        1,
        2,
        3
    ],
    "perf_metric_updated": true,
    "failed": "no error",
    "mse_train": 1.7181232743532593e-27,
    "mae_train": 4.076738946423575e-14,
    "r2_train": 1.0,
    "mse_test": 1.6394697735526057e-27,
    "mae_test": 3.9697605203059537e-14,
    "r2_test": 1.0
}