{
    "dataset": "feynman_testing\\feynman_I_14_3\\feynman_I_14_3",
    "algorithm": "RF",
    "opt": [
        "b",
        "b"
    ],
    "random_state": 15795,
    "process_time": 0.765625,
    "time_time": 3.9650959968566895,
    "target_noise": 0.0,
    "feature_noise": 0.0,
    "n": 100,
    "p": 3,
    "p0": 3,
    "true_model": " m*g*z",
    "symbolic_model": "1.13686837721616e-14+1*(x_1*(x_2*x_3))",
    "TP": 3,
    "FP": 0,
    "TN": 0,
    "FN": 0,
    "F1": 1.0,
    "selected_name": [
        "m",
        "g",
        "z"
    ],
    "selected_idx": [
        1,
        2,
        3
    ],
    "perf_metric_updated": true,
    "failed": "no error",
    "mse_train": 1.8842139936430172e-28,
    "mae_train": 1.2305712004945235e-14,
    "r2_train": 1.0,
    "mse_test": 2.2204061785583803e-28,
    "mae_test": 1.2800525084344372e-14,
    "r2_test": 1.0
}