{
    "dataset": "feynman_testing\\feynman_I_14_3\\feynman_I_14_3",
    "algorithm": "RF",
    "opt": [
        "b",
        "b"
    ],
    "random_state": 11964,
    "process_time": 0.5,
    "time_time": 3.7151172161102295,
    "target_noise": 0.0,
    "feature_noise": 0.0,
    "n": 100,
    "p": 3,
    "p0": 3,
    "true_model": " m*g*z",
    "symbolic_model": "2.27373675443232e-14+0.999999999999999*(x_1*(x_2*x_3))",
    "TP": 3,
    "FP": 0,
    "TN": 0,
    "FN": 0,
    "F1": 1.0,
    "selected_name": [
        "m",
        "g",
        "z"
    ],
    "selected_idx": [
        1,
        2,
        3
    ],
    "perf_metric_updated": true,
    "failed": "no error",
    "mse_train": 3.177373954049191e-28,
    "mae_train": 1.3855583347321953e-14,
    "r2_train": 1.0,
    "mse_test": 4.254129488858431e-28,
    "mae_test": 1.5150529719676343e-14,
    "r2_test": 1.0
}