{
    "dataset": "feynman_testing\\feynman_II_34_11\\feynman_II_34_11",
    "algorithm": "BART_GSE",
    "opt": [
        "b",
        "b"
    ],
    "random_state": 11964,
    "process_time": 35.9375,
    "time_time": 118.8235867023468,
    "target_noise": 0.0,
    "feature_noise": 0.0,
    "n": 100,
    "p": 4,
    "p0": 4,
    "true_model": " g_*q*B/(2*m)",
    "symbolic_model": "-3.34885756388268+0.189223561970348*(x_1*x_3)+1.00244555324561*(x_1*(x_2/x_4))+1.03219182819101*(x_3*(x_2/x_4))-2.27672592354818*((x_2/x_4)/x_1)+1.85309604352947*((x_4/x_2)/x_1)",
    "TP": 4,
    "FP": 0,
    "TN": 0,
    "FN": 0,
    "F1": 1.0,
    "selected_name": [
        "g_",
        "q",
        "B",
        "m"
    ],
    "selected_idx": [
        1,
        2,
        3,
        4
    ],
    "perf_metric_updated": true,
    "failed": "no error",
    "mse_train": 0.3657374333924173,
    "mae_train": 0.3966597501003309,
    "r2_train": 0.9815469154448396,
    "mse_test": 1.017991576839857,
    "mae_test": 0.6321450079451272,
    "r2_test": 0.9590199023039306
}