{
    "dataset": "feynman_testing\\feynman_II_34_11\\feynman_II_34_11",
    "algorithm": "BART_GSE",
    "opt": [
        "b",
        "b"
    ],
    "random_state": 22118,
    "process_time": 27.46875,
    "time_time": 86.10715341567993,
    "target_noise": 0.0,
    "feature_noise": 0.0,
    "n": 100,
    "p": 4,
    "p0": 4,
    "true_model": " g_*q*B/(2*m)",
    "symbolic_model": "1.4210854715202e-15+0.5*((x_1*x_3)*(x_2/x_4))",
    "TP": 4,
    "FP": 0,
    "TN": 0,
    "FN": 0,
    "F1": 1.0,
    "selected_name": [
        "g_",
        "q",
        "B",
        "m"
    ],
    "selected_idx": [
        1,
        2,
        3,
        4
    ],
    "perf_metric_updated": true,
    "failed": "no error",
    "mse_train": 6.139094290728753e-30,
    "mae_train": 1.8723911310303263e-15,
    "r2_train": 1.0,
    "mse_test": 6.676878919781713e-30,
    "mae_test": 1.942869198856556e-15,
    "r2_test": 1.0
}