{
    "dataset": "feynman_testing\\feynman_II_34_11\\feynman_II_34_11",
    "algorithm": "BART_GSE",
    "opt": [
        "b",
        "b"
    ],
    "random_state": 15795,
    "process_time": 26.375,
    "time_time": 82.56411743164062,
    "target_noise": 0.0,
    "feature_noise": 0.0,
    "n": 100,
    "p": 4,
    "p0": 4,
    "true_model": " g_*q*B/(2*m)",
    "symbolic_model": "-2.1316282072803e-15+0.5*((x_1*x_2)*(x_3/x_4))",
    "TP": 4,
    "FP": 0,
    "TN": 0,
    "FN": 0,
    "F1": 1.0,
    "selected_name": [
        "g_",
        "q",
        "B",
        "m"
    ],
    "selected_idx": [
        1,
        2,
        3,
        4
    ],
    "perf_metric_updated": true,
    "failed": "no error",
    "mse_train": 6.922038739160607e-30,
    "mae_train": 2.2409851752058783e-15,
    "r2_train": 1.0,
    "mse_test": 7.901750065110381e-30,
    "mae_test": 2.302381063579162e-15,
    "r2_test": 1.0
}