{
    "dataset": "feynman_testing\\feynman_I_43_16\\feynman_I_43_16",
    "algorithm": "BART_GSE",
    "opt": [
        "b",
        "b"
    ],
    "random_state": 11964,
    "process_time": 154.296875,
    "time_time": 576.4731895923615,
    "target_noise": 0.0,
    "feature_noise": 0.0,
    "n": 100,
    "p": 4,
    "p0": 4,
    "true_model": " mu_drift*q*Volt/d",
    "symbolic_model": "-1.15458467528821-5.65971594605044*(x_1-(x_1-x_4))+1.17609590355628*(x_2*x_3)+1.09814535440763*(x_2*(x_1-x_4))+1.54898148434469*(x_3*(x_1-x_4))+5.63701774513477*abs((x_4-(x_1-x_4)))",
    "TP": 4,
    "FP": 0,
    "TN": 0,
    "FN": 0,
    "F1": 1.0,
    "selected_name": [
        "mu_drift",
        "q",
        "Volt",
        "d"
    ],
    "selected_idx": [
        1,
        2,
        3,
        4
    ],
    "perf_metric_updated": true,
    "failed": "no error",
    "mse_train": 5.280702416963179,
    "mae_train": 1.492386315185004,
    "r2_train": 0.9702582815770244,
    "mse_test": 8.373755929532514,
    "mae_test": 1.8632431343594587,
    "r2_test": 0.9172176012507008
}