{
    "dataset": "feynman_testing\\feynman_I_43_16\\feynman_I_43_16",
    "algorithm": "BART_GSE",
    "opt": [
        "b",
        "b"
    ],
    "random_state": 15795,
    "process_time": 26.375,
    "time_time": 82.12469482421875,
    "target_noise": 0.0,
    "feature_noise": 0.0,
    "n": 100,
    "p": 4,
    "p0": 4,
    "true_model": " mu_drift*q*Volt/d",
    "symbolic_model": "-4.2632564145606e-15+1*((x_2*x_3)*(x_1/x_4))",
    "TP": 4,
    "FP": 0,
    "TN": 0,
    "FN": 0,
    "F1": 1.0,
    "selected_name": [
        "mu_drift",
        "q",
        "Volt",
        "d"
    ],
    "selected_idx": [
        1,
        2,
        3,
        4
    ],
    "perf_metric_updated": true,
    "failed": "no error",
    "mse_train": 3.714462505797931e-29,
    "mae_train": 4.812816811750054e-15,
    "r2_train": 1.0,
    "mse_test": 3.2737226270218627e-29,
    "mae_test": 4.6349479809748574e-15,
    "r2_test": 1.0
}