{
    "dataset": "feynman_testing\\feynman_I_43_16\\feynman_I_43_16",
    "algorithm": "BART_GSE",
    "opt": [
        "b",
        "b"
    ],
    "random_state": 21575,
    "process_time": 26.3125,
    "time_time": 85.64104866981506,
    "target_noise": 0.0,
    "feature_noise": 0.0,
    "n": 100,
    "p": 4,
    "p0": 4,
    "true_model": " mu_drift*q*Volt/d",
    "symbolic_model": "-4.2632564145606e-15+1*((x_1*x_3)*(x_2/x_4))",
    "TP": 4,
    "FP": 0,
    "TN": 0,
    "FN": 0,
    "F1": 1.0,
    "selected_name": [
        "mu_drift",
        "q",
        "Volt",
        "d"
    ],
    "selected_idx": [
        1,
        2,
        3,
        4
    ],
    "perf_metric_updated": true,
    "failed": "no error",
    "mse_train": 3.322300028289935e-29,
    "mae_train": 4.684030940893535e-15,
    "r2_train": 1.0,
    "mse_test": 3.3177169806236823e-29,
    "mae_test": 4.661757646573505e-15,
    "r2_test": 1.0
}