{
    "dataset": "feynman_testing\\feynman_II_27_16\\feynman_II_27_16",
    "algorithm": "RF",
    "opt": [
        "u",
        "b",
        "b"
    ],
    "random_state": 11284,
    "process_time": 31.890625,
    "time_time": 36.57733178138733,
    "target_noise": 0.0,
    "feature_noise": 0.0,
    "n": 100,
    "p": 3,
    "p0": 3,
    "true_model": " epsilon*c*Ef**2",
    "symbolic_model": "-4.45829687061201e-15+4.17989235765608e-15*(x_1*((x_3)**2*log(x_2)))+0.999999999999999*(x_1*(x_2*(x_3)**2))",
    "TP": 3,
    "FP": 0,
    "TN": 0,
    "FN": 0,
    "F1": 1.0,
    "selected_name": [
        "epsilon",
        "c",
        "Ef"
    ],
    "selected_idx": [
        1,
        2,
        3
    ],
    "perf_metric_updated": true,
    "failed": "no error",
    "mse_train": 7.088921031064948e-27,
    "mae_train": 4.8698822752157865e-14,
    "r2_train": 1.0,
    "mse_test": 5.103169042664679e-27,
    "mae_test": 4.282973975477944e-14,
    "r2_test": 1.0
}