{
    "dataset": "feynman_testing\\feynman_II_27_16\\feynman_II_27_16",
    "algorithm": "RF",
    "opt": [
        "u",
        "b",
        "b"
    ],
    "random_state": 22118,
    "process_time": 28.140625,
    "time_time": 34.71428084373474,
    "target_noise": 0.0,
    "feature_noise": 0.0,
    "n": 100,
    "p": 3,
    "p0": 3,
    "true_model": " epsilon*c*Ef**2",
    "symbolic_model": "1.18505873582551e-14+7.00710176323291e-16*(x_1*((x_3)**2*log(x_2)))+1*(x_1*(x_2*(x_3)**2))",
    "TP": 3,
    "FP": 0,
    "TN": 0,
    "FN": 0,
    "F1": 1.0,
    "selected_name": [
        "epsilon",
        "c",
        "Ef"
    ],
    "selected_idx": [
        1,
        2,
        3
    ],
    "perf_metric_updated": true,
    "failed": "no error",
    "mse_train": 3.813211620875431e-27,
    "mae_train": 3.9630521087019586e-14,
    "r2_train": 1.0,
    "mse_test": 3.776070665006737e-27,
    "mae_test": 4.052745694593796e-14,
    "r2_test": 1.0
}