{
    "dataset": "feynman_testing\\feynman_II_27_16\\feynman_II_27_16",
    "algorithm": "RF",
    "opt": [
        "u",
        "b",
        "b"
    ],
    "random_state": 15795,
    "process_time": 26.171875,
    "time_time": 31.377376079559326,
    "target_noise": 0.0,
    "feature_noise": 0.0,
    "n": 100,
    "p": 3,
    "p0": 3,
    "true_model": " epsilon*c*Ef**2",
    "symbolic_model": "3.48065339041509e-14+7.32369256450765e-16*(x_1*((x_3)**2*log(x_2)))+0.999999999999999*(x_1*(x_2*(x_3)**2))",
    "TP": 3,
    "FP": 0,
    "TN": 0,
    "FN": 0,
    "F1": 1.0,
    "selected_name": [
        "epsilon",
        "c",
        "Ef"
    ],
    "selected_idx": [
        1,
        2,
        3
    ],
    "perf_metric_updated": true,
    "failed": "no error",
    "mse_train": 5.347841904369757e-27,
    "mae_train": 4.703792910731863e-14,
    "r2_train": 1.0,
    "mse_test": 6.846328770275869e-27,
    "mae_test": 4.9350248332302726e-14,
    "r2_test": 1.0
}