{
    "dataset": "feynman_testing\\feynman_I_18_12\\feynman_I_18_12",
    "algorithm": "RF",
    "opt": [
        "u",
        "b",
        "b"
    ],
    "random_state": 15795,
    "process_time": 36.390625,
    "time_time": 38.39223122596741,
    "target_noise": 0.0,
    "feature_noise": 0.0,
    "n": 100,
    "p": 3,
    "p0": 3,
    "true_model": " r*F*sin(theta)",
    "symbolic_model": "-2.23592293972464e-16+2.81253304773935e-16*((sin(x_3)*(x_1)**2)+(sin(x_3)*(x_2)**2))+0.999999999999999*(x_1*(x_2*sin(x_3)))",
    "TP": 3,
    "FP": 0,
    "TN": 0,
    "FN": 0,
    "F1": 1.0,
    "selected_name": [
        "r",
        "F",
        "theta"
    ],
    "selected_idx": [
        1,
        2,
        3
    ],
    "perf_metric_updated": true,
    "failed": "no error",
    "mse_train": 1.3043776549230543e-29,
    "mae_train": 2.4794055697441308e-15,
    "r2_train": 1.0,
    "mse_test": 1.5359450085453608e-29,
    "mae_test": 2.6626971300793675e-15,
    "r2_test": 1.0
}