{
    "dataset": "feynman_testing\\feynman_I_18_14\\feynman_I_18_14",
    "algorithm": "BART_GSE",
    "opt": [
        "u",
        "b",
        "b"
    ],
    "random_state": 21575,
    "process_time": 230.96875,
    "time_time": 424.123539686203,
    "target_noise": 0.0,
    "feature_noise": 0.0,
    "n": 500,
    "p": 4,
    "p0": 4,
    "true_model": " m*r*v*sin(theta)",
    "symbolic_model": "-6.35528743231302e-16+1*((x_1*x_3)*(x_2*sin(x_4)))",
    "TP": 4,
    "FP": 0,
    "TN": 0,
    "FN": 0,
    "F1": 1.0,
    "selected_name": [
        "m",
        "r",
        "v",
        "theta"
    ],
    "selected_idx": [
        1,
        2,
        3,
        4
    ],
    "perf_metric_updated": true,
    "failed": "no error",
    "mse_train": 8.559367619158229e-29,
    "mae_train": 5.544231740373107e-15,
    "r2_train": 1.0,
    "mse_test": 9.177798747678971e-29,
    "mae_test": 5.6131395571087234e-15,
    "r2_test": 1.0
}