{
    "dataset": "feynman_testing\\feynman_I_18_14\\feynman_I_18_14",
    "algorithm": "BART_GSE",
    "opt": [
        "u",
        "b",
        "b"
    ],
    "random_state": 11964,
    "process_time": 6296.9375,
    "time_time": 11537.467039108276,
    "target_noise": 0.0,
    "feature_noise": 0.0,
    "n": 500,
    "p": 4,
    "p0": 4,
    "true_model": " m*r*v*sin(theta)",
    "symbolic_model": "1.35129345961753+6.38293841609124*((x_1*x_2)+(x_2*x_3))+0.615935055377067*(x_2*(x_4)**2)-2.06813812195498*(x_4*(x_1*x_2))-2.08085426226254*(x_4*(x_2*x_3))-17.9711042154275*(x_2/x_4)",
    "TP": 4,
    "FP": 0,
    "TN": 0,
    "FN": 0,
    "F1": 1.0,
    "selected_name": [
        "m",
        "r",
        "v",
        "theta"
    ],
    "selected_idx": [
        1,
        2,
        3,
        4
    ],
    "perf_metric_updated": true,
    "failed": "no error",
    "mse_train": 24.039057879286766,
    "mae_train": 3.389151949145974,
    "r2_train": 0.9585912859858806,
    "mse_test": 29.037885387448604,
    "mae_test": 3.719556274822619,
    "r2_test": 0.9556890812208624
}