{
    "dataset": "feynman_testing\\feynman_I_18_14\\feynman_I_18_14",
    "algorithm": "BART_GSE",
    "opt": [
        "u",
        "b",
        "b"
    ],
    "random_state": 11284,
    "process_time": 1559.203125,
    "time_time": 2360.9024860858917,
    "target_noise": 0.0,
    "feature_noise": 0.0,
    "n": 500,
    "p": 4,
    "p0": 4,
    "true_model": " m*r*v*sin(theta)",
    "symbolic_model": "-0.00815085480173136+0.985487750524151*((x_1*sqrt(x_3))*(sqrt(x_2)*sin(x_4)))+0.154175339972954*((x_1*log(x_2))*((x_3)**2*sin(x_4)))+0.038882605469902*(((x_2)**2+(x_3)**2)/((1/x_1)/sin(x_4)))+0.698130163588614*((x_2*sin(x_4))/((1/x_1)/log(x_3)))+0.0525540555977435*((x_3*(x_2)**2)/((1/x_1)/sin(x_4)))",
    "TP": 4,
    "FP": 0,
    "TN": 0,
    "FN": 0,
    "F1": 1.0,
    "selected_name": [
        "m",
        "r",
        "v",
        "theta"
    ],
    "selected_idx": [
        1,
        2,
        3,
        4
    ],
    "perf_metric_updated": true,
    "failed": "no error",
    "mse_train": 0.06424312041265004,
    "mae_train": 0.16931212629858697,
    "r2_train": 0.9999060242583905,
    "mse_test": 0.06540308690215947,
    "mae_test": 0.17907726015320924,
    "r2_test": 0.999901351826293
}