{
    "dataset": "feynman_testing\\feynman_I_24_6\\feynman_I_24_6",
    "algorithm": "BART_GSE",
    "opt": [
        "u",
        "b",
        "b"
    ],
    "random_state": 11284,
    "process_time": 333.25,
    "time_time": 644.3155241012573,
    "target_noise": 0.0,
    "feature_noise": 0.0,
    "n": 500,
    "p": 4,
    "p0": 4,
    "true_model": " 1/2*m*(omega**2+omega_0**2)*1/2*x**2",
    "symbolic_model": "-9.68311325173364+1.34771112403636*((x_1*x_4)*(x_2*sqrt(x_4)))+0.468470025190741*((x_1*x_3)/((1/x_4)/x_3))+0.391862187671509*((x_2*sqrt(x_4))/((1/x_4)/x_3))+16.7360522837774*(((1/x_4)/x_3)/(x_2*sqrt(x_4)))-2.18607389352188*abs((x_4-(x_1*sqrt(x_4))))",
    "TP": 4,
    "FP": 0,
    "TN": 0,
    "FN": 0,
    "F1": 1.0,
    "selected_name": [
        "m",
        "omega",
        "omega_0",
        "x"
    ],
    "selected_idx": [
        1,
        2,
        3,
        4
    ],
    "perf_metric_updated": true,
    "failed": "no error",
    "mse_train": 2.0220523083018094,
    "mae_train": 1.1062510984800182,
    "r2_train": 0.9899554343492322,
    "mse_test": 2.386916335322447,
    "mae_test": 1.1424989643752927,
    "r2_test": 0.9886493570106833
}