{
    "dataset": "feynman_testing\\feynman_I_24_6\\feynman_I_24_6",
    "algorithm": "BART_GSE",
    "opt": [
        "u",
        "b",
        "b"
    ],
    "random_state": 15795,
    "process_time": 3668.15625,
    "time_time": 6886.9524538517,
    "target_noise": 0.0,
    "feature_noise": 0.0,
    "n": 500,
    "p": 4,
    "p0": 4,
    "true_model": " 1/2*m*(omega**2+omega_0**2)*1/2*x**2",
    "symbolic_model": "-23.0283085566975+12.9740100893353*(x_4+cos(x_4))-1.51604512202045*(x_3*(x_1*x_2))+1.84289160411179*((x_1*x_2)*(x_3*x_4))+2.98083956478728*abs((x_2-x_3))+1.40395296486964*abs(((x_3+x_4)-(x_3*x_4)))",
    "TP": 4,
    "FP": 0,
    "TN": 0,
    "FN": 0,
    "F1": 1.0,
    "selected_name": [
        "m",
        "omega",
        "omega_0",
        "x"
    ],
    "selected_idx": [
        1,
        2,
        3,
        4
    ],
    "perf_metric_updated": true,
    "failed": "no error",
    "mse_train": 1.533444888974817,
    "mae_train": 0.8960061379793409,
    "r2_train": 0.9923312982339308,
    "mse_test": 2.2169781859294204,
    "mae_test": 0.986838761219042,
    "r2_test": 0.9893284769714216
}