{
    "dataset": "feynman_testing\\feynman_I_24_6\\feynman_I_24_6",
    "algorithm": "BART_GSE",
    "opt": [
        "u",
        "b",
        "b"
    ],
    "random_state": 21575,
    "process_time": 258.375,
    "time_time": 465.5709238052368,
    "target_noise": 0.0,
    "feature_noise": 0.0,
    "n": 500,
    "p": 4,
    "p0": 4,
    "true_model": " 1/2*m*(omega**2+omega_0**2)*1/2*x**2",
    "symbolic_model": "-7.76442538723427+0.389228679827111*(exp(x_4)*(x_1*x_2))+0.541023417653284*((x_1*x_3)*(x_3*x_4))+3.01610146102968*((x_2+sqrt(x_4))/(x_1*x_2))-2.39462445139484*abs((x_3-x_4))+2.52454203881583*abs((x_4-(x_2*sqrt(x_4))))",
    "TP": 4,
    "FP": 0,
    "TN": 0,
    "FN": 0,
    "F1": 1.0,
    "selected_name": [
        "m",
        "omega",
        "omega_0",
        "x"
    ],
    "selected_idx": [
        1,
        2,
        3,
        4
    ],
    "perf_metric_updated": true,
    "failed": "no error",
    "mse_train": 1.6642780484799942,
    "mae_train": 0.9902565791909597,
    "r2_train": 0.9926269144026344,
    "mse_test": 1.7826697089248427,
    "mae_test": 1.0207502211810386,
    "r2_test": 0.9914829261579108
}