{
    "dataset": "feynman_testing\\feynman_I_24_6\\feynman_I_24_6",
    "algorithm": "BART_GSE",
    "opt": [
        "u",
        "b",
        "b"
    ],
    "random_state": 11964,
    "process_time": 607.28125,
    "time_time": 951.2396805286407,
    "target_noise": 0.0,
    "feature_noise": 0.0,
    "n": 500,
    "p": 4,
    "p0": 4,
    "true_model": " 1/2*m*(omega**2+omega_0**2)*1/2*x**2",
    "symbolic_model": "0.720664146507638+0.505686164267699*(exp(x_4)*(x_1*x_2))+0.444610576069266*(exp(x_4)*(x_1*x_3))-0.540996041919634*(exp(x_4)*(x_1*sqrt(x_4)))-5.24706028507102*((x_1*x_3)/exp(x_4))+1.78315406218549*abs(((x_1*x_3)-(x_1*sqrt(x_4))))",
    "TP": 4,
    "FP": 0,
    "TN": 0,
    "FN": 0,
    "F1": 1.0,
    "selected_name": [
        "m",
        "omega",
        "omega_0",
        "x"
    ],
    "selected_idx": [
        1,
        2,
        3,
        4
    ],
    "perf_metric_updated": true,
    "failed": "no error",
    "mse_train": 1.0797670325171025,
    "mae_train": 0.7161668652924275,
    "r2_train": 0.9951896082317611,
    "mse_test": 1.1630008941395822,
    "mae_test": 0.7689967942336624,
    "r2_test": 0.9945604755608578
}