{
    "dataset": "feynman_testing\\feynman_I_14_3\\feynman_I_14_3",
    "algorithm": "BART_GSE",
    "opt": [
        "b",
        "b"
    ],
    "random_state": 11284,
    "process_time": 24.265625,
    "time_time": 75.9886691570282,
    "target_noise": 0.0,
    "feature_noise": 0.0,
    "n": 100,
    "p": 3,
    "p0": 3,
    "true_model": " m*g*z",
    "symbolic_model": "0+1*(x_1*(x_2*x_3))",
    "TP": 3,
    "FP": 0,
    "TN": 0,
    "FN": 0,
    "F1": 1.0,
    "selected_name": [
        "m",
        "g",
        "z"
    ],
    "selected_idx": [
        1,
        2,
        3
    ],
    "perf_metric_updated": true,
    "failed": "no error",
    "mse_train": 4.959568511124501e-29,
    "mae_train": 4.82280881897168e-15,
    "r2_train": 1.0,
    "mse_test": 6.50391756097115e-29,
    "mae_test": 4.945981402215693e-15,
    "r2_test": 1.0
}