{
    "dataset": "feynman_testing\\feynman_I_12_11\\feynman_I_12_11",
    "algorithm": "RF",
    "opt": [
        "u",
        "b",
        "b"
    ],
    "random_state": 22118,
    "process_time": 1009.859375,
    "time_time": 2157.7432191371918,
    "target_noise": 0.0,
    "feature_noise": 0.0,
    "n": 200,
    "p": 5,
    "p0": 5,
    "true_model": " q*(Ef+B*v*sin(theta))",
    "symbolic_model": "0+1*(x_1*x_2)+6.77214773689817e-17*(x_2*(x_1)**2)+1*((x_1*sin(x_5))/((1/x_3)*(1/x_4)))+9.33804001518993e-17*(((x_4)**2*sin(x_5))/((1/x_1)/log(x_4)))",
    "TP": 5,
    "FP": 0,
    "TN": 0,
    "FN": 0,
    "F1": 1.0,
    "selected_name": [
        "q",
        "Ef",
        "B",
        "v",
        "theta"
    ],
    "selected_idx": [
        1,
        2,
        3,
        4,
        5
    ],
    "perf_metric_updated": true,
    "failed": "no error",
    "mse_train": 1.5814643160285557e-28,
    "mae_train": 7.745332153419327e-15,
    "r2_train": 1.0,
    "mse_test": 1.3577983467502448e-28,
    "mae_test": 7.346243040967648e-15,
    "r2_test": 1.0
}