{
    "dataset": "feynman_testing\\feynman_I_12_11\\feynman_I_12_11",
    "algorithm": "RF",
    "opt": [
        "u",
        "b",
        "b"
    ],
    "random_state": 15795,
    "process_time": 1271.28125,
    "time_time": 2446.974140882492,
    "target_noise": 0.0,
    "feature_noise": 0.0,
    "n": 200,
    "p": 5,
    "p0": 5,
    "true_model": " q*(Ef+B*v*sin(theta))",
    "symbolic_model": "3.45677370741725+0.179113400684807*((log(x_1)+sin(x_5))*(x_3*x_4))+5.1336155499375*((log(x_5)+(1/x_1))*((x_1)**2/exp(x_5)))+0.730633898879878*((x_1*sin(x_5))*(x_3*x_4))+0.024335188391183*(((x_1)**2*log(x_4))*((x_3)**2*sin(x_5)))+0.0177454211003022*(((x_4)**2*log(x_3))/(sin(x_5)+(1/x_3)))",
    "TP": 4,
    "FP": 0,
    "TN": 0,
    "FN": 1,
    "F1": 0.8888888888888888,
    "selected_name": [
        "q",
        "B",
        "v",
        "theta"
    ],
    "selected_idx": [
        1,
        3,
        4,
        5
    ],
    "perf_metric_updated": true,
    "failed": "no error",
    "mse_train": 14.28369812685306,
    "mae_train": 3.068865135728187,
    "r2_train": 0.9796865307671336,
    "mse_test": 401.92406168238364,
    "mae_test": 3.8705568826728225,
    "r2_test": 0.4015370429631284
}