{
    "dataset": "feynman_testing\\feynman_I_12_11\\feynman_I_12_11",
    "algorithm": "RF",
    "opt": [
        "u",
        "b",
        "b"
    ],
    "random_state": 21575,
    "process_time": 1075.359375,
    "time_time": 2474.6222031116486,
    "target_noise": 0.0,
    "feature_noise": 0.0,
    "n": 200,
    "p": 5,
    "p0": 5,
    "true_model": " q*(Ef+B*v*sin(theta))",
    "symbolic_model": "5.13327133992536+0.146928404879035*((x_1)**2+((x_3)**2*sin(x_5)))+2.53890082407839*(log(x_1)+(log(x_1)*sin(x_5)))+0.0769803113716594*((sin(x_5)-(1/x_1))*(x_3*(x_4)**2))+0.00999548138982469*((x_1)**2/abs((sin(x_5)-(1/x_1))))+0.784651107035789*((x_4*sin(x_5))/((1/x_1)*(1/x_3)))",
    "TP": 4,
    "FP": 0,
    "TN": 0,
    "FN": 1,
    "F1": 0.8888888888888888,
    "selected_name": [
        "q",
        "B",
        "v",
        "theta"
    ],
    "selected_idx": [
        1,
        3,
        4,
        5
    ],
    "perf_metric_updated": true,
    "failed": "no error",
    "mse_train": 13.020091421883388,
    "mae_train": 2.950594915426527,
    "r2_train": 0.9779048752827733,
    "mse_test": 182.3062842835722,
    "mae_test": 3.776429785977237,
    "r2_test": 0.734888115679783
}