{
    "dataset": "feynman_testing\\feynman_I_12_11\\feynman_I_12_11",
    "algorithm": "RF",
    "opt": [
        "u",
        "b",
        "b"
    ],
    "random_state": 11964,
    "process_time": 1260.84375,
    "time_time": 2701.2928488254547,
    "target_noise": 0.0,
    "feature_noise": 0.0,
    "n": 200,
    "p": 5,
    "p0": 5,
    "true_model": " q*(Ef+B*v*sin(theta))",
    "symbolic_model": "4.38915430275091+0.297217646082109*((x_3+(x_5)**2)*((x_1)**2/exp(x_5)))+8.08086198160606*(((x_5)**2-sin(x_3))*(log(x_1)/exp(x_5)))+0.891327163199258*((x_1*x_4)*(x_3*sin(x_5)))+1.70564685261369*abs((x_1-(x_4*log(x_1))))-3.39381425246537*abs(((sin(x_5)+(1/x_4))-(sqrt(x_1)/(x_5)**2)))",
    "TP": 4,
    "FP": 0,
    "TN": 0,
    "FN": 1,
    "F1": 0.8888888888888888,
    "selected_name": [
        "q",
        "B",
        "v",
        "theta"
    ],
    "selected_idx": [
        1,
        3,
        4,
        5
    ],
    "perf_metric_updated": true,
    "failed": "no error",
    "mse_train": 13.417044698382274,
    "mae_train": 2.869889415065576,
    "r2_train": 0.9822760688705158,
    "mse_test": 18.129772235252478,
    "mae_test": 3.3705245681558926,
    "r2_test": 0.9729030583504035
}