{
    "dataset": "feynman_testing\\feynman_I_18_14\\feynman_I_18_14",
    "algorithm": "RF",
    "opt": [
        "u",
        "b",
        "b"
    ],
    "random_state": 11284,
    "process_time": 961.0625,
    "time_time": 1949.4492919445038,
    "target_noise": 0.0,
    "feature_noise": 0.0,
    "n": 200,
    "p": 4,
    "p0": 4,
    "true_model": " m*r*v*sin(theta)",
    "symbolic_model": "-0.101057993074851+0.00179672297295857*(exp(x_3)*((x_1)**2*sin(x_4)))+0.00384188632719609*(exp(x_3)*((x_2)**2*sin(x_4)))+0.687245356152177*((x_2-sin(x_3))*(x_1*sin(x_4)))+2.01370808722525*((x_1*sin(x_4))*(x_2*log(x_3)))+0.0448880422426006*(((x_1)**2*sin(x_4))/log(x_3))",
    "TP": 4,
    "FP": 0,
    "TN": 0,
    "FN": 0,
    "F1": 1.0,
    "selected_name": [
        "m",
        "r",
        "v",
        "theta"
    ],
    "selected_idx": [
        1,
        2,
        3,
        4
    ],
    "perf_metric_updated": true,
    "failed": "no error",
    "mse_train": 0.5056018150548431,
    "mae_train": 0.45480077980320843,
    "r2_train": 0.9992667818933544,
    "mse_test": 19305.77260008119,
    "mae_test": 1.7803202816298616,
    "r2_test": -28.119102770322705
}