{
    "dataset": "feynman_testing\\feynman_I_18_14\\feynman_I_18_14",
    "algorithm": "RF",
    "opt": [
        "u",
        "b",
        "b"
    ],
    "random_state": 22118,
    "process_time": 774.78125,
    "time_time": 1774.5054149627686,
    "target_noise": 0.0,
    "feature_noise": 0.0,
    "n": 200,
    "p": 4,
    "p0": 4,
    "true_model": " m*r*v*sin(theta)",
    "symbolic_model": "-2.25105674274618e-16-2.8068338467028e-16*(((x_1)**2+(x_3)**2)*(x_2*sin(x_4)))+1*((x_1*x_2)*(x_3*sin(x_4)))",
    "TP": 4,
    "FP": 0,
    "TN": 0,
    "FN": 0,
    "F1": 1.0,
    "selected_name": [
        "m",
        "r",
        "v",
        "theta"
    ],
    "selected_idx": [
        1,
        2,
        3,
        4
    ],
    "perf_metric_updated": true,
    "failed": "no error",
    "mse_train": 3.2447251517999844e-28,
    "mae_train": 1.2811314509253436e-14,
    "r2_train": 1.0,
    "mse_test": 3.3320398661275217e-28,
    "mae_test": 1.3140876798170554e-14,
    "r2_test": 1.0
}