{
    "dataset": "feynman_testing\\feynman_III_13_18\\feynman_III_13_18",
    "algorithm": "RF",
    "opt": [
        "u",
        "b",
        "b"
    ],
    "random_state": 11284,
    "process_time": 36.03125,
    "time_time": 37.88650822639465,
    "target_noise": 0.0,
    "feature_noise": 0.0,
    "n": 100,
    "p": 4,
    "p0": 4,
    "true_model": " 2*E_n*d**2*k/(h/(2*3.1415926535))",
    "symbolic_model": "5.53808578861182e-13+1.62637981248568e-13*(((x_2)**2*log(x_3))*(x_1*(1/x_4)))+12.5663706143591*((x_3*(x_2)**2)*(x_1*(1/x_4)))",
    "TP": 4,
    "FP": 0,
    "TN": 0,
    "FN": 0,
    "F1": 1.0,
    "selected_name": [
        "E_n",
        "d",
        "k",
        "h"
    ],
    "selected_idx": [
        1,
        2,
        3,
        4
    ],
    "perf_metric_updated": true,
    "failed": "no error",
    "mse_train": 4.816440112836097e-25,
    "mae_train": 4.655831276068057e-13,
    "r2_train": 1.0,
    "mse_test": 6.637174431333998e-25,
    "mae_test": 4.989333213245572e-13,
    "r2_test": 1.0
}