{
    "dataset": "feynman_testing\\feynman_III_13_18\\feynman_III_13_18",
    "algorithm": "RF",
    "opt": [
        "u",
        "b",
        "b"
    ],
    "random_state": 22118,
    "process_time": 36.453125,
    "time_time": 47.49045658111572,
    "target_noise": 0.0,
    "feature_noise": 0.0,
    "n": 100,
    "p": 4,
    "p0": 4,
    "true_model": " 2*E_n*d**2*k/(h/(2*3.1415926535))",
    "symbolic_model": "9.09494701772928e-14+12.5663706143592*(((x_2)**2*(1/x_4))*(x_1*x_3))",
    "TP": 4,
    "FP": 0,
    "TN": 0,
    "FN": 0,
    "F1": 1.0,
    "selected_name": [
        "E_n",
        "d",
        "k",
        "h"
    ],
    "selected_idx": [
        1,
        2,
        3,
        4
    ],
    "perf_metric_updated": true,
    "failed": "no error",
    "mse_train": 3.182547524746684e-24,
    "mae_train": 1.2217249434343102e-12,
    "r2_train": 1.0,
    "mse_test": 2.9546133247565775e-24,
    "mae_test": 1.1644642405883587e-12,
    "r2_test": 1.0
}