{
    "dataset": "feynman_testing\\feynman_III_13_18\\feynman_III_13_18",
    "algorithm": "RF",
    "opt": [
        "u",
        "b",
        "b"
    ],
    "random_state": 21575,
    "process_time": 32.375,
    "time_time": 40.158791303634644,
    "target_noise": 0.0,
    "feature_noise": 0.0,
    "n": 100,
    "p": 4,
    "p0": 4,
    "true_model": " 2*E_n*d**2*k/(h/(2*3.1415926535))",
    "symbolic_model": "-4.619348619292e-13-3.14087148051052e-14*(((x_2)**2*log(x_1))*(x_3*(1/x_4)))+12.5663706143592*((x_1*(x_2)**2)*(x_3*(1/x_4)))",
    "TP": 4,
    "FP": 0,
    "TN": 0,
    "FN": 0,
    "F1": 1.0,
    "selected_name": [
        "E_n",
        "d",
        "k",
        "h"
    ],
    "selected_idx": [
        1,
        2,
        3,
        4
    ],
    "perf_metric_updated": true,
    "failed": "no error",
    "mse_train": 3.9806501879078497e-25,
    "mae_train": 4.3009151795558865e-13,
    "r2_train": 1.0,
    "mse_test": 7.704069136275962e-25,
    "mae_test": 5.054975105167614e-13,
    "r2_test": 1.0
}