{
    "dataset": "feynman_testing\\feynman_II_8_7\\feynman_II_8_7",
    "algorithm": "BART_GSE",
    "opt": [
        "u",
        "b",
        "b"
    ],
    "random_state": 15795,
    "process_time": 62.984375,
    "time_time": 178.86578702926636,
    "target_noise": 0.0,
    "feature_noise": 0.0,
    "n": 100,
    "p": 3,
    "p0": 3,
    "true_model": " 3/5*q**2/(4*3.1415926535*epsilon*d)",
    "symbolic_model": "-1.11022302462516e-17+0.0477464829275686*((x_1/x_2)*(x_1/x_3))",
    "TP": 3,
    "FP": 0,
    "TN": 0,
    "FN": 0,
    "F1": 1.0,
    "selected_name": [
        "q",
        "epsilon",
        "d"
    ],
    "selected_idx": [
        1,
        2,
        3
    ],
    "perf_metric_updated": true,
    "failed": "no error",
    "mse_train": 2.4662736644093795e-33,
    "mae_train": 3.8857805861880476e-17,
    "r2_train": 1.0,
    "mse_test": 3.053989897047628e-33,
    "mae_test": 4.1514968546207955e-17,
    "r2_test": 1.0
}