{
    "dataset": "feynman_testing\\feynman_II_8_7\\feynman_II_8_7",
    "algorithm": "BART_GSE",
    "opt": [
        "u",
        "b",
        "b"
    ],
    "random_state": 22118,
    "process_time": 66.453125,
    "time_time": 165.6436288356781,
    "target_noise": 0.0,
    "feature_noise": 0.0,
    "n": 100,
    "p": 3,
    "p0": 3,
    "true_model": " 3/5*q**2/(4*3.1415926535*epsilon*d)",
    "symbolic_model": "0.0252281346574704-0.0679572900034038*(log(x_1)*(1/x_1))+0.00127418601382876*((x_1-x_2)*(x_1/x_3))+0.00125141846035711*((x_1-x_3)*(x_1/x_3))+0.134801366708931*((x_1/x_3)*(log(x_1)/x_2))-0.00902001835655222*abs(((1/x_1)-(log(x_1)/x_3)))",
    "TP": 3,
    "FP": 0,
    "TN": 0,
    "FN": 0,
    "F1": 1.0,
    "selected_name": [
        "q",
        "epsilon",
        "d"
    ],
    "selected_idx": [
        1,
        2,
        3
    ],
    "perf_metric_updated": true,
    "failed": "no error",
    "mse_train": 1.5079055408547173e-05,
    "mae_train": 0.00272231529381214,
    "r2_train": 0.9980424424700853,
    "mse_test": 1.6837726253498835e-05,
    "mae_test": 0.0028879486216509855,
    "r2_test": 0.997849587885993
}