{
    "dataset": "feynman_testing\\feynman_II_8_7\\feynman_II_8_7",
    "algorithm": "BART_GSE",
    "opt": [
        "u",
        "b",
        "b"
    ],
    "random_state": 21575,
    "process_time": 61.03125,
    "time_time": 167.07700848579407,
    "target_noise": 0.0,
    "feature_noise": 0.0,
    "n": 100,
    "p": 3,
    "p0": 3,
    "true_model": " 3/5*q**2/(4*3.1415926535*epsilon*d)",
    "symbolic_model": "-9.88594159943517e-17-2.04633491954312e-16*((x_1/x_3)*(log(x_1)/x_2))+0.0477464829275687*((x_1/x_3)/(x_2/x_1))",
    "TP": 3,
    "FP": 0,
    "TN": 0,
    "FN": 0,
    "F1": 1.0,
    "selected_name": [
        "q",
        "epsilon",
        "d"
    ],
    "selected_idx": [
        1,
        2,
        3
    ],
    "perf_metric_updated": true,
    "failed": "no error",
    "mse_train": 4.8266381089961135e-33,
    "mae_train": 4.826434391036472e-17,
    "r2_train": 1.0,
    "mse_test": 5.137420127814535e-33,
    "mae_test": 4.69085881249498e-17,
    "r2_test": 1.0
}