{
    "dataset": "feynman_testing\\feynman_II_8_7\\feynman_II_8_7",
    "algorithm": "BART_GSE",
    "opt": [
        "u",
        "b",
        "b"
    ],
    "random_state": 11284,
    "process_time": 64.84375,
    "time_time": 186.87481427192688,
    "target_noise": 0.0,
    "feature_noise": 0.0,
    "n": 100,
    "p": 3,
    "p0": 3,
    "true_model": " 3/5*q**2/(4*3.1415926535*epsilon*d)",
    "symbolic_model": "-1.33226762955019e-16+0.0477464829275686*((x_1/x_2)*(x_1/x_3))",
    "TP": 3,
    "FP": 0,
    "TN": 0,
    "FN": 0,
    "F1": 1.0,
    "selected_name": [
        "q",
        "epsilon",
        "d"
    ],
    "selected_idx": [
        1,
        2,
        3
    ],
    "perf_metric_updated": true,
    "failed": "no error",
    "mse_train": 1.3879101296768937e-32,
    "mae_train": 1.0301655362088269e-16,
    "r2_train": 1.0,
    "mse_test": 1.1573952436139761e-32,
    "mae_test": 9.712359388958092e-17,
    "r2_test": 1.0
}