{
    "dataset": "feynman_testing\\feynman_I_18_14\\feynman_I_18_14",
    "algorithm": "RF",
    "opt": [
        "u",
        "b",
        "b"
    ],
    "random_state": 11284,
    "process_time": 35.09375,
    "time_time": 44.935874700546265,
    "target_noise": 0.0,
    "feature_noise": 0.0,
    "n": 100,
    "p": 4,
    "p0": 4,
    "true_model": " m*r*v*sin(theta)",
    "symbolic_model": "-5.53837647688072e-15-3.52456749088176e-15*((sin(x_4)*log(x_1))*(x_3*log(x_2)))+1*((x_1*sin(x_4))*(x_2*x_3))",
    "TP": 4,
    "FP": 0,
    "TN": 0,
    "FN": 0,
    "F1": 1.0,
    "selected_name": [
        "m",
        "r",
        "v",
        "theta"
    ],
    "selected_idx": [
        1,
        2,
        3,
        4
    ],
    "perf_metric_updated": true,
    "failed": "no error",
    "mse_train": 2.8899166031570517e-28,
    "mae_train": 1.1576711811400742e-14,
    "r2_train": 1.0,
    "mse_test": 2.3833030174679948e-28,
    "mae_test": 1.1275127819246334e-14,
    "r2_test": 1.0
}