{
    "dataset": "feynman_testing\\feynman_I_18_14\\feynman_I_18_14",
    "algorithm": "RF",
    "opt": [
        "u",
        "b",
        "b"
    ],
    "random_state": 22118,
    "process_time": 26.515625,
    "time_time": 36.507895708084106,
    "target_noise": 0.0,
    "feature_noise": 0.0,
    "n": 100,
    "p": 4,
    "p0": 4,
    "true_model": " m*r*v*sin(theta)",
    "symbolic_model": "2.8421709430404e-15+1*((x_2*sin(x_4))*(x_1*x_3))",
    "TP": 4,
    "FP": 0,
    "TN": 0,
    "FN": 0,
    "F1": 1.0,
    "selected_name": [
        "m",
        "r",
        "v",
        "theta"
    ],
    "selected_idx": [
        1,
        2,
        3,
        4
    ],
    "perf_metric_updated": true,
    "failed": "no error",
    "mse_train": 9.806214272746299e-29,
    "mae_train": 6.32698754499117e-15,
    "r2_train": 1.0,
    "mse_test": 1.0115924838119363e-28,
    "mae_test": 6.563177440757628e-15,
    "r2_test": 1.0
}