{
    "dataset": "feynman_testing\\feynman_I_18_14\\feynman_I_18_14",
    "algorithm": "RF",
    "opt": [
        "u",
        "b",
        "b"
    ],
    "random_state": 11964,
    "process_time": 34.671875,
    "time_time": 36.728769302368164,
    "target_noise": 0.0,
    "feature_noise": 0.0,
    "n": 100,
    "p": 4,
    "p0": 4,
    "true_model": " m*r*v*sin(theta)",
    "symbolic_model": "-1.57651669496772e-15+1*((x_1*sin(x_4))*(x_2*x_3))",
    "TP": 4,
    "FP": 0,
    "TN": 0,
    "FN": 0,
    "F1": 1.0,
    "selected_name": [
        "m",
        "r",
        "v",
        "theta"
    ],
    "selected_idx": [
        1,
        2,
        3,
        4
    ],
    "perf_metric_updated": true,
    "failed": "no error",
    "mse_train": 9.19174871936492e-29,
    "mae_train": 5.51392265180084e-15,
    "r2_train": 1.0,
    "mse_test": 9.872214983658769e-29,
    "mae_test": 6.0277657734988944e-15,
    "r2_test": 1.0
}