{
    "dataset": "feynman_testing\\feynman_I_18_14\\feynman_I_18_14",
    "algorithm": "RF",
    "opt": [
        "u",
        "b",
        "b"
    ],
    "random_state": 15795,
    "process_time": 33.046875,
    "time_time": 33.55747842788696,
    "target_noise": 0.0,
    "feature_noise": 0.0,
    "n": 100,
    "p": 4,
    "p0": 4,
    "true_model": " m*r*v*sin(theta)",
    "symbolic_model": "-1.72576222744284e-16+1.41928183436763e-15*((x_1*sin(x_4))*(x_3*log(x_2)))+1*((x_1*sin(x_4))*(x_2*x_3))",
    "TP": 4,
    "FP": 0,
    "TN": 0,
    "FN": 0,
    "F1": 1.0,
    "selected_name": [
        "m",
        "r",
        "v",
        "theta"
    ],
    "selected_idx": [
        1,
        2,
        3,
        4
    ],
    "perf_metric_updated": true,
    "failed": "no error",
    "mse_train": 1.9977569624027733e-28,
    "mae_train": 9.049427873719652e-15,
    "r2_train": 1.0,
    "mse_test": 2.592505798174021e-28,
    "mae_test": 1.0790569754458128e-14,
    "r2_test": 1.0
}