{
    "dataset": "feynman_testing\\feynman_II_8_7\\feynman_II_8_7",
    "algorithm": "BART_GSE",
    "opt": [
        "u",
        "b",
        "b"
    ],
    "random_state": 21575,
    "process_time": 673.875,
    "time_time": 898.7355217933655,
    "target_noise": 0.0,
    "feature_noise": 0.0,
    "n": 500,
    "p": 3,
    "p0": 3,
    "true_model": " 3/5*q**2/(4*3.1415926535*epsilon*d)",
    "symbolic_model": "0.00834806957008158-0.000893479810044028*((x_2+x_3)+(sin(x_1)-(1/x_2)))+0.00954098917918269*((x_1*(1/x_3))/x_2)+0.00167713102203849*((exp(x_1)*(1/x_2))/x_3)+0.00133358285818628*((exp(x_1)/(x_3)**2)/(sqrt(x_3)+(x_2)**2))+0.10636449878689*((x_1*(1/x_3))/(x_2/log(x_1)))",
    "TP": 3,
    "FP": 0,
    "TN": 0,
    "FN": 0,
    "F1": 1.0,
    "selected_name": [
        "q",
        "epsilon",
        "d"
    ],
    "selected_idx": [
        1,
        2,
        3
    ],
    "perf_metric_updated": true,
    "failed": "no error",
    "mse_train": 2.2503905977674713e-06,
    "mae_train": 0.0010929273862170614,
    "r2_train": 0.9996342348254934,
    "mse_test": 3.7438455442974213e-06,
    "mae_test": 0.0012125264371958475,
    "r2_test": 0.999526507824382
}