{
    "dataset": "feynman_testing\\feynman_II_8_7\\feynman_II_8_7",
    "algorithm": "BART_GSE",
    "opt": [
        "u",
        "b",
        "b"
    ],
    "random_state": 15795,
    "process_time": 671.984375,
    "time_time": 874.6482968330383,
    "target_noise": 0.0,
    "feature_noise": 0.0,
    "n": 500,
    "p": 3,
    "p0": 3,
    "true_model": " 3/5*q**2/(4*3.1415926535*epsilon*d)",
    "symbolic_model": "-0.0027657546970603+0.00166630289383311*((exp(x_1)*(1/x_3))/x_2)+0.00897817387732585*((x_1-sqrt(x_3))/(x_3*sqrt(x_2)))+0.0660648329107176*((sqrt(x_1)*(1/x_3))/(x_2*(1/x_1)))+0.0111242190665377*((log(x_1)/sqrt(x_3))/(x_2*(1/x_1)))-0.0449400768133159*((sin(x_1)/exp(x_3))/(x_2*(1/x_1)))",
    "TP": 3,
    "FP": 0,
    "TN": 0,
    "FN": 0,
    "F1": 1.0,
    "selected_name": [
        "q",
        "epsilon",
        "d"
    ],
    "selected_idx": [
        1,
        2,
        3
    ],
    "perf_metric_updated": true,
    "failed": "no error",
    "mse_train": 2.245034594734393e-06,
    "mae_train": 0.0010885150050102493,
    "r2_train": 0.9997772315065971,
    "mse_test": 1.8780458997316215e-06,
    "mae_test": 0.001025645653440155,
    "r2_test": 0.9997574389649961
}