{
    "dataset": "feynman_testing\\feynman_II_8_7\\feynman_II_8_7",
    "algorithm": "BART_GSE",
    "opt": [
        "u",
        "b",
        "b"
    ],
    "random_state": 11964,
    "process_time": 915.5,
    "time_time": 1653.92090010643,
    "target_noise": 0.0,
    "feature_noise": 0.0,
    "n": 500,
    "p": 3,
    "p0": 3,
    "true_model": " 3/5*q**2/(4*3.1415926535*epsilon*d)",
    "symbolic_model": "-8.02695905195145e-05+0.0283949198323253*(((1/x_2)*(1/x_3))*((x_1)**2/sqrt(x_2)))+0.0171852283408036*(((x_1)**2/sqrt(x_2))/x_3)+0.00244529277332449*((log(x_1)*sin(x_2))/(x_3*(1/x_1)))+0.00086219584084453*(((x_1)**2/sqrt(x_2))/(sqrt(x_2)*sqrt(x_3)))+0.00414608520628193*((sqrt(x_1)/exp(x_3))/(exp(x_2)/(x_1)**2))",
    "TP": 3,
    "FP": 0,
    "TN": 0,
    "FN": 0,
    "F1": 1.0,
    "selected_name": [
        "q",
        "epsilon",
        "d"
    ],
    "selected_idx": [
        1,
        2,
        3
    ],
    "perf_metric_updated": true,
    "failed": "no error",
    "mse_train": 5.563605227654797e-07,
    "mae_train": 0.0004957479738111503,
    "r2_train": 0.9999379898963663,
    "mse_test": 4.923350202380344e-07,
    "mae_test": 0.0004576694887354694,
    "r2_test": 0.9999401068692422
}