{
    "dataset": "feynman_testing\\feynman_II_8_7\\feynman_II_8_7",
    "algorithm": "BART_GSE",
    "opt": [
        "u",
        "b",
        "b"
    ],
    "random_state": 11284,
    "process_time": 919.796875,
    "time_time": 1433.668119430542,
    "target_noise": 0.0,
    "feature_noise": 0.0,
    "n": 500,
    "p": 3,
    "p0": 3,
    "true_model": " 3/5*q**2/(4*3.1415926535*epsilon*d)",
    "symbolic_model": "9.93013661298909e-18+0.0477464829275686*(((x_1)**2*(1/x_2))/x_3)",
    "TP": 3,
    "FP": 0,
    "TN": 0,
    "FN": 0,
    "F1": 1.0,
    "selected_name": [
        "q",
        "epsilon",
        "d"
    ],
    "selected_idx": [
        1,
        2,
        3
    ],
    "perf_metric_updated": true,
    "failed": "no error",
    "mse_train": 5.108021363927588e-33,
    "mae_train": 5.801262248361638e-17,
    "r2_train": 1.0,
    "mse_test": 4.733456337025639e-33,
    "mae_test": 5.640248684768423e-17,
    "r2_test": 1.0
}