{
    "dataset": "feynman_testing\\feynman_I_24_6\\feynman_I_24_6",
    "algorithm": "BART_GSE",
    "opt": [
        "u",
        "b",
        "b"
    ],
    "random_state": 22118,
    "process_time": 54.515625,
    "time_time": 157.74975419044495,
    "target_noise": 0.0,
    "feature_noise": 0.0,
    "n": 100,
    "p": 4,
    "p0": 4,
    "true_model": " 1/2*m*(omega**2+omega_0**2)*1/2*x**2",
    "symbolic_model": "-1.78450356455552+0.318482235923187*((x_2-(1/x_4))*(x_1*(x_4)**2))+0.193476980350775*((x_1*x_2)*(x_2*x_4))+0.149634039851513*((x_1*x_2)*(x_3*(x_4)**2))+0.175268868145508*((x_1*x_3)*(x_3*(x_4)**2))+0.981291285186145*abs(((x_3+x_4)-(x_2*x_4)))",
    "TP": 4,
    "FP": 0,
    "TN": 0,
    "FN": 0,
    "F1": 1.0,
    "selected_name": [
        "m",
        "omega",
        "omega_0",
        "x"
    ],
    "selected_idx": [
        1,
        2,
        3,
        4
    ],
    "perf_metric_updated": true,
    "failed": "no error",
    "mse_train": 0.20205120980047223,
    "mae_train": 0.3476382646455766,
    "r2_train": 0.9988731508734885,
    "mse_test": 0.30724334434978084,
    "mae_test": 0.4048560175806307,
    "r2_test": 0.9985448112593079
}