{
    "dataset": "feynman_testing\\feynman_I_24_6\\feynman_I_24_6",
    "algorithm": "BART_GSE",
    "opt": [
        "u",
        "b",
        "b"
    ],
    "random_state": 21575,
    "process_time": 98.71875,
    "time_time": 210.2839856147766,
    "target_noise": 0.0,
    "feature_noise": 0.0,
    "n": 100,
    "p": 4,
    "p0": 4,
    "true_model": " 1/2*m*(omega**2+omega_0**2)*1/2*x**2",
    "symbolic_model": "5.08509802906562e-16+3.88183089786755e-16*(exp(x_4)*(x_1*x_3))+0.25*((x_1*x_2)*(x_2*(x_4)**2))+0.25*((x_1*x_3)*(x_3*(x_4)**2))-1.24129405758879e-15*abs((exp(x_4)-(x_3*(x_4)**2)))",
    "TP": 4,
    "FP": 0,
    "TN": 0,
    "FN": 0,
    "F1": 1.0,
    "selected_name": [
        "m",
        "omega",
        "omega_0",
        "x"
    ],
    "selected_idx": [
        1,
        2,
        3,
        4
    ],
    "perf_metric_updated": true,
    "failed": "no error",
    "mse_train": 3.4003109762453067e-28,
    "mae_train": 1.4053203045705231e-14,
    "r2_train": 1.0,
    "mse_test": 3.1045002310111808e-28,
    "mae_test": 1.242555836000747e-14,
    "r2_test": 1.0
}