{
    "dataset": "feynman_testing\\feynman_I_24_6\\feynman_I_24_6",
    "algorithm": "BART_GSE",
    "opt": [
        "u",
        "b",
        "b"
    ],
    "random_state": 15795,
    "process_time": 72.5,
    "time_time": 195.69699788093567,
    "target_noise": 0.0,
    "feature_noise": 0.0,
    "n": 100,
    "p": 4,
    "p0": 4,
    "true_model": " 1/2*m*(omega**2+omega_0**2)*1/2*x**2",
    "symbolic_model": "-0.313648551006938-0.782599936161649*((x_2+x_3)*(x_1*x_4))+0.175114231410275*((x_2+x_3)*(x_1*exp(x_4)))+1.62456715828371*((x_1*x_2)*(x_2*log(x_4)))+0.553889047978366*((x_1*x_3)*(x_3*x_4))+0.830905360396946*abs(((x_3+x_4)-(x_3*x_4)))",
    "TP": 4,
    "FP": 0,
    "TN": 0,
    "FN": 0,
    "F1": 1.0,
    "selected_name": [
        "m",
        "omega",
        "omega_0",
        "x"
    ],
    "selected_idx": [
        1,
        2,
        3,
        4
    ],
    "perf_metric_updated": true,
    "failed": "no error",
    "mse_train": 0.28884108783297335,
    "mae_train": 0.4329760352580431,
    "r2_train": 0.9983845959517693,
    "mse_test": 0.7856349019147262,
    "mae_test": 0.6164512974738011,
    "r2_test": 0.9962183114831492
}