{
    "dataset": "feynman_testing\\feynman_I_24_6\\feynman_I_24_6",
    "algorithm": "BART_GSE",
    "opt": [
        "u",
        "b",
        "b"
    ],
    "random_state": 11964,
    "process_time": 114.21875,
    "time_time": 245.84005570411682,
    "target_noise": 0.0,
    "feature_noise": 0.0,
    "n": 100,
    "p": 4,
    "p0": 4,
    "true_model": " 1/2*m*(omega**2+omega_0**2)*1/2*x**2",
    "symbolic_model": "7.43487974328018e-15+5.55651983950242e-17*(x_1*(x_3*(x_4)**2))+1.69898392897909e-16*(x_2*(x_1*exp(x_4)))+0.25*((x_1*x_2)*(x_2*(x_4)**2))+0.25*((x_1*x_3)*(x_3*(x_4)**2))",
    "TP": 4,
    "FP": 0,
    "TN": 0,
    "FN": 0,
    "F1": 1.0,
    "selected_name": [
        "m",
        "omega",
        "omega_0",
        "x"
    ],
    "selected_idx": [
        1,
        2,
        3,
        4
    ],
    "perf_metric_updated": true,
    "failed": "no error",
    "mse_train": 1.9875005380397359e-28,
    "mae_train": 1.2418954753457001e-14,
    "r2_train": 1.0,
    "mse_test": 3.2878399905696558e-28,
    "mae_test": 1.5250716245418517e-14,
    "r2_test": 1.0
}