{
    "dataset": "feynman_testing\\feynman_I_38_12\\feynman_I_38_12",
    "algorithm": "RF",
    "opt": [
        "u",
        "b",
        "b"
    ],
    "random_state": 11284,
    "process_time": 899.734375,
    "time_time": 1529.7625224590302,
    "target_noise": 0.0,
    "feature_noise": 0.0,
    "n": 200,
    "p": 4,
    "p0": 4,
    "true_model": " 4*3.1415926535*epsilon*(h/(2*3.1415926535))**2/(m*q**2)",
    "symbolic_model": "-3.76822190084106e-16+0.318309886183791*(((x_3)**2/(x_2)**2)/(x_1*(1/x_4)))",
    "TP": 4,
    "FP": 0,
    "TN": 0,
    "FN": 0,
    "F1": 1.0,
    "selected_name": [
        "m",
        "q",
        "h",
        "epsilon"
    ],
    "selected_idx": [
        1,
        2,
        3,
        4
    ],
    "perf_metric_updated": true,
    "failed": "no error",
    "mse_train": 1.736149413282007e-30,
    "mae_train": 5.421834856078611e-16,
    "r2_train": 1.0,
    "mse_test": 3.0385066902950894e-30,
    "mae_test": 7.226967982387755e-16,
    "r2_test": 1.0
}