{
    "dataset": "feynman_testing\\feynman_I_38_12\\feynman_I_38_12",
    "algorithm": "RF",
    "opt": [
        "u",
        "b",
        "b"
    ],
    "random_state": 22118,
    "process_time": 616.640625,
    "time_time": 1488.0322847366333,
    "target_noise": 0.0,
    "feature_noise": 0.0,
    "n": 200,
    "p": 4,
    "p0": 4,
    "true_model": " 4*3.1415926535*epsilon*(h/(2*3.1415926535))**2/(m*q**2)",
    "symbolic_model": "-0.000289708890628424+0.000638300401586815*(exp(x_4)*((x_3)**2/(x_2)**2))+0.131621889752456*((1/x_1)*((x_3)**2/(x_2)**2))+0.598011188348709*((log(x_4)*(1/x_1))*((x_3)**2/(x_2)**2))+0.0855588964372196*(((x_3)**2/(x_2)**2)/(x_1+sin(x_4)))+0.113032618385797*(((x_3)**2/exp(x_2))/(x_1+sin(x_4)))",
    "TP": 4,
    "FP": 0,
    "TN": 0,
    "FN": 0,
    "F1": 1.0,
    "selected_name": [
        "m",
        "q",
        "h",
        "epsilon"
    ],
    "selected_idx": [
        1,
        2,
        3,
        4
    ],
    "perf_metric_updated": true,
    "failed": "no error",
    "mse_train": 0.0007214481119388086,
    "mae_train": 0.014254854336698082,
    "r2_train": 0.9993090005656519,
    "mse_test": 1.9707115682672285,
    "mae_test": 0.06680115043123533,
    "r2_test": 0.04025594118883624
}