{
    "dataset": "feynman_testing\\feynman_I_43_16\\feynman_I_43_16",
    "algorithm": "RF",
    "opt": [
        "b",
        "b"
    ],
    "random_state": 11284,
    "process_time": 0.75,
    "time_time": 5.951718807220459,
    "target_noise": 0.0,
    "feature_noise": 0.0,
    "n": 100,
    "p": 4,
    "p0": 4,
    "true_model": " mu_drift*q*Volt/d",
    "symbolic_model": "1.13686837721616e-14+0.999999999999999*((x_2*x_3)*(x_1/x_4))",
    "TP": 4,
    "FP": 0,
    "TN": 0,
    "FN": 0,
    "F1": 1.0,
    "selected_name": [
        "mu_drift",
        "q",
        "Volt",
        "d"
    ],
    "selected_idx": [
        1,
        2,
        3,
        4
    ],
    "perf_metric_updated": true,
    "failed": "no error",
    "mse_train": 5.233894890915108e-29,
    "mae_train": 6.186162693211372e-15,
    "r2_train": 1.0,
    "mse_test": 1.137349171069239e-28,
    "mae_test": 7.624443298936967e-15,
    "r2_test": 1.0
}