{
    "dataset": "feynman_testing\\feynman_I_43_16\\feynman_I_43_16",
    "algorithm": "RF",
    "opt": [
        "b",
        "b"
    ],
    "random_state": 22118,
    "process_time": 0.828125,
    "time_time": 5.3818724155426025,
    "target_noise": 0.0,
    "feature_noise": 0.0,
    "n": 100,
    "p": 4,
    "p0": 4,
    "true_model": " mu_drift*q*Volt/d",
    "symbolic_model": "2.8421709430404e-15+1*((x_1*x_2)*(x_3/x_4))",
    "TP": 4,
    "FP": 0,
    "TN": 0,
    "FN": 0,
    "F1": 1.0,
    "selected_name": [
        "mu_drift",
        "q",
        "Volt",
        "d"
    ],
    "selected_idx": [
        1,
        2,
        3,
        4
    ],
    "perf_metric_updated": true,
    "failed": "no error",
    "mse_train": 2.09531317188016e-29,
    "mae_train": 3.721467578543525e-15,
    "r2_train": 1.0,
    "mse_test": 2.5830054724152557e-29,
    "mae_test": 3.840341378236189e-15,
    "r2_test": 1.0
}