{
    "dataset": "feynman_testing\\feynman_I_43_16\\feynman_I_43_16",
    "algorithm": "RF",
    "opt": [
        "b",
        "b"
    ],
    "random_state": 11964,
    "process_time": 0.5,
    "time_time": 5.433879852294922,
    "target_noise": 0.0,
    "feature_noise": 0.0,
    "n": 100,
    "p": 4,
    "p0": 4,
    "true_model": " mu_drift*q*Volt/d",
    "symbolic_model": "0+1*((x_1*x_2)*(x_3/x_4))",
    "TP": 4,
    "FP": 0,
    "TN": 0,
    "FN": 0,
    "F1": 1.0,
    "selected_name": [
        "mu_drift",
        "q",
        "Volt",
        "d"
    ],
    "selected_idx": [
        1,
        2,
        3,
        4
    ],
    "perf_metric_updated": true,
    "failed": "no error",
    "mse_train": 1.424152778908452e-29,
    "mae_train": 2.028377465990161e-15,
    "r2_train": 1.0,
    "mse_test": 1.5426493873965917e-29,
    "mae_test": 2.1842727626619762e-15,
    "r2_test": 1.0
}