{
    "dataset": "feynman_testing\\feynman_I_12_4\\feynman_I_12_4",
    "algorithm": "BART_GSE",
    "opt": [
        "u",
        "b",
        "b"
    ],
    "random_state": 11284,
    "process_time": 289.796875,
    "time_time": 440.9362862110138,
    "target_noise": 0.0,
    "feature_noise": 0.0,
    "n": 200,
    "p": 3,
    "p0": 3,
    "true_model": " q1*r/(4*3.1415926535*epsilon*r**3)",
    "symbolic_model": "-5.10280049072227e-17+0.0795774715459477*((x_1/x_2)/(x_3)**2)",
    "TP": 3,
    "FP": 0,
    "TN": 0,
    "FN": 0,
    "F1": 1.0,
    "selected_name": [
        "q1",
        "epsilon",
        "r"
    ],
    "selected_idx": [
        1,
        2,
        3
    ],
    "perf_metric_updated": true,
    "failed": "no error",
    "mse_train": 1.0463138693364125e-33,
    "mae_train": 2.6915318931952648e-17,
    "r2_train": 1.0,
    "mse_test": 9.858125570107483e-34,
    "mae_test": 2.6306704210832254e-17,
    "r2_test": 1.0
}