{
    "dataset": "feynman_testing\\feynman_III_15_14\\feynman_III_15_14",
    "algorithm": "RF",
    "opt": [
        "u",
        "b",
        "b"
    ],
    "random_state": 11284,
    "process_time": 30.53125,
    "time_time": 32.88200783729553,
    "target_noise": 0.0,
    "feature_noise": 0.0,
    "n": 100,
    "p": 3,
    "p0": 3,
    "true_model": " (h/(2*3.1415926535))**2/(2*E_n*d**2)",
    "symbolic_model": "-4.80010480660388e-17+4.05591321348097e-17*(((x_1)**2/(x_3)**2)*(sqrt(x_1)/x_2))+0.0126651479552921*(((1/x_3)/x_2)*((1/x_3)*(x_1)**2))",
    "TP": 3,
    "FP": 0,
    "TN": 0,
    "FN": 0,
    "F1": 1.0,
    "selected_name": [
        "h",
        "E_n",
        "d"
    ],
    "selected_idx": [
        1,
        2,
        3
    ],
    "perf_metric_updated": true,
    "failed": "no error",
    "mse_train": 3.97382063089439e-33,
    "mae_train": 4.433031632750106e-17,
    "r2_train": 1.0,
    "mse_test": 5.335276443384782e-33,
    "mae_test": 4.730543051462838e-17,
    "r2_test": 1.0
}