{
    "dataset": "feynman_testing\\feynman_II_6_11\\feynman_II_6_11",
    "algorithm": "RF",
    "opt": [
        "u",
        "b",
        "b"
    ],
    "random_state": 15795,
    "process_time": 33.15625,
    "time_time": 35.341795206069946,
    "target_noise": 0.0,
    "feature_noise": 0.0,
    "n": 100,
    "p": 4,
    "p0": 4,
    "true_model": " 1/(4*3.1415926535*epsilon)*p_d*cos(theta)/r**2",
    "symbolic_model": "-1.03277488922106e-17-1.08405058983046e-15*((cos(x_3)/exp(x_4))*(x_2/x_1))+0.079577471545948*((cos(x_3)/(x_4)**2)*(x_2/x_1))",
    "TP": 4,
    "FP": 0,
    "TN": 0,
    "FN": 0,
    "F1": 1.0,
    "selected_name": [
        "epsilon",
        "p_d",
        "theta",
        "r"
    ],
    "selected_idx": [
        1,
        2,
        3,
        4
    ],
    "perf_metric_updated": true,
    "failed": "no error",
    "mse_train": 2.403357210072578e-33,
    "mae_train": 3.9254623857010174e-17,
    "r2_train": 1.0,
    "mse_test": 2.2934688570023377e-33,
    "mae_test": 3.855475959785347e-17,
    "r2_test": 1.0
}