{
    "dataset": "feynman_testing\\feynman_II_6_11\\feynman_II_6_11",
    "algorithm": "RF",
    "opt": [
        "u",
        "b",
        "b"
    ],
    "random_state": 11284,
    "process_time": 33.1875,
    "time_time": 39.658814907073975,
    "target_noise": 0.0,
    "feature_noise": 0.0,
    "n": 100,
    "p": 4,
    "p0": 4,
    "true_model": " 1/(4*3.1415926535*epsilon)*p_d*cos(theta)/r**2",
    "symbolic_model": "8.32667268468867e-18+0.0795774715459475*((cos(x_3)/(x_4)**2)/(x_1/x_2))",
    "TP": 4,
    "FP": 0,
    "TN": 0,
    "FN": 0,
    "F1": 1.0,
    "selected_name": [
        "epsilon",
        "p_d",
        "theta",
        "r"
    ],
    "selected_idx": [
        1,
        2,
        3,
        4
    ],
    "perf_metric_updated": true,
    "failed": "no error",
    "mse_train": 2.288177578948447e-33,
    "mae_train": 3.778796936818041e-17,
    "r2_train": 1.0,
    "mse_test": 2.6598327877669175e-33,
    "mae_test": 3.969368964055776e-17,
    "r2_test": 1.0
}