{
    "dataset": "feynman_testing\\feynman_II_6_11\\feynman_II_6_11",
    "algorithm": "RF",
    "opt": [
        "u",
        "b",
        "b"
    ],
    "random_state": 21575,
    "process_time": 39.328125,
    "time_time": 45.498560428619385,
    "target_noise": 0.0,
    "feature_noise": 0.0,
    "n": 100,
    "p": 4,
    "p0": 4,
    "true_model": " 1/(4*3.1415926535*epsilon)*p_d*cos(theta)/r**2",
    "symbolic_model": "1.38777878078145e-17+0.0795774715459476*((x_2/(x_4)**2)*(cos(x_3)*(1/x_1)))",
    "TP": 4,
    "FP": 0,
    "TN": 0,
    "FN": 0,
    "F1": 1.0,
    "selected_name": [
        "epsilon",
        "p_d",
        "theta",
        "r"
    ],
    "selected_idx": [
        1,
        2,
        3,
        4
    ],
    "perf_metric_updated": true,
    "failed": "no error",
    "mse_train": 1.92088942461091e-33,
    "mae_train": 3.541871657075646e-17,
    "r2_train": 1.0,
    "mse_test": 2.3175540801248563e-33,
    "mae_test": 3.937027111183063e-17,
    "r2_test": 1.0
}