{
    "dataset": "feynman_testing\\feynman_II_6_11\\feynman_II_6_11",
    "algorithm": "RF",
    "opt": [
        "u",
        "b",
        "b"
    ],
    "random_state": 22118,
    "process_time": 23.015625,
    "time_time": 26.419227123260498,
    "target_noise": 0.0,
    "feature_noise": 0.0,
    "n": 100,
    "p": 4,
    "p0": 4,
    "true_model": " 1/(4*3.1415926535*epsilon)*p_d*cos(theta)/r**2",
    "symbolic_model": "-4.84306833220469e-18-1.95955434727254e-15*((x_2/exp(x_4))*(cos(x_3)/x_1))+0.0795774715459485*((x_2/(x_4)**2)*(cos(x_3)/x_1))",
    "TP": 4,
    "FP": 0,
    "TN": 0,
    "FN": 0,
    "F1": 1.0,
    "selected_name": [
        "epsilon",
        "p_d",
        "theta",
        "r"
    ],
    "selected_idx": [
        1,
        2,
        3,
        4
    ],
    "perf_metric_updated": true,
    "failed": "no error",
    "mse_train": 2.1799981126515555e-33,
    "mae_train": 3.7234145345947655e-17,
    "r2_train": 1.0,
    "mse_test": 2.7371807696649432e-33,
    "mae_test": 4.1807635116033374e-17,
    "r2_test": 1.0
}