{
    "dataset": "feynman_testing\\feynman_I_38_12\\feynman_I_38_12",
    "algorithm": "BART_GSE",
    "opt": [
        "u",
        "b",
        "b"
    ],
    "random_state": 15795,
    "process_time": 869.90625,
    "time_time": 1187.548744916916,
    "target_noise": 0.0,
    "feature_noise": 0.0,
    "n": 500,
    "p": 4,
    "p0": 4,
    "true_model": " 4*3.1415926535*epsilon*(h/(2*3.1415926535))**2/(m*q**2)",
    "symbolic_model": "0.00275258095839773+0.825563245748376*(((x_3)**2/(x_1)**2)*(log(x_1)/(x_2)**2))-0.0224112980076445*((sqrt(x_1)-(x_3)**2)/((x_2)**2/log(x_4)))+0.0189329819587803*(((x_4)**2/(x_2)**2)/(sqrt(x_1)/(x_3)**2))+0.168813234583631*((log(x_3)/sqrt(x_1))/((x_2)**2/log(x_4)))+0.657584783443736*(((x_3)**2/(x_1)**2)/((x_2)**2/log(x_4)))",
    "TP": 4,
    "FP": 0,
    "TN": 0,
    "FN": 0,
    "F1": 1.0,
    "selected_name": [
        "m",
        "q",
        "h",
        "epsilon"
    ],
    "selected_idx": [
        1,
        2,
        3,
        4
    ],
    "perf_metric_updated": true,
    "failed": "no error",
    "mse_train": 0.000990585461013404,
    "mae_train": 0.01537145215516578,
    "r2_train": 0.9996143771260865,
    "mse_test": 0.004089578947682044,
    "mae_test": 0.017311399255238367,
    "r2_test": 0.9979876685811077
}