{
    "dataset": "feynman_testing\\feynman_I_38_12\\feynman_I_38_12",
    "algorithm": "BART_GSE",
    "opt": [
        "u",
        "b",
        "b"
    ],
    "random_state": 21575,
    "process_time": 595.109375,
    "time_time": 1059.0556073188782,
    "target_noise": 0.0,
    "feature_noise": 0.0,
    "n": 500,
    "p": 4,
    "p0": 4,
    "true_model": " 4*3.1415926535*epsilon*(h/(2*3.1415926535))**2/(m*q**2)",
    "symbolic_model": "0.00368145024343823+1.85706762327042*(((x_3)**2/exp(x_2))/(exp(x_1)+sin(x_1)))+0.389774420653222*(((x_4)**2/(x_2)**2)/(exp(x_1)-sin(x_1)))+0.403954205730438*(((x_3)**2/sqrt(x_1))/((x_2)**2/log(x_4)))+0.00310183514014403*(((x_4)**2/(x_2)**2)/((x_1)**2/exp(x_3)))-1.43650082717613*((sin(x_3)/(x_1)**2)/((x_2)**2/log(x_4)))",
    "TP": 4,
    "FP": 0,
    "TN": 0,
    "FN": 0,
    "F1": 1.0,
    "selected_name": [
        "m",
        "q",
        "h",
        "epsilon"
    ],
    "selected_idx": [
        1,
        2,
        3,
        4
    ],
    "perf_metric_updated": true,
    "failed": "no error",
    "mse_train": 0.00518567012054457,
    "mae_train": 0.039185611785261185,
    "r2_train": 0.9979372313208844,
    "mse_test": 0.007803849175342625,
    "mae_test": 0.042032803163341806,
    "r2_test": 0.9962312944699164
}