{
    "dataset": "feynman_testing\\feynman_II_34_29a\\feynman_II_34_29a",
    "algorithm": "RF",
    "opt": [
        "b",
        "b"
    ],
    "random_state": 21575,
    "process_time": 0.546875,
    "time_time": 3.832498550415039,
    "target_noise": 0.0,
    "feature_noise": 0.0,
    "n": 100,
    "p": 3,
    "p0": 3,
    "true_model": " q*h/(4*3.1415926535*m)",
    "symbolic_model": "-4.44089209850063e-17+0.0795774715459477*(x_1*(x_2/x_3))",
    "TP": 3,
    "FP": 0,
    "TN": 0,
    "FN": 0,
    "F1": 1.0,
    "selected_name": [
        "q",
        "h",
        "m"
    ],
    "selected_idx": [
        1,
        2,
        3
    ],
    "perf_metric_updated": true,
    "failed": "no error",
    "mse_train": 2.1377100158969173e-32,
    "mae_train": 9.103828801926283e-17,
    "r2_train": 1.0,
    "mse_test": 2.5028989778652945e-32,
    "mae_test": 9.986261817473973e-17,
    "r2_test": 1.0
}