{
    "dataset": "feynman_testing\\feynman_II_34_29a\\feynman_II_34_29a",
    "algorithm": "RF",
    "opt": [
        "b",
        "b"
    ],
    "random_state": 22118,
    "process_time": 0.4375,
    "time_time": 3.7503602504730225,
    "target_noise": 0.0,
    "feature_noise": 0.0,
    "n": 100,
    "p": 3,
    "p0": 3,
    "true_model": " q*h/(4*3.1415926535*m)",
    "symbolic_model": "-1.33226762955019e-16+0.0795774715459477*(x_1*(x_2/x_3))",
    "TP": 3,
    "FP": 0,
    "TN": 0,
    "FN": 0,
    "F1": 1.0,
    "selected_name": [
        "q",
        "h",
        "m"
    ],
    "selected_idx": [
        1,
        2,
        3
    ],
    "perf_metric_updated": true,
    "failed": "no error",
    "mse_train": 1.0958059901077275e-32,
    "mae_train": 7.098488463697095e-17,
    "r2_train": 1.0,
    "mse_test": 1.3894313916473096e-32,
    "mae_test": 7.977660199109948e-17,
    "r2_test": 1.0
}