{
    "dataset": "feynman_testing\\feynman_II_34_29a\\feynman_II_34_29a",
    "algorithm": "RF",
    "opt": [
        "b",
        "b"
    ],
    "random_state": 11284,
    "process_time": 0.5,
    "time_time": 3.2989070415496826,
    "target_noise": 0.0,
    "feature_noise": 0.0,
    "n": 100,
    "p": 3,
    "p0": 3,
    "true_model": " q*h/(4*3.1415926535*m)",
    "symbolic_model": "-1.33226762955019e-16+0.0795774715459477*(x_2/(x_3/x_1))",
    "TP": 3,
    "FP": 0,
    "TN": 0,
    "FN": 0,
    "F1": 1.0,
    "selected_name": [
        "q",
        "h",
        "m"
    ],
    "selected_idx": [
        1,
        2,
        3
    ],
    "perf_metric_updated": true,
    "failed": "no error",
    "mse_train": 1.0283502938055646e-32,
    "mae_train": 7.313594174718218e-17,
    "r2_train": 1.0,
    "mse_test": 1.4484726518741963e-32,
    "mae_test": 8.054112932143199e-17,
    "r2_test": 1.0
}