{
    "dataset": "feynman_testing\\feynman_II_34_2a\\feynman_II_34_2a",
    "algorithm": "BART_GSE",
    "opt": [
        "b",
        "b"
    ],
    "random_state": 21575,
    "process_time": 24.359375,
    "time_time": 76.76159930229187,
    "target_noise": 0.0,
    "feature_noise": 0.0,
    "n": 100,
    "p": 3,
    "p0": 3,
    "true_model": " q*v/(2*3.1415926535*r)",
    "symbolic_model": "6.21724893790088e-16+0.159154943091895*(x_1*(x_2/x_3))",
    "TP": 3,
    "FP": 0,
    "TN": 0,
    "FN": 0,
    "F1": 1.0,
    "selected_name": [
        "q",
        "v",
        "r"
    ],
    "selected_idx": [
        1,
        2,
        3
    ],
    "perf_metric_updated": true,
    "failed": "no error",
    "mse_train": 1.5226691029817144e-30,
    "mae_train": 7.778500066280003e-16,
    "r2_train": 1.0,
    "mse_test": 1.2033694567615965e-30,
    "mae_test": 6.92309265470925e-16,
    "r2_test": 1.0
}