{
    "dataset": "feynman_testing\\feynman_II_34_2a\\feynman_II_34_2a",
    "algorithm": "BART_GSE",
    "opt": [
        "b",
        "b"
    ],
    "random_state": 22118,
    "process_time": 26.875,
    "time_time": 81.3898434638977,
    "target_noise": 0.0,
    "feature_noise": 0.0,
    "n": 100,
    "p": 3,
    "p0": 3,
    "true_model": " q*v/(2*3.1415926535*r)",
    "symbolic_model": "-2.66453525910038e-16+0.159154943091895*(x_1*(x_2/x_3))",
    "TP": 3,
    "FP": 0,
    "TN": 0,
    "FN": 0,
    "F1": 1.0,
    "selected_name": [
        "q",
        "v",
        "r"
    ],
    "selected_idx": [
        1,
        2,
        3
    ],
    "perf_metric_updated": true,
    "failed": "no error",
    "mse_train": 2.6375340958190982e-30,
    "mae_train": 1.3933298959045715e-15,
    "r2_train": 1.0,
    "mse_test": 3.0171216894599134e-30,
    "mae_test": 1.4376996815279596e-15,
    "r2_test": 1.0
}