{
    "dataset": "feynman_testing\\feynman_II_34_2a\\feynman_II_34_2a",
    "algorithm": "BART_GSE",
    "opt": [
        "b",
        "b"
    ],
    "random_state": 11284,
    "process_time": 24.625,
    "time_time": 76.6877932548523,
    "target_noise": 0.0,
    "feature_noise": 0.0,
    "n": 100,
    "p": 3,
    "p0": 3,
    "true_model": " q*v/(2*3.1415926535*r)",
    "symbolic_model": "-7.105427357601e-16+0.159154943091896*(x_1*(x_2/x_3))",
    "TP": 3,
    "FP": 0,
    "TN": 0,
    "FN": 0,
    "F1": 1.0,
    "selected_name": [
        "q",
        "v",
        "r"
    ],
    "selected_idx": [
        1,
        2,
        3
    ],
    "perf_metric_updated": true,
    "failed": "no error",
    "mse_train": 4.705019891118796e-30,
    "mae_train": 1.5584755708175635e-15,
    "r2_train": 1.0,
    "mse_test": 6.857023342468659e-30,
    "mae_test": 1.7930396056797805e-15,
    "r2_test": 1.0
}