{
    "dataset": "feynman_testing\\feynman_II_34_2a\\feynman_II_34_2a",
    "algorithm": "BART_GSE",
    "opt": [
        "b",
        "b"
    ],
    "random_state": 15795,
    "process_time": 23.78125,
    "time_time": 76.00766253471375,
    "target_noise": 0.0,
    "feature_noise": 0.0,
    "n": 100,
    "p": 3,
    "p0": 3,
    "true_model": " q*v/(2*3.1415926535*r)",
    "symbolic_model": "-8.88178419700125e-17+0.159154943091895*(x_1*(x_2/x_3))",
    "TP": 3,
    "FP": 0,
    "TN": 0,
    "FN": 0,
    "F1": 1.0,
    "selected_name": [
        "q",
        "v",
        "r"
    ],
    "selected_idx": [
        1,
        2,
        3
    ],
    "perf_metric_updated": true,
    "failed": "no error",
    "mse_train": 2.9783678440072515e-30,
    "mae_train": 1.330463517135172e-15,
    "r2_train": 1.0,
    "mse_test": 2.5093154542162636e-30,
    "mae_test": 1.2714160280147268e-15,
    "r2_test": 1.0
}