{
    "dataset": "feynman_testing\\feynman_III_15_14\\feynman_III_15_14",
    "algorithm": "RF",
    "opt": [
        "u",
        "b",
        "b"
    ],
    "random_state": 21575,
    "process_time": 581.40625,
    "time_time": 1166.350051164627,
    "target_noise": 0.0,
    "feature_noise": 0.0,
    "n": 500,
    "p": 3,
    "p0": 3,
    "true_model": " (h/(2*3.1415926535))**2/(2*E_n*d**2)",
    "symbolic_model": "-2.48253415324727e-17+0.0126651479552922*((x_1)**2*((1/x_2)/(x_3)**2))",
    "TP": 3,
    "FP": 0,
    "TN": 0,
    "FN": 0,
    "F1": 1.0,
    "selected_name": [
        "h",
        "E_n",
        "d"
    ],
    "selected_idx": [
        1,
        2,
        3
    ],
    "perf_metric_updated": true,
    "failed": "no error",
    "mse_train": 1.8826887543333924e-33,
    "mae_train": 3.1335665399284676e-17,
    "r2_train": 1.0,
    "mse_test": 2.0200152289986437e-33,
    "mae_test": 3.306750056067398e-17,
    "r2_test": 1.0
}