{
    "dataset": "feynman_testing\\feynman_I_24_6\\feynman_I_24_6",
    "algorithm": "RF",
    "opt": [
        "u",
        "b",
        "b"
    ],
    "random_state": 11284,
    "process_time": 36.53125,
    "time_time": 59.52947449684143,
    "target_noise": 0.0,
    "feature_noise": 0.0,
    "n": 100,
    "p": 4,
    "p0": 4,
    "true_model": " 1/2*m*(omega**2+omega_0**2)*1/2*x**2",
    "symbolic_model": "-2.23106947437543+0.0764105609493647*((x_1*(x_4)**2)*(exp(x_3)+exp(x_2)))+0.615780362611346*((x_4*sqrt(x_1))*(x_2+x_3))+0.110857048790605*(((x_4)**2*log(x_2))*(log(x_4)*(x_1)**2))-0.0548653757404004*((exp(x_4)*(x_1)**2)*(log(x_4)*cos(x_3)))+0.34945628452579*(((x_4)**2*log(x_2))/((1/x_3)+(1/x_1)))",
    "TP": 4,
    "FP": 0,
    "TN": 0,
    "FN": 0,
    "F1": 1.0,
    "selected_name": [
        "m",
        "omega",
        "omega_0",
        "x"
    ],
    "selected_idx": [
        1,
        2,
        3,
        4
    ],
    "perf_metric_updated": true,
    "failed": "no error",
    "mse_train": 0.10642789189619802,
    "mae_train": 0.2598369872502182,
    "r2_train": 0.9995159642359993,
    "mse_test": 0.12789485487418573,
    "mae_test": 0.25296673615976867,
    "r2_test": 0.9993918141091228
}