{
    "dataset": "feynman_testing\\feynman_I_24_6\\feynman_I_24_6",
    "algorithm": "RF",
    "opt": [
        "u",
        "b",
        "b"
    ],
    "random_state": 22118,
    "process_time": 32.03125,
    "time_time": 42.97286605834961,
    "target_noise": 0.0,
    "feature_noise": 0.0,
    "n": 100,
    "p": 4,
    "p0": 4,
    "true_model": " 1/2*m*(omega**2+omega_0**2)*1/2*x**2",
    "symbolic_model": "-2.8421709430404e-15+0*((x_1*(x_4)**2)*(exp(x_3)+exp(x_2)))+0.25*((x_1*(x_4)**2)*((x_2)**2+(x_3)**2))",
    "TP": 4,
    "FP": 0,
    "TN": 0,
    "FN": 0,
    "F1": 1.0,
    "selected_name": [
        "m",
        "omega",
        "omega_0",
        "x"
    ],
    "selected_idx": [
        1,
        2,
        3,
        4
    ],
    "perf_metric_updated": true,
    "failed": "no error",
    "mse_train": 6.68860370394923e-29,
    "mae_train": 5.53113110868253e-15,
    "r2_train": 1.0,
    "mse_test": 7.573744195183948e-29,
    "mae_test": 5.764322352774798e-15,
    "r2_test": 1.0
}