{
    "dataset": "feynman_testing\\feynman_I_24_6\\feynman_I_24_6",
    "algorithm": "RF",
    "opt": [
        "u",
        "b",
        "b"
    ],
    "random_state": 11964,
    "process_time": 41.53125,
    "time_time": 42.749529123306274,
    "target_noise": 0.0,
    "feature_noise": 0.0,
    "n": 100,
    "p": 4,
    "p0": 4,
    "true_model": " 1/2*m*(omega**2+omega_0**2)*1/2*x**2",
    "symbolic_model": "7.3338813625147e-15-6.81212313621726e-17*((x_1*(x_4)**2)*(exp(x_2)+exp(x_3)))+0.25*((x_1*(x_4)**2)*((x_2)**2+(x_3)**2))",
    "TP": 4,
    "FP": 0,
    "TN": 0,
    "FN": 0,
    "F1": 1.0,
    "selected_name": [
        "m",
        "omega",
        "omega_0",
        "x"
    ],
    "selected_idx": [
        1,
        2,
        3,
        4
    ],
    "perf_metric_updated": true,
    "failed": "no error",
    "mse_train": 1.718992007425134e-28,
    "mae_train": 8.36886115962443e-15,
    "r2_train": 1.0,
    "mse_test": 1.3008337379819893e-28,
    "mae_test": 7.386922185048662e-15,
    "r2_test": 1.0
}