{
    "dataset": "feynman_testing\\feynman_I_24_6\\feynman_I_24_6",
    "algorithm": "RF",
    "opt": [
        "u",
        "b",
        "b"
    ],
    "random_state": 15795,
    "process_time": 36.953125,
    "time_time": 43.86009502410889,
    "target_noise": 0.0,
    "feature_noise": 0.0,
    "n": 100,
    "p": 4,
    "p0": 4,
    "true_model": " 1/2*m*(omega**2+omega_0**2)*1/2*x**2",
    "symbolic_model": "2.14273007978656e-15-1.31285508195901e-16*((exp(x_2)+exp(x_3))*(x_1*(x_4)**2))+0.25*(((x_2)**2+(x_3)**2)*(x_1*(x_4)**2))",
    "TP": 4,
    "FP": 0,
    "TN": 0,
    "FN": 0,
    "F1": 1.0,
    "selected_name": [
        "m",
        "omega",
        "omega_0",
        "x"
    ],
    "selected_idx": [
        1,
        2,
        3,
        4
    ],
    "perf_metric_updated": true,
    "failed": "no error",
    "mse_train": 5.06762273361715e-28,
    "mae_train": 1.672884053505186e-14,
    "r2_train": 1.0,
    "mse_test": 5.68812874576938e-28,
    "mae_test": 1.7023524812032066e-14,
    "r2_test": 1.0
}