{
    "dataset": "feynman_testing\\feynman_II_34_2\\feynman_II_34_2",
    "algorithm": "RF",
    "opt": [
        "b",
        "b"
    ],
    "random_state": 11284,
    "process_time": 0.328125,
    "time_time": 3.114975929260254,
    "target_noise": 0.0,
    "feature_noise": 0.0,
    "n": 100,
    "p": 3,
    "p0": 3,
    "true_model": " q*v*r/2",
    "symbolic_model": "2.8421709430404e-15+0.5*(x_1*(x_2*x_3))",
    "TP": 3,
    "FP": 0,
    "TN": 0,
    "FN": 0,
    "F1": 1.0,
    "selected_name": [
        "q",
        "v",
        "r"
    ],
    "selected_idx": [
        1,
        2,
        3
    ],
    "perf_metric_updated": true,
    "failed": "no error",
    "mse_train": 3.606721362477042e-29,
    "mae_train": 4.345412918382863e-15,
    "r2_train": 1.0,
    "mse_test": 2.886218755263698e-29,
    "mae_test": 4.1224579305776386e-15,
    "r2_test": 1.0
}