{
    "dataset": "feynman_testing\\feynman_II_34_2\\feynman_II_34_2",
    "algorithm": "RF",
    "opt": [
        "b",
        "b"
    ],
    "random_state": 15795,
    "process_time": 0.5,
    "time_time": 3.8903768062591553,
    "target_noise": 0.0,
    "feature_noise": 0.0,
    "n": 100,
    "p": 3,
    "p0": 3,
    "true_model": " q*v*r/2",
    "symbolic_model": "2.8421709430404e-15+0.5*(x_1*(x_2*x_3))",
    "TP": 3,
    "FP": 0,
    "TN": 0,
    "FN": 0,
    "F1": 1.0,
    "selected_name": [
        "q",
        "v",
        "r"
    ],
    "selected_idx": [
        1,
        2,
        3
    ],
    "perf_metric_updated": true,
    "failed": "no error",
    "mse_train": 2.6299636503937005e-29,
    "mae_train": 3.845812557301542e-15,
    "r2_train": 1.0,
    "mse_test": 2.897903412295638e-29,
    "mae_test": 4.159161903771747e-15,
    "r2_test": 1.0
}