{
    "dataset": "feynman_testing\\feynman_II_34_2\\feynman_II_34_2",
    "algorithm": "RF",
    "opt": [
        "b",
        "b"
    ],
    "random_state": 21575,
    "process_time": 0.5625,
    "time_time": 3.7041962146759033,
    "target_noise": 0.0,
    "feature_noise": 0.0,
    "n": 100,
    "p": 3,
    "p0": 3,
    "true_model": " q*v*r/2",
    "symbolic_model": "5.6843418860808e-15+0.5*(x_1*(x_2*x_3))",
    "TP": 3,
    "FP": 0,
    "TN": 0,
    "FN": 0,
    "F1": 1.0,
    "selected_name": [
        "q",
        "v",
        "r"
    ],
    "selected_idx": [
        1,
        2,
        3
    ],
    "perf_metric_updated": true,
    "failed": "no error",
    "mse_train": 6.33997648764812e-29,
    "mae_train": 6.981082378842985e-15,
    "r2_train": 1.0,
    "mse_test": 5.694353592938291e-29,
    "mae_test": 6.4949379208201205e-15,
    "r2_test": 1.0
}