{
    "dataset": "feynman_testing\\feynman_I_12_4\\feynman_I_12_4",
    "algorithm": "RF",
    "opt": [
        "u",
        "b",
        "b"
    ],
    "random_state": 15795,
    "process_time": 33.234375,
    "time_time": 36.37110161781311,
    "target_noise": 0.0,
    "feature_noise": 0.0,
    "n": 100,
    "p": 3,
    "p0": 3,
    "true_model": " q1*r/(4*3.1415926535*epsilon*r**3)",
    "symbolic_model": "-4.71844785465692e-17+0.0795774715459476*(x_1*((1/x_2)/(x_3)**2))",
    "TP": 3,
    "FP": 0,
    "TN": 0,
    "FN": 0,
    "F1": 1.0,
    "selected_name": [
        "q1",
        "epsilon",
        "r"
    ],
    "selected_idx": [
        1,
        2,
        3
    ],
    "perf_metric_updated": true,
    "failed": "no error",
    "mse_train": 1.0185446960891973e-33,
    "mae_train": 2.4713304319634588e-17,
    "r2_train": 1.0,
    "mse_test": 1.8817800772755775e-33,
    "mae_test": 3.2456880065534486e-17,
    "r2_test": 1.0
}