{
    "dataset": "feynman_testing\\feynman_I_12_4\\feynman_I_12_4",
    "algorithm": "RF",
    "opt": [
        "u",
        "b",
        "b"
    ],
    "random_state": 11284,
    "process_time": 19.734375,
    "time_time": 23.26409387588501,
    "target_noise": 0.0,
    "feature_noise": 0.0,
    "n": 100,
    "p": 3,
    "p0": 3,
    "true_model": " q1*r/(4*3.1415926535*epsilon*r**3)",
    "symbolic_model": "-6.26128423162933e-17+3.1827663330495e-16*(x_1*((1/x_2)/exp(x_3)))+0.0795774715459475*(x_1*((1/x_2)/(x_3)**2))",
    "TP": 3,
    "FP": 0,
    "TN": 0,
    "FN": 0,
    "F1": 1.0,
    "selected_name": [
        "q1",
        "epsilon",
        "r"
    ],
    "selected_idx": [
        1,
        2,
        3
    ],
    "perf_metric_updated": true,
    "failed": "no error",
    "mse_train": 1.2138159368568343e-33,
    "mae_train": 2.828249787145687e-17,
    "r2_train": 1.0,
    "mse_test": 1.4960727712296706e-33,
    "mae_test": 3.060481555683392e-17,
    "r2_test": 1.0
}