{
    "dataset": "feynman_testing\\feynman_II_27_16\\feynman_II_27_16",
    "algorithm": "RF",
    "opt": [
        "u",
        "b",
        "b"
    ],
    "random_state": 15795,
    "process_time": 154.0,
    "time_time": 401.1347761154175,
    "target_noise": 0.0,
    "feature_noise": 0.0,
    "n": 200,
    "p": 3,
    "p0": 3,
    "true_model": " epsilon*c*Ef**2",
    "symbolic_model": "1.60777467769219e-14+1*(x_1*(x_2*(x_3)**2))",
    "TP": 3,
    "FP": 0,
    "TN": 0,
    "FN": 0,
    "F1": 1.0,
    "selected_name": [
        "epsilon",
        "c",
        "Ef"
    ],
    "selected_idx": [
        1,
        2,
        3
    ],
    "perf_metric_updated": true,
    "failed": "no error",
    "mse_train": 1.7911648916438043e-27,
    "mae_train": 2.7495783427866627e-14,
    "r2_train": 1.0,
    "mse_test": 2.083330142015886e-27,
    "mae_test": 2.9759910091797795e-14,
    "r2_test": 1.0
}