{
    "dataset": "feynman_testing\\feynman_II_27_16\\feynman_II_27_16",
    "algorithm": "RF",
    "opt": [
        "u",
        "b",
        "b"
    ],
    "random_state": 22118,
    "process_time": 246.203125,
    "time_time": 559.0991022586823,
    "target_noise": 0.0,
    "feature_noise": 0.0,
    "n": 200,
    "p": 3,
    "p0": 3,
    "true_model": " epsilon*c*Ef**2",
    "symbolic_model": "-3.21554935538437e-14+1*(x_1*(x_2*(x_3)**2))",
    "TP": 3,
    "FP": 0,
    "TN": 0,
    "FN": 0,
    "F1": 1.0,
    "selected_name": [
        "epsilon",
        "c",
        "Ef"
    ],
    "selected_idx": [
        1,
        2,
        3
    ],
    "perf_metric_updated": true,
    "failed": "no error",
    "mse_train": 2.69176005548032e-27,
    "mae_train": 4.014344412439641e-14,
    "r2_train": 1.0,
    "mse_test": 2.6307164465504872e-27,
    "mae_test": 3.931650560673461e-14,
    "r2_test": 1.0
}