{
    "dataset": "feynman_testing\\feynman_I_12_2\\feynman_I_12_2",
    "algorithm": "BART_GSE",
    "opt": [
        "u",
        "b",
        "b"
    ],
    "random_state": 15795,
    "process_time": 209.03125,
    "time_time": 524.750590801239,
    "target_noise": 0.0,
    "feature_noise": 0.0,
    "n": 200,
    "p": 4,
    "p0": 4,
    "true_model": " q1*q2*r/(4*3.1415926535*epsilon*r**3)",
    "symbolic_model": "0.000262573291836783+0.381987041645585*((log(x_1)*(1/x_4))*((1/x_3)/exp(x_4)))+0.00474229518302651*(((x_2)**2*(1/x_3))/(x_4-sin(x_4)))-0.00104892873915403*((sin(x_1)-(1/x_4))/abs(((x_4)**2-log(x_2))))+0.0293562913427544*((log(x_1)*(1/x_4))/(x_3*(1/x_2)))+0.0151647871650565*(((x_1)**2/exp(x_4))/(x_3*(1/x_2)))",
    "TP": 4,
    "FP": 0,
    "TN": 0,
    "FN": 0,
    "F1": 1.0,
    "selected_name": [
        "q1",
        "q2",
        "epsilon",
        "r"
    ],
    "selected_idx": [
        1,
        2,
        3,
        4
    ],
    "perf_metric_updated": true,
    "failed": "no error",
    "mse_train": 2.2318745268080087e-05,
    "mae_train": 0.0025167753648458924,
    "r2_train": 0.9982976481849649,
    "mse_test": 0.006227850763899931,
    "mae_test": 0.0038157571833208797,
    "r2_test": 0.2553408203608101
}