{
    "dataset": "feynman_testing\\feynman_I_12_2\\feynman_I_12_2",
    "algorithm": "BART_GSE",
    "opt": [
        "u",
        "b",
        "b"
    ],
    "random_state": 22118,
    "process_time": 142.875,
    "time_time": 350.9543797969818,
    "target_noise": 0.0,
    "feature_noise": 0.0,
    "n": 200,
    "p": 4,
    "p0": 4,
    "true_model": " q1*q2*r/(4*3.1415926535*epsilon*r**3)",
    "symbolic_model": "-0.0299199086387079+0.0233445815034241*((x_1*x_2)*((1/x_4)/x_3))+0.0100722156648378*((x_1*x_2)*((1/x_4)/x_4))+0.0958872348536295*((x_1*(1/x_4))*((1/x_4)/x_3))+0.00610057696159863*((x_2-x_3)/(x_4-(1/x_4)))+0.00713726231745357*abs(((x_3-(1/x_4))-(x_2*(1/x_4))))",
    "TP": 4,
    "FP": 0,
    "TN": 0,
    "FN": 0,
    "F1": 1.0,
    "selected_name": [
        "q1",
        "q2",
        "epsilon",
        "r"
    ],
    "selected_idx": [
        1,
        2,
        3,
        4
    ],
    "perf_metric_updated": true,
    "failed": "no error",
    "mse_train": 9.461734020736047e-05,
    "mae_train": 0.007271565813047847,
    "r2_train": 0.9898503361532545,
    "mse_test": 6.308998306902876,
    "mae_test": 0.03503393245972139,
    "r2_test": -782.7041451258623
}