{
    "dataset": "feynman_testing\\feynman_I_12_2\\feynman_I_12_2",
    "algorithm": "BART_GSE",
    "opt": [
        "u",
        "b",
        "b"
    ],
    "random_state": 11964,
    "process_time": 431.859375,
    "time_time": 724.2265405654907,
    "target_noise": 0.0,
    "feature_noise": 0.0,
    "n": 200,
    "p": 4,
    "p0": 4,
    "true_model": " q1*q2*r/(4*3.1415926535*epsilon*r**3)",
    "symbolic_model": "-0.000108401032370392+0.0258789710841436*((x_2-log(x_3))*(log(x_1)/(x_4)**2))+0.122758311970223*((sqrt(x_1)*sqrt(x_2))/(x_3*(x_4)**2))+0.0175156325360105*(((x_1)**2*log(x_2))/(x_3*(x_4)**2))+0.170482642027359*((log(x_2)/exp(x_4))/((x_3)**2/log(x_1)))-0.115955772171695*((sin(x_2)/(x_3)**2)/((x_4)**2/log(x_2)))",
    "TP": 4,
    "FP": 0,
    "TN": 0,
    "FN": 0,
    "F1": 1.0,
    "selected_name": [
        "q1",
        "q2",
        "epsilon",
        "r"
    ],
    "selected_idx": [
        1,
        2,
        3,
        4
    ],
    "perf_metric_updated": true,
    "failed": "no error",
    "mse_train": 7.225814366793522e-06,
    "mae_train": 0.001462545636676979,
    "r2_train": 0.9985631997108371,
    "mse_test": 1.619534787392387e-05,
    "mae_test": 0.0018965311290813503,
    "r2_test": 0.9979269594249305
}