{
    "dataset": "feynman_testing\\feynman_II_8_7\\feynman_II_8_7",
    "algorithm": "RF",
    "opt": [
        "u",
        "b",
        "b"
    ],
    "random_state": 11964,
    "process_time": 1.203125,
    "time_time": 16.501747369766235,
    "target_noise": 0.0,
    "feature_noise": 0.0,
    "n": 100,
    "p": 3,
    "p0": 3,
    "true_model": " 3/5*q**2/(4*3.1415926535*epsilon*d)",
    "symbolic_model": "-1.4432899320127e-16+0.0477464829275687*((x_1*(1/x_2))*(x_1/x_3))",
    "TP": 3,
    "FP": 0,
    "TN": 0,
    "FN": 0,
    "F1": 1.0,
    "selected_name": [
        "q",
        "epsilon",
        "d"
    ],
    "selected_idx": [
        1,
        2,
        3
    ],
    "perf_metric_updated": true,
    "failed": "no error",
    "mse_train": 5.926470120235633e-32,
    "mae_train": 1.3194306758279595e-16,
    "r2_train": 1.0,
    "mse_test": 4.130843201024844e-32,
    "mae_test": 1.205612519539212e-16,
    "r2_test": 1.0
}