{
    "dataset": "feynman_testing\\feynman_I_12_11\\feynman_I_12_11",
    "algorithm": "BART_GSE",
    "opt": [
        "u",
        "b",
        "b"
    ],
    "random_state": 11964,
    "process_time": 2394.125,
    "time_time": 3459.662994623184,
    "target_noise": 0.0,
    "feature_noise": 0.0,
    "n": 500,
    "p": 5,
    "p0": 5,
    "true_model": " q*(Ef+B*v*sin(theta))",
    "symbolic_model": "1.64402906697935+2.35303955006463*((sqrt(x_1)-(1/x_2))+(log(x_1)*sin(x_5)))+1.13581865902279*((x_1*x_4)*(log(x_3)*sin(x_5)))+1.46844821784636*((x_1*sin(x_5))*(sqrt(x_3)*log(x_4)))+0.0843170849405184*(((x_1)**2-log(x_1))/(sqrt(x_1)/(x_2)**2))+0.0725038773623696*((x_1*sin(x_5))/((1/x_4)/(x_3)**2))",
    "TP": 5,
    "FP": 0,
    "TN": 0,
    "FN": 0,
    "F1": 1.0,
    "selected_name": [
        "q",
        "Ef",
        "B",
        "v",
        "theta"
    ],
    "selected_idx": [
        1,
        2,
        3,
        4,
        5
    ],
    "perf_metric_updated": true,
    "failed": "no error",
    "mse_train": 0.9671192899878852,
    "mae_train": 0.7749531775438575,
    "r2_train": 0.9985695996316742,
    "mse_test": 1.0923479133283844,
    "mae_test": 0.8090503135414752,
    "r2_test": 0.9983673657184196
}