{
    "dataset": "feynman_testing\\feynman_I_12_11\\feynman_I_12_11",
    "algorithm": "BART_GSE",
    "opt": [
        "u",
        "b",
        "b"
    ],
    "random_state": 11284,
    "process_time": 241.65625,
    "time_time": 622.5271439552307,
    "target_noise": 0.0,
    "feature_noise": 0.0,
    "n": 500,
    "p": 5,
    "p0": 5,
    "true_model": " q*(Ef+B*v*sin(theta))",
    "symbolic_model": "-0.147923285166059+1.0005452300192*(x_1*x_2)+0.144055925016845*((x_3*x_4)*(x_4*sin(x_5)))+2.11798942853808*((x_3*x_4)*(log(x_1)*sin(x_5)))+0.891663762801973*((x_3*log(x_1))*(log(x_1)*sin(x_5)))+0.0381983950441992*((x_4*sin(x_5))/(x_3*log(x_1)))",
    "TP": 5,
    "FP": 0,
    "TN": 0,
    "FN": 0,
    "F1": 1.0,
    "selected_name": [
        "q",
        "Ef",
        "B",
        "v",
        "theta"
    ],
    "selected_idx": [
        1,
        2,
        3,
        4,
        5
    ],
    "perf_metric_updated": true,
    "failed": "no error",
    "mse_train": 2.16659560518074,
    "mae_train": 1.0210975536672418,
    "r2_train": 0.9964928842392354,
    "mse_test": 214.2203586404194,
    "mae_test": 1.2094963124535039,
    "r2_test": 0.6884790995533333
}