{
    "dataset": "feynman_testing\\feynman_I_24_6\\feynman_I_24_6",
    "algorithm": "RF",
    "opt": [
        "u",
        "b",
        "b"
    ],
    "random_state": 22118,
    "process_time": 990.203125,
    "time_time": 2738.525154352188,
    "target_noise": 0.0,
    "feature_noise": 0.0,
    "n": 200,
    "p": 4,
    "p0": 4,
    "true_model": " 1/2*m*(omega**2+omega_0**2)*1/2*x**2",
    "symbolic_model": "-0.244832683024677+0.608199769488954*((x_1-cos(x_3))*(x_2*(x_4)**2))+0.111811379236832*((x_2*(x_4)**2)*((x_3)**2*log(x_1)))+0.00150951895932454*((x_2*exp(x_4))*(exp(x_1)*exp(x_3)))+0.141514372779359*((cos(x_2)*cos(x_4))/log(x_3))+4.42960470531181*abs(((x_2*log(x_4))-(x_3*log(x_4))))",
    "TP": 4,
    "FP": 0,
    "TN": 0,
    "FN": 0,
    "F1": 1.0,
    "selected_name": [
        "m",
        "omega",
        "omega_0",
        "x"
    ],
    "selected_idx": [
        1,
        2,
        3,
        4
    ],
    "perf_metric_updated": true,
    "failed": "no error",
    "mse_train": 0.3814996388080465,
    "mae_train": 0.4693524490713043,
    "r2_train": 0.9977995436119872,
    "mse_test": 18.15711782836453,
    "mae_test": 0.6461044172603183,
    "r2_test": 0.9140029103537712
}