{
    "dataset": "feynman_testing\\feynman_I_24_6\\feynman_I_24_6",
    "algorithm": "RF",
    "opt": [
        "u",
        "b",
        "b"
    ],
    "random_state": 11964,
    "process_time": 1050.890625,
    "time_time": 1986.0989389419556,
    "target_noise": 0.0,
    "feature_noise": 0.0,
    "n": 200,
    "p": 4,
    "p0": 4,
    "true_model": " 1/2*m*(omega**2+omega_0**2)*1/2*x**2",
    "symbolic_model": "-0.764144583253325+0.209877423477954*(exp(x_3)*(sqrt(x_1)*log(x_4)))-0.780211945439367*(cos(x_2)*((x_4)**2*log(x_2)))+0.657382588131018*((x_2-cos(x_3))*(x_1*(x_4)**2))+0.00730392547193102*((x_2*(x_4)**2)*((x_1)**2*exp(x_3)))+2.07650492124128*abs(((x_4-(1/x_3))-(x_2*log(x_4))))",
    "TP": 4,
    "FP": 0,
    "TN": 0,
    "FN": 0,
    "F1": 1.0,
    "selected_name": [
        "m",
        "omega",
        "omega_0",
        "x"
    ],
    "selected_idx": [
        1,
        2,
        3,
        4
    ],
    "perf_metric_updated": true,
    "failed": "no error",
    "mse_train": 0.38142828802471934,
    "mae_train": 0.46197084215755624,
    "r2_train": 0.9981670853806404,
    "mse_test": 0.6278722879444857,
    "mae_test": 0.5454015891568496,
    "r2_test": 0.9970633499319355
}