{
    "dataset": "feynman_testing\\feynman_III_15_14\\feynman_III_15_14",
    "algorithm": "RF",
    "opt": [
        "u",
        "b",
        "b"
    ],
    "random_state": 15795,
    "process_time": 97.3125,
    "time_time": 449.26581263542175,
    "target_noise": 0.0,
    "feature_noise": 0.0,
    "n": 100,
    "p": 3,
    "p0": 3,
    "true_model": " (h/(2*3.1415926535))**2/(2*E_n*d**2)",
    "symbolic_model": "-3.60822483003176e-17+0.0126651479552922*((x_1)**2*((1/x_2)/(x_3)**2))",
    "TP": 3,
    "FP": 0,
    "TN": 0,
    "FN": 0,
    "F1": 1.0,
    "selected_name": [
        "h",
        "E_n",
        "d"
    ],
    "selected_idx": [
        1,
        2,
        3
    ],
    "perf_metric_updated": true,
    "failed": "no error",
    "mse_train": 2.3766486412970717e-33,
    "mae_train": 3.5736387807294713e-17,
    "r2_train": 1.0,
    "mse_test": 2.0454786997946877e-33,
    "mae_test": 3.2242563111593847e-17,
    "r2_test": 1.0
}