{
    "dataset": "feynman_testing\\feynman_III_15_14\\feynman_III_15_14",
    "algorithm": "RF",
    "opt": [
        "u",
        "b",
        "b"
    ],
    "random_state": 21575,
    "process_time": 29.6875,
    "time_time": 123.54178714752197,
    "target_noise": 0.0,
    "feature_noise": 0.0,
    "n": 100,
    "p": 3,
    "p0": 3,
    "true_model": " (h/(2*3.1415926535))**2/(2*E_n*d**2)",
    "symbolic_model": "-4.16333634234434e-17+0.0126651479552922*((x_1)**2*((1/x_2)/(x_3)**2))",
    "TP": 3,
    "FP": 0,
    "TN": 0,
    "FN": 0,
    "F1": 1.0,
    "selected_name": [
        "h",
        "E_n",
        "d"
    ],
    "selected_idx": [
        1,
        2,
        3
    ],
    "perf_metric_updated": true,
    "failed": "no error",
    "mse_train": 2.4446027281022e-33,
    "mae_train": 3.2965438104964885e-17,
    "r2_train": 1.0,
    "mse_test": 2.1233386372555545e-33,
    "mae_test": 3.291235773500434e-17,
    "r2_test": 1.0
}