{
    "dataset": "feynman_testing\\feynman_III_15_14\\feynman_III_15_14",
    "algorithm": "RF",
    "opt": [
        "u",
        "b",
        "b"
    ],
    "random_state": 22118,
    "process_time": 1.6875,
    "time_time": 10.60686731338501,
    "target_noise": 0.0,
    "feature_noise": 0.0,
    "n": 100,
    "p": 3,
    "p0": 3,
    "true_model": " (h/(2*3.1415926535))**2/(2*E_n*d**2)",
    "symbolic_model": "-0.0038893268714255-0.0173994893971325*((1/x_3)-((1/x_2)*(1/x_3)))+0.00209005965815433*(x_1*(1/x_2))+0.00173112806499838*((x_1-x_3)*(x_1*(1/x_3)))+0.0424813203183127*((x_1*(1/x_3))*((1/x_2)*(1/x_3)))+0.00209546821312161*abs((x_2-(x_1*(1/x_3))))",
    "TP": 3,
    "FP": 0,
    "TN": 0,
    "FN": 0,
    "F1": 1.0,
    "selected_name": [
        "h",
        "E_n",
        "d"
    ],
    "selected_idx": [
        1,
        2,
        3
    ],
    "perf_metric_updated": true,
    "failed": "no error",
    "mse_train": 2.529633164579161e-06,
    "mae_train": 0.0011272025166449713,
    "r2_train": 0.9954957009614251,
    "mse_test": 6.410083008257092e-06,
    "mae_test": 0.0013611790871912342,
    "r2_test": 0.9779859512943537
}