{
    "dataset": "feynman_testing\\feynman_I_18_14\\feynman_I_18_14",
    "algorithm": "BART_GSE",
    "opt": [
        "u",
        "b",
        "b"
    ],
    "random_state": 11284,
    "process_time": 292.015625,
    "time_time": 408.5304982662201,
    "target_noise": 0.0,
    "feature_noise": 0.0,
    "n": 200,
    "p": 4,
    "p0": 4,
    "true_model": " m*r*v*sin(theta)",
    "symbolic_model": "4.01943669423046e-15+0.999999999999999*((x_1*x_2)*(x_3*sin(x_4)))",
    "TP": 4,
    "FP": 0,
    "TN": 0,
    "FN": 0,
    "F1": 1.0,
    "selected_name": [
        "m",
        "r",
        "v",
        "theta"
    ],
    "selected_idx": [
        1,
        2,
        3,
        4
    ],
    "perf_metric_updated": true,
    "failed": "no error",
    "mse_train": 7.711340306782545e-28,
    "mae_train": 2.0110510479121047e-14,
    "r2_train": 1.0,
    "mse_test": 7.350636510511272e-28,
    "mae_test": 1.9573678624110192e-14,
    "r2_test": 1.0
}