{
    "dataset": "feynman_testing\\feynman_I_18_14\\feynman_I_18_14",
    "algorithm": "BART_GSE",
    "opt": [
        "u",
        "b",
        "b"
    ],
    "random_state": 11964,
    "process_time": 272.53125,
    "time_time": 444.0965404510498,
    "target_noise": 0.0,
    "feature_noise": 0.0,
    "n": 200,
    "p": 4,
    "p0": 4,
    "true_model": " m*r*v*sin(theta)",
    "symbolic_model": "6.39692416344562+0.000437162139481487*(exp(x_4)*(x_2*exp(x_4)))-0.0321482075332776*((x_2*exp(x_4))*(x_3*log(x_1)))+11.6086646327539*((x_3*log(x_1))*(x_2/exp(x_4)))+9.79794851095668*((x_3*log(x_4))*(x_2/exp(x_4)))-6.66657218672927*abs(((x_2-log(x_4))-(x_2*log(x_4))))",
    "TP": 4,
    "FP": 0,
    "TN": 0,
    "FN": 0,
    "F1": 1.0,
    "selected_name": [
        "m",
        "r",
        "v",
        "theta"
    ],
    "selected_idx": [
        1,
        2,
        3,
        4
    ],
    "perf_metric_updated": true,
    "failed": "no error",
    "mse_train": 24.295939844014512,
    "mae_train": 3.338101473253374,
    "r2_train": 0.9637148358076477,
    "mse_test": 29.346739975301045,
    "mae_test": 3.8248569083278796,
    "r2_test": 0.9552177786320447
}