{
    "dataset": "feynman_testing\\feynman_I_18_14\\feynman_I_18_14",
    "algorithm": "BART_GSE",
    "opt": [
        "u",
        "b",
        "b"
    ],
    "random_state": 22118,
    "process_time": 1366.359375,
    "time_time": 5183.393781423569,
    "target_noise": 0.0,
    "feature_noise": 0.0,
    "n": 200,
    "p": 4,
    "p0": 4,
    "true_model": " m*r*v*sin(theta)",
    "symbolic_model": "-36.1348266448797+16.3931173281628*(x_3+(x_1*x_2))-5.1619932861094*(x_3*x_4)+6.10445861028368*(x_4*sqrt(x_4))-3.28249485268545*(x_4*(x_1*x_2))-10.2332163478008*((x_1*x_2)/sqrt(x_4))",
    "TP": 4,
    "FP": 0,
    "TN": 0,
    "FN": 0,
    "F1": 1.0,
    "selected_name": [
        "m",
        "r",
        "v",
        "theta"
    ],
    "selected_idx": [
        1,
        2,
        3,
        4
    ],
    "perf_metric_updated": true,
    "failed": "no error",
    "mse_train": 28.541526994560964,
    "mae_train": 3.612454659836375,
    "r2_train": 0.9590361926636602,
    "mse_test": 42.10291433435149,
    "mae_test": 4.34964437881909,
    "r2_test": 0.9355942509768472
}