{
    "dataset": "feynman_testing\\feynman_III_17_37\\feynman_III_17_37",
    "algorithm": "BART_GSE",
    "opt": [
        "u",
        "b",
        "b"
    ],
    "random_state": 15795,
    "process_time": 268.375,
    "time_time": 373.4070236682892,
    "target_noise": 0.0,
    "feature_noise": 0.0,
    "n": 500,
    "p": 3,
    "p0": 3,
    "true_model": " beta*(1+alpha*cos(theta))",
    "symbolic_model": "2.54211497292521e-15+1*(x_1*(x_2*cos(x_3)))+1*((x_1*cos(x_3))/cos(x_3))",
    "TP": 3,
    "FP": 0,
    "TN": 0,
    "FN": 0,
    "F1": 1.0,
    "selected_name": [
        "beta",
        "alpha",
        "theta"
    ],
    "selected_idx": [
        1,
        2,
        3
    ],
    "perf_metric_updated": true,
    "failed": "no error",
    "mse_train": 1.528822261977715e-29,
    "mae_train": 3.050160818363068e-15,
    "r2_train": 1.0,
    "mse_test": 1.7177364274500708e-29,
    "mae_test": 3.1498870116494945e-15,
    "r2_test": 1.0
}