{
    "dataset": "feynman_testing\\feynman_III_17_37\\feynman_III_17_37",
    "algorithm": "BART_GSE",
    "opt": [
        "u",
        "b",
        "b"
    ],
    "random_state": 11964,
    "process_time": 185.0625,
    "time_time": 533.7165989875793,
    "target_noise": 0.0,
    "feature_noise": 0.0,
    "n": 500,
    "p": 3,
    "p0": 3,
    "true_model": " beta*(1+alpha*cos(theta))",
    "symbolic_model": "6.99081617554432e-15-0.999999999999999*(x_2-(x_1+x_2))+1*(x_1*(x_2*cos(x_3)))",
    "TP": 3,
    "FP": 0,
    "TN": 0,
    "FN": 0,
    "F1": 1.0,
    "selected_name": [
        "beta",
        "alpha",
        "theta"
    ],
    "selected_idx": [
        1,
        2,
        3
    ],
    "perf_metric_updated": true,
    "failed": "no error",
    "mse_train": 2.4174283225975256e-29,
    "mae_train": 4.317617444127286e-15,
    "r2_train": 1.0,
    "mse_test": 2.869534919479724e-29,
    "mae_test": 4.554354284111092e-15,
    "r2_test": 1.0
}