{
    "dataset": "feynman_testing\\feynman_III_17_37\\feynman_III_17_37",
    "algorithm": "BART_GSE",
    "opt": [
        "u",
        "b",
        "b"
    ],
    "random_state": 11284,
    "process_time": 336.21875,
    "time_time": 573.7239167690277,
    "target_noise": 0.0,
    "feature_noise": 0.0,
    "n": 500,
    "p": 3,
    "p0": 3,
    "true_model": " beta*(1+alpha*cos(theta))",
    "symbolic_model": "0.450880051742998+0.1206183949551*(x_1+(x_1*cos(x_3)))+0.165925285482232*(x_1+(x_2*cos(x_3)))+0.671992879758948*(x_1-(1/x_3))+0.938078093445645*(x_1*(x_2*cos(x_3)))+0.111174606818947*abs(((x_1*cos(x_3))-(x_2*cos(x_3))))",
    "TP": 3,
    "FP": 0,
    "TN": 0,
    "FN": 0,
    "F1": 1.0,
    "selected_name": [
        "beta",
        "alpha",
        "theta"
    ],
    "selected_idx": [
        1,
        2,
        3
    ],
    "perf_metric_updated": true,
    "failed": "no error",
    "mse_train": 0.014775097213424775,
    "mae_train": 0.09742226096716115,
    "r2_train": 0.9994486793307423,
    "mse_test": 0.0137773650917992,
    "mae_test": 0.09297031886077219,
    "r2_test": 0.9994472327231461
}