{
    "dataset": "feynman_testing\\feynman_III_17_37\\feynman_III_17_37",
    "algorithm": "BART_GSE",
    "opt": [
        "u",
        "b",
        "b"
    ],
    "random_state": 21575,
    "process_time": 258.09375,
    "time_time": 356.874876499176,
    "target_noise": 0.0,
    "feature_noise": 0.0,
    "n": 500,
    "p": 3,
    "p0": 3,
    "true_model": " beta*(1+alpha*cos(theta))",
    "symbolic_model": "0.0622133839579473+0.776611389342309*(x_1+(x_1*cos(x_3)))+0.202683566895666*(x_1+(x_2*cos(x_3)))+0.573420699320728*(x_1*(x_2*cos(x_3)))+0.0486180740532749*((x_1*x_2)*(x_2*cos(x_3)))-1.47327367510101*(cos(x_3)/x_2)",
    "TP": 3,
    "FP": 0,
    "TN": 0,
    "FN": 0,
    "F1": 1.0,
    "selected_name": [
        "beta",
        "alpha",
        "theta"
    ],
    "selected_idx": [
        1,
        2,
        3
    ],
    "perf_metric_updated": true,
    "failed": "no error",
    "mse_train": 0.020885573797967773,
    "mae_train": 0.08986835606001833,
    "r2_train": 0.9991323510819655,
    "mse_test": 0.01926156722442875,
    "mae_test": 0.09038840683889551,
    "r2_test": 0.9992316845043535
}