{
    "dataset": "feynman_testing\\feynman_I_18_14\\feynman_I_18_14",
    "algorithm": "RF",
    "opt": [
        "u",
        "b",
        "b"
    ],
    "random_state": 11284,
    "process_time": 220.65625,
    "time_time": 565.3021352291107,
    "target_noise": 0.0,
    "feature_noise": 0.0,
    "n": 100,
    "p": 4,
    "p0": 4,
    "true_model": " m*r*v*sin(theta)",
    "symbolic_model": "-0.00618463033866981+0.766734724503259*((x_1*sin(x_4))*(x_2*log(x_3)))+0.0655109345738987*((x_1*sin(x_4))*(sqrt(x_2)*(x_3)**2))+0.0596427064552726*((x_1*sin(x_4))*((x_3)**2*log(x_2)))+0.846379729601599*((x_1*sin(x_4))/((1/x_2)/sqrt(x_3)))+0.00549835155781496*(((x_3)**2*sin(x_4))/((1/x_1)/(x_2)**2))",
    "TP": 4,
    "FP": 0,
    "TN": 0,
    "FN": 0,
    "F1": 1.0,
    "selected_name": [
        "m",
        "r",
        "v",
        "theta"
    ],
    "selected_idx": [
        1,
        2,
        3,
        4
    ],
    "perf_metric_updated": true,
    "failed": "no error",
    "mse_train": 0.030361685884276547,
    "mae_train": 0.1268354203941452,
    "r2_train": 0.9999597326523013,
    "mse_test": 0.04222135012913704,
    "mae_test": 0.14155201659891956,
    "r2_test": 0.9999363170871749
}