{
    "dataset": "feynman_testing\\feynman_I_18_14\\feynman_I_18_14",
    "algorithm": "RF",
    "opt": [
        "u",
        "b",
        "b"
    ],
    "random_state": 21575,
    "process_time": 104.828125,
    "time_time": 490.35951256752014,
    "target_noise": 0.0,
    "feature_noise": 0.0,
    "n": 100,
    "p": 4,
    "p0": 4,
    "true_model": " m*r*v*sin(theta)",
    "symbolic_model": "6.21724893790088e-16+0.999999999999999*((x_1*sin(x_4))*(x_2*x_3))",
    "TP": 4,
    "FP": 0,
    "TN": 0,
    "FN": 0,
    "F1": 1.0,
    "selected_name": [
        "m",
        "r",
        "v",
        "theta"
    ],
    "selected_idx": [
        1,
        2,
        3,
        4
    ],
    "perf_metric_updated": true,
    "failed": "no error",
    "mse_train": 7.970751967305376e-28,
    "mae_train": 2.1486701307082967e-14,
    "r2_train": 1.0,
    "mse_test": 7.088186130749172e-28,
    "mae_test": 1.9279654464706906e-14,
    "r2_test": 1.0
}