{
    "dataset": "feynman_testing\\feynman_I_18_14\\feynman_I_18_14",
    "algorithm": "RF",
    "opt": [
        "u",
        "b",
        "b"
    ],
    "random_state": 11964,
    "process_time": 180.3125,
    "time_time": 844.3768260478973,
    "target_noise": 0.0,
    "feature_noise": 0.0,
    "n": 100,
    "p": 4,
    "p0": 4,
    "true_model": " m*r*v*sin(theta)",
    "symbolic_model": "-8.41077928362582e-16-2.12041792060995e-15*((x_3-sin(x_2))*(x_1*sin(x_4)))+1*((x_1*x_2)*(x_3*sin(x_4)))",
    "TP": 4,
    "FP": 0,
    "TN": 0,
    "FN": 0,
    "F1": 1.0,
    "selected_name": [
        "m",
        "r",
        "v",
        "theta"
    ],
    "selected_idx": [
        1,
        2,
        3,
        4
    ],
    "perf_metric_updated": true,
    "failed": "no error",
    "mse_train": 2.605236558800515e-28,
    "mae_train": 1.124100812432971e-14,
    "r2_train": 1.0,
    "mse_test": 3.7551496177554914e-28,
    "mae_test": 1.406827103596353e-14,
    "r2_test": 1.0
}