{
    "dataset": "feynman_testing\\feynman_I_18_14\\feynman_I_18_14",
    "algorithm": "RF",
    "opt": [
        "u",
        "b",
        "b"
    ],
    "random_state": 15795,
    "process_time": 131.53125,
    "time_time": 678.1051826477051,
    "target_noise": 0.0,
    "feature_noise": 0.0,
    "n": 100,
    "p": 4,
    "p0": 4,
    "true_model": " m*r*v*sin(theta)",
    "symbolic_model": "0.28427092517997+0.798742496299727*(x_1*(x_3*sin(x_4)))+1.64228796138462*(x_1*(log(x_2)*sin(x_4)))+0.0437333855549447*((sqrt(x_1)-sin(x_4))*(exp(x_3)*sin(x_4)))+0.383171786668691*((x_1*sin(x_4))*((x_2)**2*log(x_3)))-0.00244797737113255*(exp(x_3)/cos(x_4))",
    "TP": 4,
    "FP": 0,
    "TN": 0,
    "FN": 0,
    "F1": 1.0,
    "selected_name": [
        "m",
        "r",
        "v",
        "theta"
    ],
    "selected_idx": [
        1,
        2,
        3,
        4
    ],
    "perf_metric_updated": true,
    "failed": "no error",
    "mse_train": 0.8824097058103839,
    "mae_train": 0.6584660997755729,
    "r2_train": 0.9984191252774981,
    "mse_test": 27591.405042292066,
    "mae_test": 3.4816390287767667,
    "r2_test": -41.676235137069725
}