{
    "dataset": "feynman_testing\\feynman_I_18_14\\feynman_I_18_14",
    "algorithm": "RF",
    "opt": [
        "u",
        "b",
        "b"
    ],
    "random_state": 22118,
    "process_time": 101.53125,
    "time_time": 641.9326889514923,
    "target_noise": 0.0,
    "feature_noise": 0.0,
    "n": 100,
    "p": 4,
    "p0": 4,
    "true_model": " m*r*v*sin(theta)",
    "symbolic_model": "1.77635683940025e-15+1*((x_1*x_2)*(x_3*sin(x_4)))",
    "TP": 4,
    "FP": 0,
    "TN": 0,
    "FN": 0,
    "F1": 1.0,
    "selected_name": [
        "m",
        "r",
        "v",
        "theta"
    ],
    "selected_idx": [
        1,
        2,
        3,
        4
    ],
    "perf_metric_updated": true,
    "failed": "no error",
    "mse_train": 9.260922778511714e-29,
    "mae_train": 5.622932675031223e-15,
    "r2_train": 1.0,
    "mse_test": 9.398931052610874e-29,
    "mae_test": 5.919864602861591e-15,
    "r2_test": 1.0
}