{
    "dataset": "feynman_testing\\feynman_I_12_11\\feynman_I_12_11",
    "algorithm": "RF",
    "opt": [
        "u",
        "b",
        "b"
    ],
    "random_state": 15795,
    "process_time": 180.296875,
    "time_time": 904.6165492534637,
    "target_noise": 0.0,
    "feature_noise": 0.0,
    "n": 100,
    "p": 5,
    "p0": 5,
    "true_model": " q*(Ef+B*v*sin(theta))",
    "symbolic_model": "0.388464523626098+0.976458113011498*(x_1*x_2)+1.63610584522523*((x_1*sin(x_5))*(x_4*log(x_3)))+0.121155698045316*((x_4*log(x_3))*((x_3)**2*sin(x_5)))+0.00113756879453506*((x_4*sin(x_5))*((x_3)**2*exp(x_1)))+7.91938548234373*((log(x_4)*sin(x_5))*abs((log(x_1)-(1/x_4))))",
    "TP": 5,
    "FP": 0,
    "TN": 0,
    "FN": 0,
    "F1": 1.0,
    "selected_name": [
        "q",
        "Ef",
        "B",
        "v",
        "theta"
    ],
    "selected_idx": [
        1,
        2,
        3,
        4,
        5
    ],
    "perf_metric_updated": true,
    "failed": "no error",
    "mse_train": 0.7147692849744005,
    "mae_train": 0.6004305296525112,
    "r2_train": 0.9991148149342299,
    "mse_test": 2.1106492498920018,
    "mae_test": 0.9715978319704026,
    "r2_test": 0.9968572536163406
}