{
    "dataset": "feynman_testing\\feynman_I_12_11\\feynman_I_12_11",
    "algorithm": "RF",
    "opt": [
        "u",
        "b",
        "b"
    ],
    "random_state": 11964,
    "process_time": 180.296875,
    "time_time": 841.814258813858,
    "target_noise": 0.0,
    "feature_noise": 0.0,
    "n": 100,
    "p": 5,
    "p0": 5,
    "true_model": " q*(Ef+B*v*sin(theta))",
    "symbolic_model": "-4.2632564145606e-15+1*(x_1*x_2)-1.26248670959278e-17*(x_2*(log(x_1)+sin(x_5)))+1.2886175747567e-15*(x_2/(log(x_1)+sin(x_1)))+0.999999999999999*((x_3*sin(x_5))/((1/x_1)/x_4))+2.52791567585511e-15*((x_4*sin(x_5))/((1/x_1)/log(x_3)))",
    "TP": 5,
    "FP": 0,
    "TN": 0,
    "FN": 0,
    "F1": 1.0,
    "selected_name": [
        "q",
        "Ef",
        "B",
        "v",
        "theta"
    ],
    "selected_idx": [
        1,
        2,
        3,
        4,
        5
    ],
    "perf_metric_updated": true,
    "failed": "no error",
    "mse_train": 1.4142791957145846e-28,
    "mae_train": 7.909575772124811e-15,
    "r2_train": 1.0,
    "mse_test": 1.259431623854794e-28,
    "mae_test": 7.290677801058409e-15,
    "r2_test": 1.0
}