{
    "dataset": "feynman_testing\\feynman_I_12_11\\feynman_I_12_11",
    "algorithm": "RF",
    "opt": [
        "u",
        "b",
        "b"
    ],
    "random_state": 21575,
    "process_time": 80.109375,
    "time_time": 442.6048319339752,
    "target_noise": 0.0,
    "feature_noise": 0.0,
    "n": 100,
    "p": 5,
    "p0": 5,
    "true_model": " q*(Ef+B*v*sin(theta))",
    "symbolic_model": "4.2632564145606e-15+0.999999999999999*(x_1*x_2)+3.89976976892104e-16*((sin(x_5)+(1/x_3))*(x_1*x_3))+1*((x_1*x_3)*(x_4*sin(x_5)))",
    "TP": 5,
    "FP": 0,
    "TN": 0,
    "FN": 0,
    "F1": 1.0,
    "selected_name": [
        "q",
        "Ef",
        "B",
        "v",
        "theta"
    ],
    "selected_idx": [
        1,
        2,
        3,
        4,
        5
    ],
    "perf_metric_updated": true,
    "failed": "no error",
    "mse_train": 1.2455648388765212e-28,
    "mae_train": 7.442380045574736e-15,
    "r2_train": 1.0,
    "mse_test": 1.6050887319544947e-28,
    "mae_test": 8.552282692794732e-15,
    "r2_test": 1.0
}