{
    "dataset": "feynman_testing\\feynman_I_12_11\\feynman_I_12_11",
    "algorithm": "RF",
    "opt": [
        "u",
        "b",
        "b"
    ],
    "random_state": 22118,
    "process_time": 57.28125,
    "time_time": 300.67514276504517,
    "target_noise": 0.0,
    "feature_noise": 0.0,
    "n": 100,
    "p": 5,
    "p0": 5,
    "true_model": " q*(Ef+B*v*sin(theta))",
    "symbolic_model": "0+1*(x_1*x_2)+3.15372637814945e-15*((sin(x_5)+(1/x_3))*(log(x_1)-sin(x_3)))+1*((x_1*x_3)*(x_4*sin(x_5)))+2.18986273633348e-16*((x_1*x_3)*((x_4)**2*sin(x_5)))-2.96725675761983e-15*((x_4*sin(x_5))*abs((log(x_1)-sin(x_3))))",
    "TP": 5,
    "FP": 0,
    "TN": 0,
    "FN": 0,
    "F1": 1.0,
    "selected_name": [
        "q",
        "Ef",
        "B",
        "v",
        "theta"
    ],
    "selected_idx": [
        1,
        2,
        3,
        4,
        5
    ],
    "perf_metric_updated": true,
    "failed": "no error",
    "mse_train": 3.363333737610654e-28,
    "mae_train": 1.2614354005791029e-14,
    "r2_train": 1.0,
    "mse_test": 3.623387502293574e-28,
    "mae_test": 1.220553210584674e-14,
    "r2_test": 1.0
}