{
    "dataset": "feynman_testing\\feynman_I_12_11\\feynman_I_12_11",
    "algorithm": "RF",
    "opt": [
        "u",
        "b",
        "b"
    ],
    "random_state": 11284,
    "process_time": 440.578125,
    "time_time": 1263.1902883052826,
    "target_noise": 0.0,
    "feature_noise": 0.0,
    "n": 100,
    "p": 5,
    "p0": 5,
    "true_model": " q*(Ef+B*v*sin(theta))",
    "symbolic_model": "2.94619937729241e-15-9.90937131611883e-16*(x_2-(sin(x_1)-sin(x_5)))+1*(x_1*x_2)-3.68873659361153e-17*((sin(x_1)-sin(x_5))*(x_3*(x_1)**2))+1*((x_1*sin(x_5))*(x_3*x_4))-1.35733252609804e-16*((x_3*x_4)*((x_1)**2*sin(x_5)))",
    "TP": 5,
    "FP": 0,
    "TN": 0,
    "FN": 0,
    "F1": 1.0,
    "selected_name": [
        "q",
        "Ef",
        "B",
        "v",
        "theta"
    ],
    "selected_idx": [
        1,
        2,
        3,
        4,
        5
    ],
    "perf_metric_updated": true,
    "failed": "no error",
    "mse_train": 2.5083289892876298e-28,
    "mae_train": 1.0772945036041648e-14,
    "r2_train": 1.0,
    "mse_test": 2.6670059392349013e-28,
    "mae_test": 1.053491621196001e-14,
    "r2_test": 1.0
}