{
    "dataset": "feynman_testing\\feynman_I_12_11\\feynman_I_12_11",
    "algorithm": "RF",
    "opt": [
        "u",
        "b",
        "b"
    ],
    "random_state": 22118,
    "process_time": 60.25,
    "time_time": 232.12969398498535,
    "target_noise": 0.0,
    "feature_noise": 0.0,
    "n": 100,
    "p": 5,
    "p0": 5,
    "true_model": " q*(Ef+B*v*sin(theta))",
    "symbolic_model": "0.478671201595101+2.86816556108416*(x_2*log(x_1))+0.0827476357268682*((x_1)**2*(sin(x_5)*(x_3)**2))+0.860848895300256*(log(x_1)*(sin(x_5)*(x_4)**2))+6.15347087698234*(log(x_4)*(sin(x_5)*log(x_3)))+0.286654562949739*((sin(x_5)*(x_4)**2)*(log(x_1)-sin(x_3)))",
    "TP": 5,
    "FP": 0,
    "TN": 0,
    "FN": 0,
    "F1": 1.0,
    "selected_name": [
        "q",
        "Ef",
        "B",
        "v",
        "theta"
    ],
    "selected_idx": [
        1,
        2,
        3,
        4,
        5
    ],
    "perf_metric_updated": true,
    "failed": "no error",
    "mse_train": 2.586338145782676,
    "mae_train": 1.202106988425488,
    "r2_train": 0.9963308928378817,
    "mse_test": 5.653028401938898,
    "mae_test": 1.5876544933792893,
    "r2_test": 0.9917106456064075
}