{
    "dataset": "feynman_testing\\feynman_I_12_11\\feynman_I_12_11",
    "algorithm": "RF",
    "opt": [
        "u",
        "b",
        "b"
    ],
    "random_state": 15795,
    "process_time": 23.6875,
    "time_time": 32.30086135864258,
    "target_noise": 0.0,
    "feature_noise": 0.0,
    "n": 100,
    "p": 5,
    "p0": 5,
    "true_model": " q*(Ef+B*v*sin(theta))",
    "symbolic_model": "7.105427357601e-15+0.999999999999999*(x_1*x_2)-1.24201287491461e-14*((x_4*log(x_3))*(sin(x_5)*log(x_1)))+1*((x_3*x_4)*(x_1*sin(x_5)))+2.05214469069842e-15*((x_4*(x_3)**2)*(sin(x_5)*log(x_1)))-6.24156903166082e-16*((x_4*(x_3)**2)*(x_1*sin(x_5)))",
    "TP": 5,
    "FP": 0,
    "TN": 0,
    "FN": 0,
    "F1": 1.0,
    "selected_name": [
        "q",
        "Ef",
        "B",
        "v",
        "theta"
    ],
    "selected_idx": [
        1,
        2,
        3,
        4,
        5
    ],
    "perf_metric_updated": true,
    "failed": "no error",
    "mse_train": 1.3945017469673692e-27,
    "mae_train": 2.707223334397213e-14,
    "r2_train": 1.0,
    "mse_test": 1.0017768779815343e-27,
    "mae_test": 2.332256509446351e-14,
    "r2_test": 1.0
}