{
    "dataset": "feynman_testing\\feynman_I_12_11\\feynman_I_12_11",
    "algorithm": "RF",
    "opt": [
        "u",
        "b",
        "b"
    ],
    "random_state": 11284,
    "process_time": 46.90625,
    "time_time": 94.05018949508667,
    "target_noise": 0.0,
    "feature_noise": 0.0,
    "n": 100,
    "p": 5,
    "p0": 5,
    "true_model": " q*(Ef+B*v*sin(theta))",
    "symbolic_model": "-1.08597509867388e-14+3.39083595257121e-16*((x_1)**2+(sin(x_5)*(x_4)**2))+1*(x_1*x_2)+7.75300946990685e-17*(x_2*(x_1)**2)-1.42937614237662e-16*((x_4*sin(x_5))*(x_3*(x_1)**2))+1*((x_4*sin(x_5))*(x_1*x_3))",
    "TP": 5,
    "FP": 0,
    "TN": 0,
    "FN": 0,
    "F1": 1.0,
    "selected_name": [
        "q",
        "Ef",
        "B",
        "v",
        "theta"
    ],
    "selected_idx": [
        1,
        2,
        3,
        4,
        5
    ],
    "perf_metric_updated": true,
    "failed": "no error",
    "mse_train": 3.039695756042284e-28,
    "mae_train": 1.3544235177853637e-14,
    "r2_train": 1.0,
    "mse_test": 2.8400852539975447e-28,
    "mae_test": 1.228185520299463e-14,
    "r2_test": 1.0
}