{
    "dataset": "feynman_testing\\feynman_I_12_11\\feynman_I_12_11",
    "algorithm": "RF",
    "opt": [
        "u",
        "b",
        "b"
    ],
    "random_state": 11964,
    "process_time": 36.9375,
    "time_time": 79.44627833366394,
    "target_noise": 0.0,
    "feature_noise": 0.0,
    "n": 100,
    "p": 5,
    "p0": 5,
    "true_model": " q*(Ef+B*v*sin(theta))",
    "symbolic_model": "6.81025752836252e-15-1.15289967211419e-15*(x_2+(x_4*sin(x_5)))+1*(x_1*x_2)+7.70124540840581e-15*((x_4*sin(x_5))*(log(x_1)*log(x_3)))+0.999999999999999*((x_4*sin(x_5))*(x_1*x_3))-2.28896663183923e-15*abs((x_1-x_2))",
    "TP": 5,
    "FP": 0,
    "TN": 0,
    "FN": 0,
    "F1": 1.0,
    "selected_name": [
        "q",
        "Ef",
        "B",
        "v",
        "theta"
    ],
    "selected_idx": [
        1,
        2,
        3,
        4,
        5
    ],
    "perf_metric_updated": true,
    "failed": "no error",
    "mse_train": 1.774268296092687e-28,
    "mae_train": 9.616613061425028e-15,
    "r2_train": 1.0,
    "mse_test": 1.4349741463227427e-28,
    "mae_test": 8.293112498808375e-15,
    "r2_test": 1.0
}