{
    "dataset": "feynman_testing\\feynman_I_12_11\\feynman_I_12_11",
    "algorithm": "RF",
    "opt": [
        "u",
        "b",
        "b"
    ],
    "random_state": 21575,
    "process_time": 23.265625,
    "time_time": 26.65372395515442,
    "target_noise": 0.0,
    "feature_noise": 0.0,
    "n": 100,
    "p": 5,
    "p0": 5,
    "true_model": " q*(Ef+B*v*sin(theta))",
    "symbolic_model": "5.6843418860808e-15+0.999999999999999*(x_1*x_2)+1.77849921395325e-16*((x_1*sin(x_5))*(x_3*(x_4)**2))+0.999999999999999*((x_1*sin(x_5))*(x_3*x_4))",
    "TP": 5,
    "FP": 0,
    "TN": 0,
    "FN": 0,
    "F1": 1.0,
    "selected_name": [
        "q",
        "Ef",
        "B",
        "v",
        "theta"
    ],
    "selected_idx": [
        1,
        2,
        3,
        4,
        5
    ],
    "perf_metric_updated": true,
    "failed": "no error",
    "mse_train": 2.2622832861899645e-28,
    "mae_train": 1.0031420139000602e-14,
    "r2_train": 1.0,
    "mse_test": 2.3277134181437142e-28,
    "mae_test": 1.0757445203721239e-14,
    "r2_test": 1.0
}