{
    "dataset": "feynman_testing\\feynman_I_18_4\\feynman_I_18_4",
    "algorithm": "RF",
    "opt": [
        "b",
        "b",
        "b"
    ],
    "random_state": 21575,
    "process_time": 523.21875,
    "time_time": 1265.4314012527466,
    "target_noise": 0.0,
    "feature_noise": 0.0,
    "n": 200,
    "p": 4,
    "p0": 4,
    "true_model": " (m1*r1+m2*r2)/(m1+m2)",
    "symbolic_model": "-0.415784598444108+0.018925337448295*((x_3+(x_3+x_4))+abs(((x_1+x_3)-(x_2*x_4))))+0.289806297657604*((x_3/(x_2+x_4))+((x_3*x_4)/(x_1+x_3)))+0.134539199174417*(((x_3+x_4)-(x_4/x_2))-((x_2+x_3)/(x_1+x_4)))-0.560298636833*(((x_1-x_4)-(x_1*x_3))/(x_1+x_3))+0.520838186242103*(((x_2+x_3)*(x_3+x_4))/((x_3+x_4)+(x_2*x_3)))",
    "TP": 4,
    "FP": 0,
    "TN": 0,
    "FN": 0,
    "F1": 1.0,
    "selected_name": [
        "m1",
        "m2",
        "r1",
        "r2"
    ],
    "selected_idx": [
        1,
        2,
        3,
        4
    ],
    "perf_metric_updated": true,
    "failed": "no error",
    "mse_train": 0.0021631694131007354,
    "mae_train": 0.0368250787525821,
    "r2_train": 0.9967147877155751,
    "mse_test": 0.0031530664138513945,
    "mae_test": 0.04321772105773694,
    "r2_test": 0.9956619062118722
}