{
    "dataset": "feynman_testing\\feynman_I_18_4\\feynman_I_18_4",
    "algorithm": "RF",
    "opt": [
        "b",
        "b",
        "b"
    ],
    "random_state": 11284,
    "process_time": 6.09375,
    "time_time": 24.554394245147705,
    "target_noise": 0.0,
    "feature_noise": 0.0,
    "n": 200,
    "p": 4,
    "p0": 4,
    "true_model": " (m1*r1+m2*r2)/(m1+m2)",
    "symbolic_model": "1.79347156156255+0.0698524061811399*((x_3+x_4)+(x_3+(x_3+x_4)))+0.0578448233399312*((x_3+(x_3*x_4))+abs((x_3-x_4)))-5.55466647541118*(((x_3*x_4)/(x_3+x_4))/(x_4+(x_3*x_4)))+0.0446223064133361*abs(((x_3+(x_3-x_4))-(x_3*(x_3-x_4))))",
    "TP": 2,
    "FP": 0,
    "TN": 0,
    "FN": 2,
    "F1": 0.6666666666666666,
    "selected_name": [
        "r1",
        "r2"
    ],
    "selected_idx": [
        3,
        4
    ],
    "perf_metric_updated": true,
    "failed": "no error",
    "mse_train": 0.048820008031202296,
    "mae_train": 0.14863623280499494,
    "r2_train": 0.9406003343944159,
    "mse_test": 0.06438796229042117,
    "mae_test": 0.16879313113134445,
    "r2_test": 0.9103227166352367
}