{
    "dataset": "feynman_testing\\feynman_III_17_37\\feynman_III_17_37",
    "algorithm": "RF",
    "opt": [
        "u",
        "b",
        "b"
    ],
    "random_state": 15795,
    "process_time": 28.046875,
    "time_time": 30.69961404800415,
    "target_noise": 0.0,
    "feature_noise": 0.0,
    "n": 100,
    "p": 3,
    "p0": 3,
    "true_model": " beta*(1+alpha*cos(theta))",
    "symbolic_model": "-1.66388979886026e-15+2.09880430548652e-15*((cos(x_3)+(1/x_2))*(x_2*log(x_1)))+0.999999999999999*((cos(x_3)+(1/x_2))*(x_1*x_2))",
    "TP": 3,
    "FP": 0,
    "TN": 0,
    "FN": 0,
    "F1": 1.0,
    "selected_name": [
        "beta",
        "alpha",
        "theta"
    ],
    "selected_idx": [
        1,
        2,
        3
    ],
    "perf_metric_updated": true,
    "failed": "no error",
    "mse_train": 9.57407893932083e-30,
    "mae_train": 2.2862267634593537e-15,
    "r2_train": 1.0,
    "mse_test": 1.3966660399468528e-29,
    "mae_test": 2.6188191179954587e-15,
    "r2_test": 1.0
}