{
    "dataset": "feynman_testing\\feynman_III_17_37\\feynman_III_17_37",
    "algorithm": "RF",
    "opt": [
        "u",
        "b",
        "b"
    ],
    "random_state": 22118,
    "process_time": 26.078125,
    "time_time": 31.25053644180298,
    "target_noise": 0.0,
    "feature_noise": 0.0,
    "n": 100,
    "p": 3,
    "p0": 3,
    "true_model": " beta*(1+alpha*cos(theta))",
    "symbolic_model": "-1.22236537270018e-15-3.66582795650275e-16*((x_2*cos(x_3))*(x_1+(1/x_3)))+1*((cos(x_3)+(1/x_2))*(x_1*x_2))",
    "TP": 3,
    "FP": 0,
    "TN": 0,
    "FN": 0,
    "F1": 1.0,
    "selected_name": [
        "beta",
        "alpha",
        "theta"
    ],
    "selected_idx": [
        1,
        2,
        3
    ],
    "perf_metric_updated": true,
    "failed": "no error",
    "mse_train": 1.3289452024796467e-29,
    "mae_train": 2.391420395042587e-15,
    "r2_train": 1.0,
    "mse_test": 1.4225913782730836e-29,
    "mae_test": 2.416401090723011e-15,
    "r2_test": 1.0
}