{
    "dataset": "feynman_testing\\feynman_III_17_37\\feynman_III_17_37",
    "algorithm": "RF",
    "opt": [
        "u",
        "b",
        "b"
    ],
    "random_state": 11964,
    "process_time": 41.03125,
    "time_time": 39.859790086746216,
    "target_noise": 0.0,
    "feature_noise": 0.0,
    "n": 100,
    "p": 3,
    "p0": 3,
    "true_model": " beta*(1+alpha*cos(theta))",
    "symbolic_model": "3.30784032201652e-16+6.10891961739787e-15*((cos(x_3)+(1/x_2))*(x_1*log(x_2)))+7.33296253951885e-16*((cos(x_3)+(1/x_2))*(x_2*log(x_1)))+0.999999999999998*((cos(x_3)+(1/x_2))*(x_1*x_2))",
    "TP": 3,
    "FP": 0,
    "TN": 0,
    "FN": 0,
    "F1": 1.0,
    "selected_name": [
        "beta",
        "alpha",
        "theta"
    ],
    "selected_idx": [
        1,
        2,
        3
    ],
    "perf_metric_updated": true,
    "failed": "no error",
    "mse_train": 6.561574468531801e-30,
    "mae_train": 1.8688522951393337e-15,
    "r2_train": 1.0,
    "mse_test": 1.4974982081749964e-29,
    "mae_test": 2.4355092009993583e-15,
    "r2_test": 1.0
}