{
    "dataset": "feynman_testing\\feynman_III_17_37\\feynman_III_17_37",
    "algorithm": "RF",
    "opt": [
        "u",
        "b",
        "b"
    ],
    "random_state": 11284,
    "process_time": 24.046875,
    "time_time": 25.420953512191772,
    "target_noise": 0.0,
    "feature_noise": 0.0,
    "n": 100,
    "p": 3,
    "p0": 3,
    "true_model": " beta*(1+alpha*cos(theta))",
    "symbolic_model": "-5.05505567657897e-16+7.57294455147381e-16*((cos(x_3)+(1/x_2))*(x_2*log(x_1)))+1*((cos(x_3)+(1/x_2))*(x_1*x_2))",
    "TP": 3,
    "FP": 0,
    "TN": 0,
    "FN": 0,
    "F1": 1.0,
    "selected_name": [
        "beta",
        "alpha",
        "theta"
    ],
    "selected_idx": [
        1,
        2,
        3
    ],
    "perf_metric_updated": true,
    "failed": "no error",
    "mse_train": 8.911197445104562e-30,
    "mae_train": 1.9265838924198418e-15,
    "r2_train": 1.0,
    "mse_test": 1.3450249634679065e-29,
    "mae_test": 2.194289047338649e-15,
    "r2_test": 1.0
}