{
    "dataset": "feynman_testing\\feynman_I_12_2\\feynman_I_12_2",
    "algorithm": "BART_GSE",
    "opt": [
        "u",
        "b",
        "b"
    ],
    "random_state": 21575,
    "process_time": 59.09375,
    "time_time": 168.44650292396545,
    "target_noise": 0.0,
    "feature_noise": 0.0,
    "n": 100,
    "p": 4,
    "p0": 4,
    "true_model": " q1*q2*r/(4*3.1415926535*epsilon*r**3)",
    "symbolic_model": "-0.014991207498759-0.0183041464897192*(x_1+x_3)-0.00324656526793928*(x_2*x_3)+0.0214944566597923*(x_2*(x_1/x_4))+0.136846069225256*((x_1/x_4)/x_3)+0.0355584379706053*abs((x_3-(x_1/x_4)))",
    "TP": 4,
    "FP": 0,
    "TN": 0,
    "FN": 0,
    "F1": 1.0,
    "selected_name": [
        "q1",
        "q2",
        "epsilon",
        "r"
    ],
    "selected_idx": [
        1,
        2,
        3,
        4
    ],
    "perf_metric_updated": true,
    "failed": "no error",
    "mse_train": 0.0001776099637550955,
    "mae_train": 0.00919291713779951,
    "r2_train": 0.9796610493348017,
    "mse_test": 0.0005499428988710142,
    "mae_test": 0.01256620205745112,
    "r2_test": 0.9319879906259504
}