{
    "dataset": "feynman_testing\\feynman_I_12_2\\feynman_I_12_2",
    "algorithm": "BART_GSE",
    "opt": [
        "u",
        "b",
        "b"
    ],
    "random_state": 15795,
    "process_time": 230.859375,
    "time_time": 389.05565118789673,
    "target_noise": 0.0,
    "feature_noise": 0.0,
    "n": 100,
    "p": 4,
    "p0": 4,
    "true_model": " q1*q2*r/(4*3.1415926535*epsilon*r**3)",
    "symbolic_model": "0.00422385982611148+0.000311042236399834*(((x_1)**2*exp(x_2))*((1/x_4)/exp(x_3)))+0.471601408493536*((sqrt(x_3)/exp(x_3))*(log(x_1)/(x_4)**2))+0.00997142681047487*((log(x_2)/sqrt(x_4))*((x_1)**2/(x_4)**2))+0.127105986166446*(((x_2)**2/exp(x_4))*((1/x_4)/exp(x_3)))+0.0700696288745483*((x_2/exp(x_4))/(log(x_3)+(1/x_1)))",
    "TP": 4,
    "FP": 0,
    "TN": 0,
    "FN": 0,
    "F1": 1.0,
    "selected_name": [
        "q1",
        "q2",
        "epsilon",
        "r"
    ],
    "selected_idx": [
        1,
        2,
        3,
        4
    ],
    "perf_metric_updated": true,
    "failed": "no error",
    "mse_train": 3.248249712681126e-05,
    "mae_train": 0.0036473005702685407,
    "r2_train": 0.9983210490583586,
    "mse_test": 6.56703955339111e-05,
    "mae_test": 0.004134889951376118,
    "r2_test": 0.992147842856427
}