{
    "dataset": "feynman_testing\\feynman_I_12_2\\feynman_I_12_2",
    "algorithm": "BART_GSE",
    "opt": [
        "u",
        "b",
        "b"
    ],
    "random_state": 11284,
    "process_time": 198.0,
    "time_time": 420.90695452690125,
    "target_noise": 0.0,
    "feature_noise": 0.0,
    "n": 100,
    "p": 4,
    "p0": 4,
    "true_model": " q1*q2*r/(4*3.1415926535*epsilon*r**3)",
    "symbolic_model": "-0.00448031607917897+0.0347009492761376*(x_2*(log(x_1)/(x_4)**2))+0.0703118258100161*((log(x_1)/(x_4)**2)/x_3)+0.2585738982104*((x_2/(x_4)**2)/((x_3)**2+log(x_4)))+0.0046827526190791*(((1/x_3)/sqrt(x_4))/((1/x_1)*(1/x_2)))-0.884592771031967*((sin(x_1)/exp(x_3))/(exp(x_4)/log(x_2)))",
    "TP": 4,
    "FP": 0,
    "TN": 0,
    "FN": 0,
    "F1": 1.0,
    "selected_name": [
        "q1",
        "q2",
        "epsilon",
        "r"
    ],
    "selected_idx": [
        1,
        2,
        3,
        4
    ],
    "perf_metric_updated": true,
    "failed": "no error",
    "mse_train": 8.378671981832189e-06,
    "mae_train": 0.0019657403056400967,
    "r2_train": 0.9986790098301205,
    "mse_test": 0.0001725727628046108,
    "mae_test": 0.0044023638287226784,
    "r2_test": 0.9787258751129192
}