{
    "dataset": "feynman_testing\\feynman_I_8_14\\feynman_I_8_14",
    "algorithm": "RF",
    "opt": [
        "a",
        "a",
        "a",
        "a"
    ],
    "random_state": 11964,
    "process_time": 566.46875,
    "time_time": 1002.150083065033,
    "target_noise": 0.0,
    "feature_noise": 0.0,
    "n": 200,
    "p": 4,
    "p0": 4,
    "true_model": " sqrt((x2-x1)**2+(y2-y1)**2)",
    "symbolic_model": "-2.00971834711523e-15+1*sqrt(((abs((x_3-x_4)))**2+(abs((x_1-x_2)))**2))",
    "TP": 4,
    "FP": 0,
    "TN": 0,
    "FN": 0,
    "F1": 1.0,
    "selected_name": [
        "x1",
        "x2",
        "y1",
        "y2"
    ],
    "selected_idx": [
        1,
        2,
        3,
        4
    ],
    "perf_metric_updated": true,
    "failed": "no error",
    "mse_train": 4.705524484764225e-30,
    "mae_train": 2.087774397807607e-15,
    "r2_train": 1.0,
    "mse_test": 4.701536006386692e-30,
    "mae_test": 2.0838271386214304e-15,
    "r2_test": 1.0
}