{
    "dataset": "feynman_testing\\feynman_I_8_14\\feynman_I_8_14",
    "algorithm": "RF",
    "opt": [
        "a",
        "a",
        "a",
        "a"
    ],
    "random_state": 22118,
    "process_time": 297.109375,
    "time_time": 800.8556597232819,
    "target_noise": 0.0,
    "feature_noise": 0.0,
    "n": 200,
    "p": 4,
    "p0": 4,
    "true_model": " sqrt((x2-x1)**2+(y2-y1)**2)",
    "symbolic_model": "-5.02429586778808e-16+1*sqrt(((abs((x_1-x_2)))**2+(abs((x_3-x_4)))**2))",
    "TP": 4,
    "FP": 0,
    "TN": 0,
    "FN": 0,
    "F1": 1.0,
    "selected_name": [
        "x1",
        "x2",
        "y1",
        "y2"
    ],
    "selected_idx": [
        1,
        2,
        3,
        4
    ],
    "perf_metric_updated": true,
    "failed": "no error",
    "mse_train": 4.817504311003219e-31,
    "mae_train": 5.523706492205349e-16,
    "r2_train": 1.0,
    "mse_test": 5.554511998402633e-31,
    "mae_test": 5.963995963753632e-16,
    "r2_test": 1.0
}