{
    "dataset": "feynman_testing\\feynman_I_8_14\\feynman_I_8_14",
    "algorithm": "RF",
    "opt": [
        "a",
        "a",
        "a",
        "a"
    ],
    "random_state": 21575,
    "process_time": 388.34375,
    "time_time": 851.0248806476593,
    "target_noise": 0.0,
    "feature_noise": 0.0,
    "n": 200,
    "p": 4,
    "p0": 4,
    "true_model": " sqrt((x2-x1)**2+(y2-y1)**2)",
    "symbolic_model": "0+1*sqrt(((abs((x_1-x_2)))**2+(abs((x_3-x_4)))**2))",
    "TP": 4,
    "FP": 0,
    "TN": 0,
    "FN": 0,
    "F1": 1.0,
    "selected_name": [
        "x1",
        "x2",
        "y1",
        "y2"
    ],
    "selected_idx": [
        1,
        2,
        3,
        4
    ],
    "perf_metric_updated": true,
    "failed": "no error",
    "mse_train": 2.893363074051832e-31,
    "mae_train": 3.749778265671466e-16,
    "r2_train": 1.0,
    "mse_test": 3.4653275881990502e-31,
    "mae_test": 4.1330661115779323e-16,
    "r2_test": 1.0
}