{
    "dataset": "feynman_testing\\feynman_I_8_14\\feynman_I_8_14",
    "algorithm": "RF",
    "opt": [
        "a",
        "a",
        "a",
        "a"
    ],
    "random_state": 15795,
    "process_time": 430.109375,
    "time_time": 776.0269110202789,
    "target_noise": 0.0,
    "feature_noise": 0.0,
    "n": 200,
    "p": 4,
    "p0": 4,
    "true_model": " sqrt((x2-x1)**2+(y2-y1)**2)",
    "symbolic_model": "-2.51214793389404e-16+1*sqrt(((abs((x_3-x_4)))**2+(abs((x_1-x_2)))**2))",
    "TP": 4,
    "FP": 0,
    "TN": 0,
    "FN": 0,
    "F1": 1.0,
    "selected_name": [
        "x1",
        "x2",
        "y1",
        "y2"
    ],
    "selected_idx": [
        1,
        2,
        3,
        4
    ],
    "perf_metric_updated": true,
    "failed": "no error",
    "mse_train": 4.479867125040261e-31,
    "mae_train": 5.034861416675085e-16,
    "r2_train": 1.0,
    "mse_test": 4.595660066272373e-31,
    "mae_test": 5.236976130529314e-16,
    "r2_test": 1.0
}