{
    "dataset": "feynman_testing\\feynman_II_2_42\\feynman_II_2_42",
    "algorithm": "RF",
    "opt": [
        "b",
        "b",
        "b"
    ],
    "random_state": 11964,
    "process_time": 38.328125,
    "time_time": 95.9481086730957,
    "target_noise": 0.0,
    "feature_noise": 0.0,
    "n": 200,
    "p": 5,
    "p0": 5,
    "true_model": " kappa*(T2-T1)*A/d",
    "symbolic_model": "-2.56647434790869+0.305879900970284*(x_3-((x_2-x_3)*(x_4/x_5)))+1.43787632173093*((x_3/x_2)-((x_2-x_3)*(x_4/x_5)))-0.45006122848696*((x_4/x_5)*((x_2-x_3)*(x_4/x_5)))",
    "TP": 4,
    "FP": 0,
    "TN": 0,
    "FN": 1,
    "F1": 0.8888888888888888,
    "selected_name": [
        "T1",
        "T2",
        "A",
        "d"
    ],
    "selected_idx": [
        2,
        3,
        4,
        5
    ],
    "perf_metric_updated": true,
    "failed": "no error",
    "mse_train": 6.313362343557367,
    "mae_train": 1.5605941943896458,
    "r2_train": 0.8754806801082077,
    "mse_test": 8.24582842863953,
    "mae_test": 1.7091527102043156,
    "r2_test": 0.8521870235930395
}