{
    "dataset": "feynman_testing\\feynman_II_2_42\\feynman_II_2_42",
    "algorithm": "RF",
    "opt": [
        "b",
        "b",
        "b"
    ],
    "random_state": 15795,
    "process_time": 46.953125,
    "time_time": 114.99176216125488,
    "target_noise": 0.0,
    "feature_noise": 0.0,
    "n": 200,
    "p": 5,
    "p0": 5,
    "true_model": " kappa*(T2-T1)*A/d",
    "symbolic_model": "0.0756122666450973-1.0566031847339*(((x_2-x_3)*(x_4/x_5))+((x_2-x_3)/x_5))-0.291106301348555*(x_4*(x_2-x_3))-0.910385723507933*((x_4/x_2)*((x_2-x_3)/x_5))-0.794059353383195*((x_4/x_3)*((x_2-x_3)/x_5))+0.00658600903437714*((x_4/x_2)/(x_3-x_5))",
    "TP": 4,
    "FP": 0,
    "TN": 0,
    "FN": 1,
    "F1": 0.8888888888888888,
    "selected_name": [
        "T1",
        "T2",
        "A",
        "d"
    ],
    "selected_idx": [
        2,
        3,
        4,
        5
    ],
    "perf_metric_updated": true,
    "failed": "no error",
    "mse_train": 4.664561692493437,
    "mae_train": 1.4265405974748273,
    "r2_train": 0.880887297363754,
    "mse_test": 9.219362188559154,
    "mae_test": 1.700986214697249,
    "r2_test": 0.8350281160853181
}