{
    "dataset": "feynman_testing\\feynman_II_2_42\\feynman_II_2_42",
    "algorithm": "RF",
    "opt": [
        "b",
        "b",
        "b"
    ],
    "random_state": 21575,
    "process_time": 162.921875,
    "time_time": 358.4797537326813,
    "target_noise": 0.0,
    "feature_noise": 0.0,
    "n": 200,
    "p": 5,
    "p0": 5,
    "true_model": " kappa*(T2-T1)*A/d",
    "symbolic_model": "3.76822190084106e-16-0.999999999999999*(x_1*((x_2-x_3)*(x_4/x_5)))",
    "TP": 5,
    "FP": 0,
    "TN": 0,
    "FN": 0,
    "F1": 1.0,
    "selected_name": [
        "kappa",
        "T1",
        "T2",
        "A",
        "d"
    ],
    "selected_idx": [
        1,
        2,
        3,
        4,
        5
    ],
    "perf_metric_updated": true,
    "failed": "no error",
    "mse_train": 9.70970600749249e-29,
    "mae_train": 5.875855357828641e-15,
    "r2_train": 1.0,
    "mse_test": 6.020962397882289e-29,
    "mae_test": 4.876909813785778e-15,
    "r2_test": 1.0
}