{
    "dataset": "feynman_testing\\feynman_II_2_42\\feynman_II_2_42",
    "algorithm": "RF",
    "opt": [
        "b",
        "b",
        "b"
    ],
    "random_state": 22118,
    "process_time": 206.484375,
    "time_time": 418.2945704460144,
    "target_noise": 0.0,
    "feature_noise": 0.0,
    "n": 200,
    "p": 5,
    "p0": 5,
    "true_model": " kappa*(T2-T1)*A/d",
    "symbolic_model": "0.161123207484821-0.934140682779301*(((x_2-x_3)*(x_1/x_5))+((x_2/x_3)/(x_3*x_5)))-0.149993385075438*((x_3+(x_1/x_5))*((x_2-x_3)*(x_1/x_5)))-0.338047239933316*(((x_2-x_3)*(x_1/x_5))*abs(((x_3-x_5)-(x_2/x_1))))-2.02584587218858*(((x_2-x_3)/(x_3*x_5))*abs((x_3-(x_2/x_5))))-0.0526401497673758*(((x_2-x_3)*(x_1*x_3))/(x_3-(x_3/x_5)))",
    "TP": 4,
    "FP": 0,
    "TN": 0,
    "FN": 1,
    "F1": 0.8888888888888888,
    "selected_name": [
        "kappa",
        "T1",
        "T2",
        "d"
    ],
    "selected_idx": [
        1,
        2,
        3,
        5
    ],
    "perf_metric_updated": true,
    "failed": "no error",
    "mse_train": 7.592627225912602,
    "mae_train": 1.625555593197232,
    "r2_train": 0.896866290692843,
    "mse_test": 106340.25227757549,
    "mae_test": 4.068165201299754,
    "r2_test": -1829.6476472941556
}