{
    "dataset": "feynman_testing\\feynman_II_2_42\\feynman_II_2_42",
    "algorithm": "RF",
    "opt": [
        "b",
        "b",
        "b"
    ],
    "random_state": 11284,
    "process_time": 51.46875,
    "time_time": 141.796462059021,
    "target_noise": 0.0,
    "feature_noise": 0.0,
    "n": 200,
    "p": 5,
    "p0": 5,
    "true_model": " kappa*(T2-T1)*A/d",
    "symbolic_model": "1.69975332523966-1.17789207342471*(((x_2-x_3)+(x_3/x_2))+((x_2-x_3)*(x_4/x_5)))-0.452784504098724*((x_4/x_5)*((x_2-x_3)*(x_4/x_5)))-0.142785824821979*((x_3+(x_4/x_5))*((x_2-x_3)+(x_4/x_3)))",
    "TP": 4,
    "FP": 0,
    "TN": 0,
    "FN": 1,
    "F1": 0.8888888888888888,
    "selected_name": [
        "T1",
        "T2",
        "A",
        "d"
    ],
    "selected_idx": [
        2,
        3,
        4,
        5
    ],
    "perf_metric_updated": true,
    "failed": "no error",
    "mse_train": 5.133142529831981,
    "mae_train": 1.434723689744667,
    "r2_train": 0.9356244191809174,
    "mse_test": 7.801898820433369,
    "mae_test": 1.718113061023604,
    "r2_test": 0.8595248282328918
}