{
    "dataset": "feynman_testing\\feynman_I_32_5\\feynman_I_32_5",
    "algorithm": "RF",
    "opt": [
        "a",
        "a",
        "a",
        "a"
    ],
    "random_state": 11284,
    "process_time": 65.078125,
    "time_time": 103.28381562232971,
    "target_noise": 0.0,
    "feature_noise": 0.0,
    "n": 200,
    "p": 4,
    "p0": 4,
    "true_model": " q**2*a**2/(6*3.1415926535*epsilon*c**3)",
    "symbolic_model": "-3.18562935718967e-16+7.66421162632663e-16*(((x_1*x_2)/exp(x_4))*((x_1/x_4)*(x_2/x_3)))+0.053051647697298*(((x_1/x_4)*(x_2/x_4))*((x_1/x_4)*(x_2/x_3)))+1.0968716773568e-17*(((x_1/x_4)*(x_2/x_3))*((x_1*x_2)/log(x_4)))",
    "TP": 4,
    "FP": 0,
    "TN": 0,
    "FN": 0,
    "F1": 1.0,
    "selected_name": [
        "q",
        "a",
        "epsilon",
        "c"
    ],
    "selected_idx": [
        1,
        2,
        3,
        4
    ],
    "perf_metric_updated": true,
    "failed": "no error",
    "mse_train": 1.9238887196059312e-31,
    "mae_train": 3.4097182542713876e-16,
    "r2_train": 1.0,
    "mse_test": 2.1642861768153236e-27,
    "mae_test": 1.216837029359083e-15,
    "r2_test": 1.0
}