{
    "dataset": "feynman_testing\\feynman_I_32_5\\feynman_I_32_5",
    "algorithm": "RF",
    "opt": [
        "a",
        "a",
        "a",
        "a"
    ],
    "random_state": 11964,
    "process_time": 54.4375,
    "time_time": 109.81113290786743,
    "target_noise": 0.0,
    "feature_noise": 0.0,
    "n": 200,
    "p": 4,
    "p0": 4,
    "true_model": " q**2*a**2/(6*3.1415926535*epsilon*c**3)",
    "symbolic_model": "-6.2803698347351e-17+0.0530516476972984*(((x_1/x_4)*(x_2/x_3))*((x_2/x_4)*(x_1/x_4)))",
    "TP": 4,
    "FP": 0,
    "TN": 0,
    "FN": 0,
    "F1": 1.0,
    "selected_name": [
        "q",
        "a",
        "epsilon",
        "c"
    ],
    "selected_idx": [
        1,
        2,
        3,
        4
    ],
    "perf_metric_updated": true,
    "failed": "no error",
    "mse_train": 4.740099570233563e-31,
    "mae_train": 2.9878118208703785e-16,
    "r2_train": 1.0,
    "mse_test": 6.072789750022587e-31,
    "mae_test": 2.6313220591149544e-16,
    "r2_test": 1.0
}