{
    "dataset": "feynman_testing\\feynman_I_32_5\\feynman_I_32_5",
    "algorithm": "RF",
    "opt": [
        "a",
        "a",
        "a",
        "a"
    ],
    "random_state": 15795,
    "process_time": 43.21875,
    "time_time": 100.09910535812378,
    "target_noise": 0.0,
    "feature_noise": 0.0,
    "n": 200,
    "p": 4,
    "p0": 4,
    "true_model": " q**2*a**2/(6*3.1415926535*epsilon*c**3)",
    "symbolic_model": "2.36399388073858e-17-1.14192960792195e-16*(((x_1*x_2)/exp(x_4))*((x_1/x_4)*(x_2/x_3)))+0.0530516476972985*(((x_1/x_4)*(x_2/x_4))*((x_1/x_4)*(x_2/x_3)))",
    "TP": 4,
    "FP": 0,
    "TN": 0,
    "FN": 0,
    "F1": 1.0,
    "selected_name": [
        "q",
        "a",
        "epsilon",
        "c"
    ],
    "selected_idx": [
        1,
        2,
        3,
        4
    ],
    "perf_metric_updated": true,
    "failed": "no error",
    "mse_train": 8.294819634764681e-32,
    "mae_train": 1.3338370121948606e-16,
    "r2_train": 1.0,
    "mse_test": 2.1585914955195478e-31,
    "mae_test": 1.5110729724779338e-16,
    "r2_test": 1.0
}