{
    "dataset": "feynman_testing\\feynman_III_13_18\\feynman_III_13_18",
    "algorithm": "RF",
    "opt": [
        "u",
        "b",
        "b"
    ],
    "random_state": 22118,
    "process_time": 2585.21875,
    "time_time": 4570.346335887909,
    "target_noise": 0.0,
    "feature_noise": 0.0,
    "n": 500,
    "p": 4,
    "p0": 4,
    "true_model": " 2*E_n*d**2*k/(h/(2*3.1415926535))",
    "symbolic_model": "4.06738395668033e-13+12.5663706143592*((x_1*x_3)*((x_2)**2*(1/x_4)))",
    "TP": 4,
    "FP": 0,
    "TN": 0,
    "FN": 0,
    "F1": 1.0,
    "selected_name": [
        "E_n",
        "d",
        "k",
        "h"
    ],
    "selected_idx": [
        1,
        2,
        3,
        4
    ],
    "perf_metric_updated": true,
    "failed": "no error",
    "mse_train": 3.727001141441805e-24,
    "mae_train": 1.4861480934769133e-12,
    "r2_train": 1.0,
    "mse_test": 3.915332490574616e-24,
    "mae_test": 1.4939150183579385e-12,
    "r2_test": 1.0
}