{
    "dataset": "feynman_testing\\feynman_III_13_18\\feynman_III_13_18",
    "algorithm": "RF",
    "opt": [
        "u",
        "b",
        "b"
    ],
    "random_state": 15795,
    "process_time": 2124.734375,
    "time_time": 4316.28711438179,
    "target_noise": 0.0,
    "feature_noise": 0.0,
    "n": 500,
    "p": 4,
    "p0": 4,
    "true_model": " 2*E_n*d**2*k/(h/(2*3.1415926535))",
    "symbolic_model": "-30.9810139405568+3.9320002780209*(x_1/(x_4/(x_2)**2))+0.994128504352532*((x_1)**2/(x_4/(x_2)**2))+0.246717934909931*(exp(x_3)/(x_4/(x_2)**2))+27.1895179267598*((x_1*log(x_3))/(x_4/(x_2)**2))+50.0933601874455*abs((log(x_3)-((1/x_1)+(1/x_3))))",
    "TP": 4,
    "FP": 0,
    "TN": 0,
    "FN": 0,
    "F1": 1.0,
    "selected_name": [
        "E_n",
        "d",
        "k",
        "h"
    ],
    "selected_idx": [
        1,
        2,
        3,
        4
    ],
    "perf_metric_updated": true,
    "failed": "no error",
    "mse_train": 678.1949908169948,
    "mae_train": 16.60397147164956,
    "r2_train": 0.997788739265661,
    "mse_test": 837.8826340333179,
    "mae_test": 17.203413543021043,
    "r2_test": 0.9972580315105357
}