{
    "dataset": "feynman_testing\\feynman_II_13_17\\feynman_II_13_17",
    "algorithm": "RF",
    "opt": [
        "u",
        "b",
        "b"
    ],
    "random_state": 21575,
    "process_time": 31.109375,
    "time_time": 35.1590461730957,
    "target_noise": 0.0,
    "feature_noise": 0.0,
    "n": 100,
    "p": 4,
    "p0": 4,
    "true_model": " 1/(4*3.1415926535*epsilon*c**2)*2*I/r",
    "symbolic_model": "-6.10622663543836e-17+0.159154943091895*(((1/x_1)/(x_2)**2)*(x_3/x_4))",
    "TP": 4,
    "FP": 0,
    "TN": 0,
    "FN": 0,
    "F1": 1.0,
    "selected_name": [
        "epsilon",
        "c",
        "I",
        "r"
    ],
    "selected_idx": [
        1,
        2,
        3,
        4
    ],
    "perf_metric_updated": true,
    "failed": "no error",
    "mse_train": 6.768813502861148e-33,
    "mae_train": 4.669550336677819e-17,
    "r2_train": 1.0,
    "mse_test": 5.714516852798895e-33,
    "mae_test": 5.013637942308247e-17,
    "r2_test": 1.0
}