{
    "dataset": "feynman_testing\\feynman_II_34_2a\\feynman_II_34_2a",
    "algorithm": "RF",
    "opt": [
        "b",
        "b"
    ],
    "random_state": 11964,
    "process_time": 0.28125,
    "time_time": 3.784018039703369,
    "target_noise": 0.0,
    "feature_noise": 0.0,
    "n": 100,
    "p": 3,
    "p0": 3,
    "true_model": " q*v/(2*3.1415926535*r)",
    "symbolic_model": "-5.32907051820075e-16+0.159154943091895*(x_1*(x_2/x_3))",
    "TP": 3,
    "FP": 0,
    "TN": 0,
    "FN": 0,
    "F1": 1.0,
    "selected_name": [
        "q",
        "v",
        "r"
    ],
    "selected_idx": [
        1,
        2,
        3
    ],
    "perf_metric_updated": true,
    "failed": "no error",
    "mse_train": 4.9917812301883335e-30,
    "mae_train": 1.916938829893411e-15,
    "r2_train": 1.0,
    "mse_test": 3.822558522896302e-30,
    "mae_test": 1.711563391015858e-15,
    "r2_test": 1.0
}