{
    "dataset": "feynman_testing\\feynman_I_18_14\\feynman_I_18_14",
    "algorithm": "RF",
    "opt": [
        "u",
        "b",
        "b"
    ],
    "random_state": 21575,
    "process_time": 1080.71875,
    "time_time": 2239.5729541778564,
    "target_noise": 0.0,
    "feature_noise": 0.0,
    "n": 200,
    "p": 4,
    "p0": 4,
    "true_model": " m*r*v*sin(theta)",
    "symbolic_model": "-1.63289615703113e-15+1*((x_1*x_2)*(x_3*sin(x_4)))",
    "TP": 4,
    "FP": 0,
    "TN": 0,
    "FN": 0,
    "F1": 1.0,
    "selected_name": [
        "m",
        "r",
        "v",
        "theta"
    ],
    "selected_idx": [
        1,
        2,
        3,
        4
    ],
    "perf_metric_updated": true,
    "failed": "no error",
    "mse_train": 9.73886037387876e-29,
    "mae_train": 5.955756721132133e-15,
    "r2_train": 1.0,
    "mse_test": 9.274641597009829e-29,
    "mae_test": 5.847803572758478e-15,
    "r2_test": 1.0
}