{
    "dataset": "feynman_testing\\feynman_I_18_14\\feynman_I_18_14",
    "algorithm": "RF",
    "opt": [
        "u",
        "b",
        "b"
    ],
    "random_state": 11964,
    "process_time": 1562.15625,
    "time_time": 2928.8185863494873,
    "target_noise": 0.0,
    "feature_noise": 0.0,
    "n": 200,
    "p": 4,
    "p0": 4,
    "true_model": " m*r*v*sin(theta)",
    "symbolic_model": "1.38168136364172e-15+1*((x_1*x_2)*(x_3*sin(x_4)))",
    "TP": 4,
    "FP": 0,
    "TN": 0,
    "FN": 0,
    "F1": 1.0,
    "selected_name": [
        "m",
        "r",
        "v",
        "theta"
    ],
    "selected_idx": [
        1,
        2,
        3,
        4
    ],
    "perf_metric_updated": true,
    "failed": "no error",
    "mse_train": 7.37994668718015e-29,
    "mae_train": 5.373895772819992e-15,
    "r2_train": 1.0,
    "mse_test": 9.637773848176557e-29,
    "mae_test": 5.8736028540895544e-15,
    "r2_test": 1.0
}