{
    "dataset": "feynman_testing\\feynman_I_18_14\\feynman_I_18_14",
    "algorithm": "RF",
    "opt": [
        "u",
        "b",
        "b"
    ],
    "random_state": 22118,
    "process_time": 1040.578125,
    "time_time": 2628.4812157154083,
    "target_noise": 0.0,
    "feature_noise": 0.0,
    "n": 200,
    "p": 4,
    "p0": 4,
    "true_model": " m*r*v*sin(theta)",
    "symbolic_model": "2.04326163475354e-15-1.06822450099549e-16*(((x_1)**2+(x_3)**2)*(x_2*sin(x_4)))+2.9021140370306e-15*((x_1*log(x_3))*(x_2*sin(x_4)))+0.999999999999999*((x_1*sin(x_4))/((1/x_2)*(1/x_3)))",
    "TP": 4,
    "FP": 0,
    "TN": 0,
    "FN": 0,
    "F1": 1.0,
    "selected_name": [
        "m",
        "r",
        "v",
        "theta"
    ],
    "selected_idx": [
        1,
        2,
        3,
        4
    ],
    "perf_metric_updated": true,
    "failed": "no error",
    "mse_train": 1.158498963370596e-28,
    "mae_train": 7.206232138790014e-15,
    "r2_train": 1.0,
    "mse_test": 1.3877571734023204e-28,
    "mae_test": 7.762363551412632e-15,
    "r2_test": 1.0
}