{
    "dataset": "feynman_testing\\feynman_I_18_14\\feynman_I_18_14",
    "algorithm": "RF",
    "opt": [
        "u",
        "b",
        "b"
    ],
    "random_state": 11284,
    "process_time": 1018.71875,
    "time_time": 1805.6775653362274,
    "target_noise": 0.0,
    "feature_noise": 0.0,
    "n": 200,
    "p": 4,
    "p0": 4,
    "true_model": " m*r*v*sin(theta)",
    "symbolic_model": "-0.217880636736239+0.0699344899653433*((x_2*log(x_3))+((x_1)**2*sin(x_4)))+0.107225525920979*(((x_2)**2+(x_3)**2)*(x_1*sin(x_4)))+0.970502193328028*((x_1*sin(x_4))*(x_2*log(x_3)))+0.000837879924494399*((x_1*sin(x_4))*((x_3)**2*exp(x_2)))+1.07092970982129*((x_1*sin(x_4))/((1/x_3)/log(x_2)))",
    "TP": 4,
    "FP": 0,
    "TN": 0,
    "FN": 0,
    "F1": 1.0,
    "selected_name": [
        "m",
        "r",
        "v",
        "theta"
    ],
    "selected_idx": [
        1,
        2,
        3,
        4
    ],
    "perf_metric_updated": true,
    "failed": "no error",
    "mse_train": 0.33968506788687947,
    "mae_train": 0.3858156895726983,
    "r2_train": 0.9995073925074719,
    "mse_test": 0.38032502492276354,
    "mae_test": 0.43289411528699556,
    "r2_test": 0.9994263517075299
}