{
    "dataset": "feynman_testing\\feynman_I_12_2\\feynman_I_12_2",
    "algorithm": "RF",
    "opt": [
        "u",
        "b",
        "b"
    ],
    "random_state": 11964,
    "process_time": 34.046875,
    "time_time": 34.07030963897705,
    "target_noise": 0.0,
    "feature_noise": 0.0,
    "n": 100,
    "p": 4,
    "p0": 4,
    "true_model": " q1*q2*r/(4*3.1415926535*epsilon*r**3)",
    "symbolic_model": "1.16922504616923e-05+0.0631479301754685*(x_2*((1/x_3)/(x_4)**2))+0.102095428835695*(((1/x_3)/(x_4)**2)*(x_2*log(x_1)))+0.00189441133283855*(((1/x_3)/(x_4)**2)*(x_1*log(x_2)))+0.00679193025734524*(((1/x_3)/(x_4)**2)/((1/x_2)/(x_1)**2))",
    "TP": 4,
    "FP": 0,
    "TN": 0,
    "FN": 0,
    "F1": 1.0,
    "selected_name": [
        "q1",
        "q2",
        "epsilon",
        "r"
    ],
    "selected_idx": [
        1,
        2,
        3,
        4
    ],
    "perf_metric_updated": true,
    "failed": "no error",
    "mse_train": 2.555049534244171e-07,
    "mae_train": 0.0003324940534814255,
    "r2_train": 0.9999263438977858,
    "mse_test": 9.551617243287234e-07,
    "mae_test": 0.0004750166514891659,
    "r2_test": 0.9998777371733104
}