{
    "dataset": "feynman_testing\\feynman_I_12_2\\feynman_I_12_2",
    "algorithm": "RF",
    "opt": [
        "u",
        "b",
        "b"
    ],
    "random_state": 15795,
    "process_time": 38.0625,
    "time_time": 39.75994157791138,
    "target_noise": 0.0,
    "feature_noise": 0.0,
    "n": 100,
    "p": 4,
    "p0": 4,
    "true_model": " q1*q2*r/(4*3.1415926535*epsilon*r**3)",
    "symbolic_model": "0.00244107499981489+0.0324143366088659*(x_1*((1/x_4)*(1/x_3)))+0.0266233775539824*((x_2)**2*((1/x_3)/(x_4)**2))+0.0276348940940865*((x_1-x_4)*(x_2/exp(x_4)))-0.607338863760373*((sin(x_1)/exp(x_4))/(x_3)**2)+0.405901719948072*(((1/x_4)*log(x_2))/((x_4)**2*(x_3)**2))",
    "TP": 4,
    "FP": 0,
    "TN": 0,
    "FN": 0,
    "F1": 1.0,
    "selected_name": [
        "q1",
        "q2",
        "epsilon",
        "r"
    ],
    "selected_idx": [
        1,
        2,
        3,
        4
    ],
    "perf_metric_updated": true,
    "failed": "no error",
    "mse_train": 7.434795689356864e-05,
    "mae_train": 0.005300424391681857,
    "r2_train": 0.9961571128060677,
    "mse_test": 0.00022278254431466922,
    "mae_test": 0.006747759762415985,
    "r2_test": 0.9733620677539474
}