{
    "dataset": "feynman_testing\\feynman_I_12_2\\feynman_I_12_2",
    "algorithm": "RF",
    "opt": [
        "u",
        "b",
        "b"
    ],
    "random_state": 11284,
    "process_time": 35.390625,
    "time_time": 40.42752170562744,
    "target_noise": 0.0,
    "feature_noise": 0.0,
    "n": 100,
    "p": 4,
    "p0": 4,
    "true_model": " q1*q2*r/(4*3.1415926535*epsilon*r**3)",
    "symbolic_model": "-1.33226762955019e-16+0.0795774715459477*((x_1*(1/x_3))*(x_2/(x_4)**2))",
    "TP": 4,
    "FP": 0,
    "TN": 0,
    "FN": 0,
    "F1": 1.0,
    "selected_name": [
        "q1",
        "q2",
        "epsilon",
        "r"
    ],
    "selected_idx": [
        1,
        2,
        3,
        4
    ],
    "perf_metric_updated": true,
    "failed": "no error",
    "mse_train": 6.467829467376887e-33,
    "mae_train": 7.339615026857871e-17,
    "r2_train": 1.0,
    "mse_test": 7.22628442822405e-33,
    "mae_test": 7.517954141167404e-17,
    "r2_test": 1.0
}