{
    "dataset": "feynman_testing\\feynman_I_12_2\\feynman_I_12_2",
    "algorithm": "RF",
    "opt": [
        "u",
        "b",
        "b"
    ],
    "random_state": 21575,
    "process_time": 41.359375,
    "time_time": 40.38336658477783,
    "target_noise": 0.0,
    "feature_noise": 0.0,
    "n": 100,
    "p": 4,
    "p0": 4,
    "true_model": " q1*q2*r/(4*3.1415926535*epsilon*r**3)",
    "symbolic_model": "1.11022302462516e-17+0.0795774715459476*(((1/x_3)/(x_4)**2)*(x_1*x_2))",
    "TP": 4,
    "FP": 0,
    "TN": 0,
    "FN": 0,
    "F1": 1.0,
    "selected_name": [
        "q1",
        "q2",
        "epsilon",
        "r"
    ],
    "selected_idx": [
        1,
        2,
        3,
        4
    ],
    "perf_metric_updated": true,
    "failed": "no error",
    "mse_train": 1.0427016692358837e-32,
    "mae_train": 6.33217436818434e-17,
    "r2_train": 1.0,
    "mse_test": 9.323612136085615e-33,
    "mae_test": 5.923512114841545e-17,
    "r2_test": 1.0
}