{
    "dataset": "feynman_testing\\feynman_I_18_12\\feynman_I_18_12",
    "algorithm": "BART_GSE",
    "opt": [
        "u",
        "b",
        "b"
    ],
    "random_state": 15795,
    "process_time": 267.9375,
    "time_time": 375.22775626182556,
    "target_noise": 0.0,
    "feature_noise": 0.0,
    "n": 500,
    "p": 3,
    "p0": 3,
    "true_model": " r*F*sin(theta)",
    "symbolic_model": "4.44870120261911e-15+0.999999999999998*(x_1*(x_2*sin(x_3)))",
    "TP": 3,
    "FP": 0,
    "TN": 0,
    "FN": 0,
    "F1": 1.0,
    "selected_name": [
        "r",
        "F",
        "theta"
    ],
    "selected_idx": [
        1,
        2,
        3
    ],
    "perf_metric_updated": true,
    "failed": "no error",
    "mse_train": 2.1143509552553566e-28,
    "mae_train": 1.1054376164443269e-14,
    "r2_train": 1.0,
    "mse_test": 2.2371298747441757e-28,
    "mae_test": 1.129226740074506e-14,
    "r2_test": 1.0
}