{
    "dataset": "feynman_testing\\feynman_I_18_12\\feynman_I_18_12",
    "algorithm": "BART_GSE",
    "opt": [
        "u",
        "b",
        "b"
    ],
    "random_state": 21575,
    "process_time": 213.625,
    "time_time": 449.34787797927856,
    "target_noise": 0.0,
    "feature_noise": 0.0,
    "n": 500,
    "p": 3,
    "p0": 3,
    "true_model": " r*F*sin(theta)",
    "symbolic_model": "-1.2710574864626e-15+1*(x_1*(x_2*sin(x_3)))",
    "TP": 3,
    "FP": 0,
    "TN": 0,
    "FN": 0,
    "F1": 1.0,
    "selected_name": [
        "r",
        "F",
        "theta"
    ],
    "selected_idx": [
        1,
        2,
        3
    ],
    "perf_metric_updated": true,
    "failed": "no error",
    "mse_train": 8.421740959036634e-30,
    "mae_train": 1.9531806727535184e-15,
    "r2_train": 1.0,
    "mse_test": 8.864365451517448e-30,
    "mae_test": 2.077349711790844e-15,
    "r2_test": 1.0
}