{
    "dataset": "feynman_testing\\feynman_III_13_18\\feynman_III_13_18",
    "algorithm": "BART_GSE",
    "opt": [
        "u",
        "b",
        "b"
    ],
    "random_state": 22118,
    "process_time": 77.671875,
    "time_time": 192.72363257408142,
    "target_noise": 0.0,
    "feature_noise": 0.0,
    "n": 100,
    "p": 4,
    "p0": 4,
    "true_model": " 2*E_n*d**2*k/(h/(2*3.1415926535))",
    "symbolic_model": "-287.758251485145+12.9599626859248*(x_2*(x_3*sqrt(x_2)))-33.1871754213837*(sin(x_2)*(x_1-x_4))+13.9930265531924*((x_1*x_2)/(x_4*(1/x_2)))+28.9994954599993*((x_1*x_2)/(x_4/x_3))+1421.11530493681*(((1/x_2)/x_1)/(x_3*sqrt(x_2)))",
    "TP": 4,
    "FP": 0,
    "TN": 0,
    "FN": 0,
    "F1": 1.0,
    "selected_name": [
        "E_n",
        "d",
        "k",
        "h"
    ],
    "selected_idx": [
        1,
        2,
        3,
        4
    ],
    "perf_metric_updated": true,
    "failed": "no error",
    "mse_train": 2305.4411622964744,
    "mae_train": 35.38366430927368,
    "r2_train": 0.9925209072876675,
    "mse_test": 7867.974055432059,
    "mae_test": 53.95829393745839,
    "r2_test": 0.9740554123848059
}