{
    "dataset": "feynman_testing\\feynman_III_13_18\\feynman_III_13_18",
    "algorithm": "BART_GSE",
    "opt": [
        "u",
        "b",
        "b"
    ],
    "random_state": 11964,
    "process_time": 89.25,
    "time_time": 282.3842701911926,
    "target_noise": 0.0,
    "feature_noise": 0.0,
    "n": 100,
    "p": 4,
    "p0": 4,
    "true_model": " 2*E_n*d**2*k/(h/(2*3.1415926535))",
    "symbolic_model": "-129.188119759791-164.952962892701*(x_1*log(x_2))+19.930569502742*(x_3*(x_1*x_2))-312.06527014491*(x_1/x_4)+233.055765894415*((x_1*x_2)/x_4)+72.0864829176205*abs((x_3-x_4))",
    "TP": 4,
    "FP": 0,
    "TN": 0,
    "FN": 0,
    "F1": 1.0,
    "selected_name": [
        "E_n",
        "d",
        "k",
        "h"
    ],
    "selected_idx": [
        1,
        2,
        3,
        4
    ],
    "perf_metric_updated": true,
    "failed": "no error",
    "mse_train": 10038.847300618992,
    "mae_train": 71.88421552467136,
    "r2_train": 0.966155785380226,
    "mse_test": 12791.549441267447,
    "mae_test": 76.44598170390043,
    "r2_test": 0.9573825710449145
}