{
    "dataset": "feynman_testing\\feynman_III_13_18\\feynman_III_13_18",
    "algorithm": "BART_GSE",
    "opt": [
        "u",
        "b",
        "b"
    ],
    "random_state": 21575,
    "process_time": 68.71875,
    "time_time": 185.42542338371277,
    "target_noise": 0.0,
    "feature_noise": 0.0,
    "n": 100,
    "p": 4,
    "p0": 4,
    "true_model": " 2*E_n*d**2*k/(h/(2*3.1415926535))",
    "symbolic_model": "-53.3485474469682+2.04066939696009*(exp(x_2)*(x_3/x_4))+2.60421860891667*((x_1*log(x_2))*(x_2*x_3))+32.6124933743266*((x_2*x_3)*(x_1/x_4))+30.8634334108088*abs((x_4-(x_1*log(x_2))))-22.7247511372282*abs(((x_1+x_3)-(x_1*log(x_2))))",
    "TP": 4,
    "FP": 0,
    "TN": 0,
    "FN": 0,
    "F1": 1.0,
    "selected_name": [
        "E_n",
        "d",
        "k",
        "h"
    ],
    "selected_idx": [
        1,
        2,
        3,
        4
    ],
    "perf_metric_updated": true,
    "failed": "no error",
    "mse_train": 1525.603829552512,
    "mae_train": 28.852712113020985,
    "r2_train": 0.9913516832769956,
    "mse_test": 5332.863955896148,
    "mae_test": 37.46509154598592,
    "r2_test": 0.9829772597764267
}