{
    "dataset": "feynman_testing\\feynman_I_13_12\\feynman_I_13_12",
    "algorithm": "RF",
    "opt": [
        "u",
        "b",
        "b",
        "b"
    ],
    "random_state": 11964,
    "process_time": 180.90625,
    "time_time": 376.5768473148346,
    "target_noise": 0.0,
    "feature_noise": 0.0,
    "n": 100,
    "p": 5,
    "p0": 5,
    "true_model": " G*m1*m2*(1/r2-1/r1)",
    "symbolic_model": "3.5527136788005e-16+1*(x_1*(((1/x_4)-(1/x_3))*(x_2*x_5)))",
    "TP": 5,
    "FP": 0,
    "TN": 0,
    "FN": 0,
    "F1": 1.0,
    "selected_name": [
        "m1",
        "m2",
        "r1",
        "r2",
        "G"
    ],
    "selected_idx": [
        1,
        2,
        3,
        4,
        5
    ],
    "perf_metric_updated": true,
    "failed": "no error",
    "mse_train": 4.96291009587451e-30,
    "mae_train": 1.435032648267054e-15,
    "r2_train": 1.0,
    "mse_test": 1.0200136611006702e-29,
    "mae_test": 1.808459881413177e-15,
    "r2_test": 1.0
}