{
    "dataset": "feynman_testing\\feynman_I_13_12\\feynman_I_13_12",
    "algorithm": "RF",
    "opt": [
        "u",
        "b",
        "b",
        "b"
    ],
    "random_state": 22118,
    "process_time": 78.03125,
    "time_time": 315.5383937358856,
    "target_noise": 0.0,
    "feature_noise": 0.0,
    "n": 100,
    "p": 5,
    "p0": 5,
    "true_model": " G*m1*m2*(1/r2-1/r1)",
    "symbolic_model": "-1.59872115546023e-15-0.999999999999999*(x_5*(((1/x_3)-(1/x_4))*(x_1*x_2)))",
    "TP": 5,
    "FP": 0,
    "TN": 0,
    "FN": 0,
    "F1": 1.0,
    "selected_name": [
        "m1",
        "m2",
        "r1",
        "r2",
        "G"
    ],
    "selected_idx": [
        1,
        2,
        3,
        4,
        5
    ],
    "perf_metric_updated": true,
    "failed": "no error",
    "mse_train": 6.134226936128552e-29,
    "mae_train": 4.879499582166602e-15,
    "r2_train": 1.0,
    "mse_test": 9.601396261594616e-29,
    "mae_test": 5.9640485795429614e-15,
    "r2_test": 1.0
}