{
    "dataset": "feynman_testing\\feynman_III_15_14\\feynman_III_15_14",
    "algorithm": "BART_GSE",
    "opt": [
        "u",
        "b",
        "b"
    ],
    "random_state": 11284,
    "process_time": 306.796875,
    "time_time": 412.07638669013977,
    "target_noise": 0.0,
    "feature_noise": 0.0,
    "n": 200,
    "p": 3,
    "p0": 3,
    "true_model": " (h/(2*3.1415926535))**2/(2*E_n*d**2)",
    "symbolic_model": "-6.08410827739963e-17+0.0126651479552922*((x_1/x_2)/((x_3)**2/x_1))",
    "TP": 3,
    "FP": 0,
    "TN": 0,
    "FN": 0,
    "F1": 1.0,
    "selected_name": [
        "h",
        "E_n",
        "d"
    ],
    "selected_idx": [
        1,
        2,
        3
    ],
    "perf_metric_updated": true,
    "failed": "no error",
    "mse_train": 2.4012408573901973e-33,
    "mae_train": 3.7008156955620206e-17,
    "r2_train": 1.0,
    "mse_test": 2.9941488828650415e-33,
    "mae_test": 3.965665903299387e-17,
    "r2_test": 1.0
}