{
    "dataset": "feynman_testing\\feynman_III_15_14\\feynman_III_15_14",
    "algorithm": "BART_GSE",
    "opt": [
        "u",
        "b",
        "b"
    ],
    "random_state": 11964,
    "process_time": 220.609375,
    "time_time": 334.18368315696716,
    "target_noise": 0.0,
    "feature_noise": 0.0,
    "n": 200,
    "p": 3,
    "p0": 3,
    "true_model": " (h/(2*3.1415926535))**2/(2*E_n*d**2)",
    "symbolic_model": "-4.71027737605133e-17+0.0126651479552922*((x_1/x_2)*(x_1/(x_3)**2))",
    "TP": 3,
    "FP": 0,
    "TN": 0,
    "FN": 0,
    "F1": 1.0,
    "selected_name": [
        "h",
        "E_n",
        "d"
    ],
    "selected_idx": [
        1,
        2,
        3
    ],
    "perf_metric_updated": true,
    "failed": "no error",
    "mse_train": 2.3367817246749947e-33,
    "mae_train": 3.6265613992739196e-17,
    "r2_train": 1.0,
    "mse_test": 2.3360404361980676e-33,
    "mae_test": 3.437723684277666e-17,
    "r2_test": 1.0
}