{
    "dataset": "feynman_testing\\feynman_III_15_14\\feynman_III_15_14",
    "algorithm": "BART_GSE",
    "opt": [
        "u",
        "b",
        "b"
    ],
    "random_state": 21575,
    "process_time": 106.453125,
    "time_time": 260.0657036304474,
    "target_noise": 0.0,
    "feature_noise": 0.0,
    "n": 200,
    "p": 3,
    "p0": 3,
    "true_model": " (h/(2*3.1415926535))**2/(2*E_n*d**2)",
    "symbolic_model": "-0.00569849741991471-0.00566137847558029*(x_2-(x_1*(1/x_3)))-0.00086841815506958*(x_2*(x_1*(1/x_3)))+0.0185068836403567*((x_1*(1/x_3))/x_2)+0.00321290334852039*((x_1*(1/x_3))/(x_3/x_1))+0.00716617971799261*abs((x_2-(x_1*(1/x_3))))",
    "TP": 3,
    "FP": 0,
    "TN": 0,
    "FN": 0,
    "F1": 1.0,
    "selected_name": [
        "h",
        "E_n",
        "d"
    ],
    "selected_idx": [
        1,
        2,
        3
    ],
    "perf_metric_updated": true,
    "failed": "no error",
    "mse_train": 2.406092622846525e-06,
    "mae_train": 0.0007598124296547766,
    "r2_train": 0.9930114792255972,
    "mse_test": 3.655168117191239e-06,
    "mae_test": 0.0007419749948971179,
    "r2_test": 0.9877224310671162
}