{
    "dataset": "feynman_testing\\feynman_III_17_37\\feynman_III_17_37",
    "algorithm": "BART_GSE",
    "opt": [
        "u",
        "b",
        "b"
    ],
    "random_state": 21575,
    "process_time": 100.296875,
    "time_time": 242.8131160736084,
    "target_noise": 0.0,
    "feature_noise": 0.0,
    "n": 200,
    "p": 3,
    "p0": 3,
    "true_model": " beta*(1+alpha*cos(theta))",
    "symbolic_model": "-0.00145229044092485+0.307361044314358*((x_1-cos(x_3))+(x_1*cos(x_3)))+0.660658176559097*((x_1-cos(x_3))+(x_2*cos(x_3)))+0.66888160710475*(x_1*(x_2*cos(x_3)))+0.0344162406233663*((x_1*x_2)*(x_1*cos(x_3)))+0.0723099065617878*abs((x_1-x_2))",
    "TP": 3,
    "FP": 0,
    "TN": 0,
    "FN": 0,
    "F1": 1.0,
    "selected_name": [
        "beta",
        "alpha",
        "theta"
    ],
    "selected_idx": [
        1,
        2,
        3
    ],
    "perf_metric_updated": true,
    "failed": "no error",
    "mse_train": 0.010623564734753349,
    "mae_train": 0.07618717989863386,
    "r2_train": 0.9995375290761098,
    "mse_test": 0.0139129192973437,
    "mae_test": 0.07886247058429069,
    "r2_test": 0.9994450341780979
}