{
    "dataset": "feynman_testing\\feynman_III_17_37\\feynman_III_17_37",
    "algorithm": "BART_GSE",
    "opt": [
        "u",
        "b",
        "b"
    ],
    "random_state": 22118,
    "process_time": 128.53125,
    "time_time": 272.41260528564453,
    "target_noise": 0.0,
    "feature_noise": 0.0,
    "n": 200,
    "p": 3,
    "p0": 3,
    "true_model": " beta*(1+alpha*cos(theta))",
    "symbolic_model": "0.357636601664298+0.676170549129429*(x_1+(x_2*cos(x_3)))+0.214038545074586*(x_1*(x_2*cos(x_3)))+0.0145437884860166*((x_1*x_2)*(x_2*cos(x_3)))+0.260853535473569*((x_1*cos(x_3))*(x_2*sqrt(x_1)))+0.463259396829812*abs((x_1-(sqrt(x_1)-cos(x_3))))",
    "TP": 3,
    "FP": 0,
    "TN": 0,
    "FN": 0,
    "F1": 1.0,
    "selected_name": [
        "beta",
        "alpha",
        "theta"
    ],
    "selected_idx": [
        1,
        2,
        3
    ],
    "perf_metric_updated": true,
    "failed": "no error",
    "mse_train": 0.008559234015705885,
    "mae_train": 0.06838876022791332,
    "r2_train": 0.9996719659907943,
    "mse_test": 0.010269458373780543,
    "mae_test": 0.07205294616708012,
    "r2_test": 0.9995883434705
}