{
    "dataset": "feynman_testing\\feynman_III_17_37\\feynman_III_17_37",
    "algorithm": "BART_GSE",
    "opt": [
        "u",
        "b",
        "b"
    ],
    "random_state": 15795,
    "process_time": 112.3125,
    "time_time": 252.3342137336731,
    "target_noise": 0.0,
    "feature_noise": 0.0,
    "n": 200,
    "p": 3,
    "p0": 3,
    "true_model": " beta*(1+alpha*cos(theta))",
    "symbolic_model": "2.82051615902797-0.124893301723387*(x_1+(x_1*cos(x_3)))+0.0220545098015506*(x_1+(x_2*cos(x_3)))+0.128984230345981*(x_1*(x_1+cos(x_3)))+0.99208310592095*(x_1*(x_2*cos(x_3)))-2.10125614403688*(cos(x_3)/(x_1*cos(x_3)))",
    "TP": 3,
    "FP": 0,
    "TN": 0,
    "FN": 0,
    "F1": 1.0,
    "selected_name": [
        "beta",
        "alpha",
        "theta"
    ],
    "selected_idx": [
        1,
        2,
        3
    ],
    "perf_metric_updated": true,
    "failed": "no error",
    "mse_train": 0.0032413956381861625,
    "mae_train": 0.04738842501517741,
    "r2_train": 0.9998775774938339,
    "mse_test": 0.0042987162532614216,
    "mae_test": 0.05162930306289306,
    "r2_test": 0.9998283374547222
}