{
    "dataset": "feynman_testing\\feynman_III_17_37\\feynman_III_17_37",
    "algorithm": "BART_GSE",
    "opt": [
        "u",
        "b",
        "b"
    ],
    "random_state": 11964,
    "process_time": 105.21875,
    "time_time": 243.3804066181183,
    "target_noise": 0.0,
    "feature_noise": 0.0,
    "n": 200,
    "p": 3,
    "p0": 3,
    "true_model": " beta*(1+alpha*cos(theta))",
    "symbolic_model": "-0.0415460379804651+1.01230334327987*(x_1+(x_1*cos(x_3)))+0.530220441626078*(x_1*(x_2*cos(x_3)))+0.062725967799899*((x_1*x_2)*(x_2*cos(x_3)))-3.01072843876132*(cos(x_3)/x_2)+2.89604341944244*(cos(x_3)/(x_1*x_2))",
    "TP": 3,
    "FP": 0,
    "TN": 0,
    "FN": 0,
    "F1": 1.0,
    "selected_name": [
        "beta",
        "alpha",
        "theta"
    ],
    "selected_idx": [
        1,
        2,
        3
    ],
    "perf_metric_updated": true,
    "failed": "no error",
    "mse_train": 0.009296117192429343,
    "mae_train": 0.07026761242355833,
    "r2_train": 0.9995736786087667,
    "mse_test": 0.012584690210331392,
    "mae_test": 0.07576031692824992,
    "r2_test": 0.999505876309345
}