{
    "dataset": "feynman_testing\\feynman_III_17_37\\feynman_III_17_37",
    "algorithm": "BART_GSE",
    "opt": [
        "u",
        "b",
        "b"
    ],
    "random_state": 11284,
    "process_time": 210.90625,
    "time_time": 352.1026020050049,
    "target_noise": 0.0,
    "feature_noise": 0.0,
    "n": 200,
    "p": 3,
    "p0": 3,
    "true_model": " beta*(1+alpha*cos(theta))",
    "symbolic_model": "0.823093059522621+0.40928890246073*(x_1+(x_2*cos(x_3)))+0.0923661028893476*(x_1*(x_1+cos(x_3)))+0.647272203364522*(x_1*(x_2*cos(x_3)))+0.0434833351010487*((x_1*x_2)*(x_1*cos(x_3)))+0.0112620808493958*((x_1*x_2)*(x_2*cos(x_3)))",
    "TP": 3,
    "FP": 0,
    "TN": 0,
    "FN": 0,
    "F1": 1.0,
    "selected_name": [
        "beta",
        "alpha",
        "theta"
    ],
    "selected_idx": [
        1,
        2,
        3
    ],
    "perf_metric_updated": true,
    "failed": "no error",
    "mse_train": 0.010486709011310292,
    "mae_train": 0.0749373695525105,
    "r2_train": 0.9996115651824513,
    "mse_test": 0.010977547304079205,
    "mae_test": 0.07523168175474448,
    "r2_test": 0.9995595653530716
}