{
    "dataset": "feynman_testing\\feynman_III_15_14\\feynman_III_15_14",
    "algorithm": "BART_GSE",
    "opt": [
        "u",
        "b",
        "b"
    ],
    "random_state": 11284,
    "process_time": 938.953125,
    "time_time": 1594.3395721912384,
    "target_noise": 0.0,
    "feature_noise": 0.0,
    "n": 500,
    "p": 3,
    "p0": 3,
    "true_model": " (h/(2*3.1415926535))**2/(2*E_n*d**2)",
    "symbolic_model": "0.000548190819788555-0.0454074928524757*((log(x_3)-(1/x_2))*(log(x_1)/exp(x_3)))+0.00292764786075057*(((x_1)**2/exp(x_3))*(log(x_1)/exp(x_3)))+0.034562172245208*((cos(x_3)/(x_2)**2)*(log(x_1)/exp(x_3)))+0.0200203850055102*(((x_1)**2/exp(x_3))/x_2)+0.00109093458552451*((x_1-log(x_3))/(sqrt(x_2)/sqrt(x_1)))",
    "TP": 3,
    "FP": 0,
    "TN": 0,
    "FN": 0,
    "F1": 1.0,
    "selected_name": [
        "h",
        "E_n",
        "d"
    ],
    "selected_idx": [
        1,
        2,
        3
    ],
    "perf_metric_updated": true,
    "failed": "no error",
    "mse_train": 6.856741514939702e-07,
    "mae_train": 0.0005600056070946195,
    "r2_train": 0.996798632304021,
    "mse_test": 2.5020364756125583e-06,
    "mae_test": 0.0006690319542673139,
    "r2_test": 0.992005091942849
}