{
    "dataset": "feynman_testing\\feynman_III_15_14\\feynman_III_15_14",
    "algorithm": "BART_GSE",
    "opt": [
        "u",
        "b",
        "b"
    ],
    "random_state": 11964,
    "process_time": 773.859375,
    "time_time": 1228.338366508484,
    "target_noise": 0.0,
    "feature_noise": 0.0,
    "n": 500,
    "p": 3,
    "p0": 3,
    "true_model": " (h/(2*3.1415926535))**2/(2*E_n*d**2)",
    "symbolic_model": "0.000725747113789463-0.00583208441171765*((log(x_3)-(1/x_2))*(x_1/(x_3)**2))+0.000568905049949751*((x_1/(x_3)**2)*((x_1)**2/(x_2)**2))+0.00182047016580054*(((x_1)**2*(1/x_3))/x_2)+0.0099577539840219*(((x_1)**2*(1/x_3))/(x_2+(x_3)**2))-0.005787436143341*((x_3-(x_1)**2)/((x_3)**2*exp(x_2)))",
    "TP": 3,
    "FP": 0,
    "TN": 0,
    "FN": 0,
    "F1": 1.0,
    "selected_name": [
        "h",
        "E_n",
        "d"
    ],
    "selected_idx": [
        1,
        2,
        3
    ],
    "perf_metric_updated": true,
    "failed": "no error",
    "mse_train": 1.4618471987753177e-07,
    "mae_train": 0.00025004958477926615,
    "r2_train": 0.9995110741968313,
    "mse_test": 1.6596891925559653e-07,
    "mae_test": 0.0002651158930497554,
    "r2_test": 0.9994566791775036
}