{
    "dataset": "feynman_testing\\feynman_III_15_14\\feynman_III_15_14",
    "algorithm": "BART_GSE",
    "opt": [
        "u",
        "b",
        "b"
    ],
    "random_state": 21575,
    "process_time": 599.921875,
    "time_time": 833.5252063274384,
    "target_noise": 0.0,
    "feature_noise": 0.0,
    "n": 500,
    "p": 3,
    "p0": 3,
    "true_model": " (h/(2*3.1415926535))**2/(2*E_n*d**2)",
    "symbolic_model": "0.00126205381198418-0.000913975148625628*(((x_1)**2-cos(x_2))*((1/x_1)-(1/x_3)))+0.000398407415230678*(((x_1)**2*(1/x_2))/(log(x_3)+(1/x_1)))+0.0145204662527074*(((x_1)**2-cos(x_2))/((x_3)**2*exp(x_2)))+0.0174456120051742*((x_1*(1/x_3))/((x_3)**2*exp(x_2)))+0.00585269503521194*(((x_1)**2*(1/x_2))/abs((sqrt(x_2)-exp(x_3))))",
    "TP": 3,
    "FP": 0,
    "TN": 0,
    "FN": 0,
    "F1": 1.0,
    "selected_name": [
        "h",
        "E_n",
        "d"
    ],
    "selected_idx": [
        1,
        2,
        3
    ],
    "perf_metric_updated": true,
    "failed": "no error",
    "mse_train": 1.9090863839415253e-07,
    "mae_train": 0.00028261704905257345,
    "r2_train": 0.9994363568608718,
    "mse_test": 6.032049003945894e-07,
    "mae_test": 0.00032548996775083096,
    "r2_test": 0.9979738579710148
}