{
    "dataset": "feynman_testing\\feynman_III_15_27\\feynman_III_15_27",
    "algorithm": "BART_GSE",
    "opt": [
        "b",
        "b"
    ],
    "random_state": 22118,
    "process_time": 24.359375,
    "time_time": 80.03859782218933,
    "target_noise": 0.0,
    "feature_noise": 0.0,
    "n": 100,
    "p": 3,
    "p0": 3,
    "true_model": " 2*3.1415926535*alpha/(n*d)",
    "symbolic_model": "2.1316282072803e-15+6.28318530717959*(x_1/(x_2*x_3))",
    "TP": 3,
    "FP": 0,
    "TN": 0,
    "FN": 0,
    "F1": 1.0,
    "selected_name": [
        "alpha",
        "n",
        "d"
    ],
    "selected_idx": [
        1,
        2,
        3
    ],
    "perf_metric_updated": true,
    "failed": "no error",
    "mse_train": 1.7565220649910235e-29,
    "mae_train": 3.843592111252292e-15,
    "r2_train": 1.0,
    "mse_test": 1.7556956592370946e-29,
    "mae_test": 3.813616089587413e-15,
    "r2_test": 1.0
}