{
    "dataset": "feynman_testing\\feynman_III_15_27\\feynman_III_15_27",
    "algorithm": "BART_GSE",
    "opt": [
        "b",
        "b"
    ],
    "random_state": 21575,
    "process_time": 25.0625,
    "time_time": 75.99289464950562,
    "target_noise": 0.0,
    "feature_noise": 0.0,
    "n": 100,
    "p": 3,
    "p0": 3,
    "true_model": " 2*3.1415926535*alpha/(n*d)",
    "symbolic_model": "7.105427357601e-16+6.28318530717959*(x_1/(x_2*x_3))",
    "TP": 3,
    "FP": 0,
    "TN": 0,
    "FN": 0,
    "F1": 1.0,
    "selected_name": [
        "alpha",
        "n",
        "d"
    ],
    "selected_idx": [
        1,
        2,
        3
    ],
    "perf_metric_updated": true,
    "failed": "no error",
    "mse_train": 7.343185691959653e-30,
    "mae_train": 2.3991919562149632e-15,
    "r2_train": 1.0,
    "mse_test": 9.185027131414371e-30,
    "mae_test": 2.4701152234740674e-15,
    "r2_test": 1.0
}