{
    "dataset": "feynman_testing\\feynman_II_6_11\\feynman_II_6_11",
    "algorithm": "BART_GSE",
    "opt": [
        "u",
        "b",
        "b"
    ],
    "random_state": 21575,
    "process_time": 65.9375,
    "time_time": 186.4781675338745,
    "target_noise": 0.0,
    "feature_noise": 0.0,
    "n": 100,
    "p": 4,
    "p0": 4,
    "true_model": " 1/(4*3.1415926535*epsilon)*p_d*cos(theta)/r**2",
    "symbolic_model": "0.00137380425980809+0.07431584174041*((1/x_3)/(x_1*x_4))-0.0939420012562981*((log(x_3)/x_4)/(x_1*x_4))-0.0317117198364204*((x_2/x_4)/(x_1/log(x_3)))+0.00706720126345129*abs((sqrt(x_3)-(x_2/x_4)))-0.00413975483053968*abs(((x_2-x_4)-(x_1/(x_3)**2)))",
    "TP": 4,
    "FP": 0,
    "TN": 0,
    "FN": 0,
    "F1": 1.0,
    "selected_name": [
        "epsilon",
        "p_d",
        "theta",
        "r"
    ],
    "selected_idx": [
        1,
        2,
        3,
        4
    ],
    "perf_metric_updated": true,
    "failed": "no error",
    "mse_train": 5.376188984698579e-06,
    "mae_train": 0.0016638385258824254,
    "r2_train": 0.9786170330473012,
    "mse_test": 1.3408193807221964e-05,
    "mae_test": 0.0021542319542098157,
    "r2_test": 0.9674117349907718
}