{
    "dataset": "feynman_testing\\feynman_II_6_11\\feynman_II_6_11",
    "algorithm": "BART_GSE",
    "opt": [
        "u",
        "b",
        "b"
    ],
    "random_state": 15795,
    "process_time": 65.328125,
    "time_time": 192.1155755519867,
    "target_noise": 0.0,
    "feature_noise": 0.0,
    "n": 100,
    "p": 4,
    "p0": 4,
    "true_model": " 1/(4*3.1415926535*epsilon)*p_d*cos(theta)/r**2",
    "symbolic_model": "0.0548985386129623-0.0163242312399126*((x_4/x_3)+(log(x_3)/x_4))-0.0293329691415566*(x_2*(log(x_3)/x_4))-0.109417703912591*((log(x_3)/x_4)/x_1)-0.00675444238817979*abs((x_1-(x_3/x_4)))+0.00676119984748275*abs((x_2-(x_4/x_3)))",
    "TP": 4,
    "FP": 0,
    "TN": 0,
    "FN": 0,
    "F1": 1.0,
    "selected_name": [
        "epsilon",
        "p_d",
        "theta",
        "r"
    ],
    "selected_idx": [
        1,
        2,
        3,
        4
    ],
    "perf_metric_updated": true,
    "failed": "no error",
    "mse_train": 1.0843176919699878e-05,
    "mae_train": 0.0023145982759989678,
    "r2_train": 0.9687380967689743,
    "mse_test": 2.238149995251682e-05,
    "mae_test": 0.0028987008633088057,
    "r2_test": 0.9438292294863004
}