{
    "dataset": "feynman_testing\\feynman_II_6_11\\feynman_II_6_11",
    "algorithm": "BART_GSE",
    "opt": [
        "u",
        "b",
        "b"
    ],
    "random_state": 22118,
    "process_time": 76.09375,
    "time_time": 193.76638317108154,
    "target_noise": 0.0,
    "feature_noise": 0.0,
    "n": 100,
    "p": 4,
    "p0": 4,
    "true_model": " 1/(4*3.1415926535*epsilon)*p_d*cos(theta)/r**2",
    "symbolic_model": "0.00104215486230368+0.00145766686712413*(x_1*exp(x_3))-0.0269192486505918*((x_3/x_4)/x_2)-0.00354344270670512*(exp(x_3)/(x_4/x_2))+0.148536794275008*((x_3/x_4)/exp(x_3))-0.00875736705802013*abs((x_1-(x_3/x_4)))",
    "TP": 4,
    "FP": 0,
    "TN": 0,
    "FN": 0,
    "F1": 1.0,
    "selected_name": [
        "epsilon",
        "p_d",
        "theta",
        "r"
    ],
    "selected_idx": [
        1,
        2,
        3,
        4
    ],
    "perf_metric_updated": true,
    "failed": "no error",
    "mse_train": 2.4568418648048228e-05,
    "mae_train": 0.0036002757845016945,
    "r2_train": 0.9310802668588893,
    "mse_test": 4.974669148428049e-05,
    "mae_test": 0.004535296776058189,
    "r2_test": 0.8825755436488849
}