{
    "dataset": "feynman_testing\\feynman_I_38_12\\feynman_I_38_12",
    "algorithm": "BART_GSE",
    "opt": [
        "u",
        "b",
        "b"
    ],
    "random_state": 11964,
    "process_time": 150.15625,
    "time_time": 359.5056643486023,
    "target_noise": 0.0,
    "feature_noise": 0.0,
    "n": 100,
    "p": 4,
    "p0": 4,
    "true_model": " 4*3.1415926535*epsilon*(h/(2*3.1415926535))**2/(m*q**2)",
    "symbolic_model": "-0.527434679012912+0.606827137196853*((log(x_3)+log(x_4))/(log(x_1)+log(x_2)))+0.38875313460888*(((x_3)**2/exp(x_2))/(log(x_1)+log(x_2)))+0.02899317976993*((exp(x_3)/sqrt(x_1))/(x_2/log(x_4)))+0.175964351519124*(((x_3)**2/exp(x_2))/(x_2/log(x_4)))",
    "TP": 4,
    "FP": 0,
    "TN": 0,
    "FN": 0,
    "F1": 1.0,
    "selected_name": [
        "m",
        "q",
        "h",
        "epsilon"
    ],
    "selected_idx": [
        1,
        2,
        3,
        4
    ],
    "perf_metric_updated": true,
    "failed": "no error",
    "mse_train": 0.05038016563366699,
    "mae_train": 0.15814425807099086,
    "r2_train": 0.9891664397832708,
    "mse_test": 0.9129998528648445,
    "mae_test": 0.22923363372457195,
    "r2_test": 0.5493381177519328
}