{
    "dataset": "feynman_testing\\feynman_I_38_12\\feynman_I_38_12",
    "algorithm": "BART_GSE",
    "opt": [
        "u",
        "b",
        "b"
    ],
    "random_state": 15795,
    "process_time": 63.328125,
    "time_time": 131.81048583984375,
    "target_noise": 0.0,
    "feature_noise": 0.0,
    "n": 100,
    "p": 4,
    "p0": 4,
    "true_model": " 4*3.1415926535*epsilon*(h/(2*3.1415926535))**2/(m*q**2)",
    "symbolic_model": "-0.91614840903873-0.0100606495225807*(x_1*(x_3*x_4))+0.146929863979504*((x_3*x_4)*(x_3/exp(x_2)))+3.60091061726762*((x_3/exp(x_2))/x_1)+0.374201609048942*((x_3*x_4)/(x_1+x_2))+0.590107824837095*abs((log(x_2)-(x_3/exp(x_2))))",
    "TP": 4,
    "FP": 0,
    "TN": 0,
    "FN": 0,
    "F1": 1.0,
    "selected_name": [
        "m",
        "q",
        "h",
        "epsilon"
    ],
    "selected_idx": [
        1,
        2,
        3,
        4
    ],
    "perf_metric_updated": true,
    "failed": "no error",
    "mse_train": 0.042841056562456625,
    "mae_train": 0.15344738513909795,
    "r2_train": 0.9809888658273501,
    "mse_test": 0.1378370951867255,
    "mae_test": 0.18636686844088982,
    "r2_test": 0.9321754339795003
}