{
    "dataset": "feynman_testing\\feynman_I_38_12\\feynman_I_38_12",
    "algorithm": "BART_GSE",
    "opt": [
        "u",
        "b",
        "b"
    ],
    "random_state": 21575,
    "process_time": 73.890625,
    "time_time": 182.7118422985077,
    "target_noise": 0.0,
    "feature_noise": 0.0,
    "n": 100,
    "p": 4,
    "p0": 4,
    "true_model": " 4*3.1415926535*epsilon*(h/(2*3.1415926535))**2/(m*q**2)",
    "symbolic_model": "-0.451983126802686-0.108881126802766*((x_1-x_3)*(x_4/(x_2)**2))+0.0291634382353912*((x_3*x_4)*(x_3*(1/x_2)))+0.124620874884532*((x_3*(1/x_2))/(x_1/x_3))+0.702838423343993*((x_4/(x_2)**2)/(x_1/x_3))+0.173804831044401*abs(((x_1/x_3)-(x_4/(x_2)**2)))",
    "TP": 4,
    "FP": 0,
    "TN": 0,
    "FN": 0,
    "F1": 1.0,
    "selected_name": [
        "m",
        "q",
        "h",
        "epsilon"
    ],
    "selected_idx": [
        1,
        2,
        3,
        4
    ],
    "perf_metric_updated": true,
    "failed": "no error",
    "mse_train": 0.033095370603221846,
    "mae_train": 0.12486690241507176,
    "r2_train": 0.9903356338521321,
    "mse_test": 0.05962385066882086,
    "mae_test": 0.13015756948766163,
    "r2_test": 0.9712059099693459
}