{
    "dataset": "feynman_testing\\feynman_I_38_12\\feynman_I_38_12",
    "algorithm": "BART_GSE",
    "opt": [
        "u",
        "b",
        "b"
    ],
    "random_state": 11284,
    "process_time": 184.765625,
    "time_time": 396.9842381477356,
    "target_noise": 0.0,
    "feature_noise": 0.0,
    "n": 100,
    "p": 4,
    "p0": 4,
    "true_model": " 4*3.1415926535*epsilon*(h/(2*3.1415926535))**2/(m*q**2)",
    "symbolic_model": "-0.0399184187932412+0.0825665233525083*((log(x_3)+sin(x_1))/((x_2)**2/(x_3)**2))+0.0773090944393479*((x_4-log(x_1))/((x_2)**2/(x_3)**2))+0.255864894242566*((log(x_3)/(x_2)**2)/(log(x_1)*(1/x_4)))-0.000413902493474763*(((1/x_2)/log(x_1))/(cos(x_2)*(1/x_1)))+0.0491021110046259*abs((x_1-(sqrt(x_3)*sqrt(x_4))))",
    "TP": 4,
    "FP": 0,
    "TN": 0,
    "FN": 0,
    "F1": 1.0,
    "selected_name": [
        "m",
        "q",
        "h",
        "epsilon"
    ],
    "selected_idx": [
        1,
        2,
        3,
        4
    ],
    "perf_metric_updated": true,
    "failed": "no error",
    "mse_train": 0.003833614206429916,
    "mae_train": 0.04191015402870005,
    "r2_train": 0.9965922863150073,
    "mse_test": 71797.18791263798,
    "mae_test": 2.023740025912683,
    "r2_test": -35692.57066596012
}