{
    "dataset": "feynman_testing\\feynman_II_27_16\\feynman_II_27_16",
    "algorithm": "BART_GSE",
    "opt": [
        "u",
        "b",
        "b"
    ],
    "random_state": 11284,
    "process_time": 241.5,
    "time_time": 566.902007818222,
    "target_noise": 0.0,
    "feature_noise": 0.0,
    "n": 500,
    "p": 3,
    "p0": 3,
    "true_model": " epsilon*c*Ef**2",
    "symbolic_model": "-4.06738395668033e-14+1*((x_1*x_3)*(x_2*x_3))",
    "TP": 3,
    "FP": 0,
    "TN": 0,
    "FN": 0,
    "F1": 1.0,
    "selected_name": [
        "epsilon",
        "c",
        "Ef"
    ],
    "selected_idx": [
        1,
        2,
        3
    ],
    "perf_metric_updated": true,
    "failed": "no error",
    "mse_train": 3.325844676159933e-27,
    "mae_train": 4.7814197046136545e-14,
    "r2_train": 1.0,
    "mse_test": 3.055859464983934e-27,
    "mae_test": 4.532319408667718e-14,
    "r2_test": 1.0
}