{
    "dataset": "feynman_testing\\feynman_II_27_16\\feynman_II_27_16",
    "algorithm": "BART_GSE",
    "opt": [
        "u",
        "b",
        "b"
    ],
    "random_state": 21575,
    "process_time": 254.125,
    "time_time": 393.7016124725342,
    "target_noise": 0.0,
    "feature_noise": 0.0,
    "n": 500,
    "p": 3,
    "p0": 3,
    "true_model": " epsilon*c*Ef**2",
    "symbolic_model": "8.13476791336066e-14+0.999999999999999*((x_1*x_3)*(x_2*x_3))",
    "TP": 3,
    "FP": 0,
    "TN": 0,
    "FN": 0,
    "F1": 1.0,
    "selected_name": [
        "epsilon",
        "c",
        "Ef"
    ],
    "selected_idx": [
        1,
        2,
        3
    ],
    "perf_metric_updated": true,
    "failed": "no error",
    "mse_train": 1.0161266833053919e-26,
    "mae_train": 7.005240831858828e-14,
    "r2_train": 1.0,
    "mse_test": 9.95298421562569e-27,
    "mae_test": 6.684613751417601e-14,
    "r2_test": 1.0
}