{
    "dataset": "feynman_testing\\feynman_II_11_3\\feynman_II_11_3",
    "algorithm": "RF",
    "opt": [
        "a",
        "a",
        "a",
        "a"
    ],
    "random_state": 11964,
    "process_time": 133.609375,
    "time_time": 185.7977683544159,
    "target_noise": 0.0,
    "feature_noise": 0.0,
    "n": 200,
    "p": 5,
    "p0": 5,
    "true_model": " q*Ef/(m*(omega_0**2-omega**2))",
    "symbolic_model": "3.55259316373657e-06+0.444937950092212*((x_2/x_4)*((x_1/x_3)/(x_4-x_5)))+0.353220445097045*((1/x_4)*((x_1/x_3)*(x_2/x_4)))+0.0228628375754152*((x_1/x_5)*((x_2/x_3)/(x_4-x_5)))",
    "TP": 5,
    "FP": 0,
    "TN": 0,
    "FN": 0,
    "F1": 1.0,
    "selected_name": [
        "q",
        "Ef",
        "m",
        "omega_0",
        "omega"
    ],
    "selected_idx": [
        1,
        2,
        3,
        4,
        5
    ],
    "perf_metric_updated": true,
    "failed": "no error",
    "mse_train": 6.346291502712683e-08,
    "mae_train": 0.00016500355944819886,
    "r2_train": 0.9999959370139019,
    "mse_test": 6.169140764986836e-08,
    "mae_test": 0.0001594483780130882,
    "r2_test": 0.999995883764336
}