{
    "dataset": "feynman_testing\\feynman_II_11_3\\feynman_II_11_3",
    "algorithm": "RF",
    "opt": [
        "a",
        "a",
        "a",
        "a"
    ],
    "random_state": 15795,
    "process_time": 113.65625,
    "time_time": 177.08177757263184,
    "target_noise": 0.0,
    "feature_noise": 0.0,
    "n": 200,
    "p": 5,
    "p0": 5,
    "true_model": " q*Ef/(m*(omega_0**2-omega**2))",
    "symbolic_model": "-4.74317770065913e-05+0.445426494815584*((x_1/x_4)*((x_2/x_3)/(x_4-x_5)))+0.350739158452815*((1/x_4)*((x_1/x_3)*(x_2/x_4)))+0.0233265888299406*((x_1/x_5)*((x_2/x_3)/(x_4-x_5)))",
    "TP": 5,
    "FP": 0,
    "TN": 0,
    "FN": 0,
    "F1": 1.0,
    "selected_name": [
        "q",
        "Ef",
        "m",
        "omega_0",
        "omega"
    ],
    "selected_idx": [
        1,
        2,
        3,
        4,
        5
    ],
    "perf_metric_updated": true,
    "failed": "no error",
    "mse_train": 5.643596525053388e-08,
    "mae_train": 0.00017058509567010306,
    "r2_train": 0.999997131520427,
    "mse_test": 6.086305967646781e-08,
    "mae_test": 0.00016613814781259628,
    "r2_test": 0.9999960181754372
}