{
    "dataset": "feynman_testing\\feynman_II_11_3\\feynman_II_11_3",
    "algorithm": "RF",
    "opt": [
        "a",
        "a",
        "a",
        "a"
    ],
    "random_state": 11284,
    "process_time": 182.03125,
    "time_time": 206.07739782333374,
    "target_noise": 0.0,
    "feature_noise": 0.0,
    "n": 200,
    "p": 5,
    "p0": 5,
    "true_model": " q*Ef/(m*(omega_0**2-omega**2))",
    "symbolic_model": "6.42404403549364e-05+0.421510015393496*((x_2/x_4)*((x_1/x_3)/(x_4-x_5)))+0.492557693402904*((1/x_4)*((x_2/x_3)*(x_1/x_4)))",
    "TP": 5,
    "FP": 0,
    "TN": 0,
    "FN": 0,
    "F1": 1.0,
    "selected_name": [
        "q",
        "Ef",
        "m",
        "omega_0",
        "omega"
    ],
    "selected_idx": [
        1,
        2,
        3,
        4,
        5
    ],
    "perf_metric_updated": true,
    "failed": "no error",
    "mse_train": 9.133701186662804e-07,
    "mae_train": 0.0007204310746522288,
    "r2_train": 0.9999352058073339,
    "mse_test": 1.4980442260256255e-06,
    "mae_test": 0.0007570564557479271,
    "r2_test": 0.9999016048535906
}