{
    "dataset": "feynman_testing\\feynman_III_7_38\\feynman_III_7_38",
    "algorithm": "BART_GSE",
    "opt": [
        "b",
        "b"
    ],
    "random_state": 11284,
    "process_time": 25.765625,
    "time_time": 72.18585634231567,
    "target_noise": 0.0,
    "feature_noise": 0.0,
    "n": 100,
    "p": 3,
    "p0": 3,
    "true_model": " 2*mom*B/(h/(2*3.1415926535))",
    "symbolic_model": "0+12.5663706143592*(x_2*(x_1/x_3))",
    "TP": 3,
    "FP": 0,
    "TN": 0,
    "FN": 0,
    "F1": 1.0,
    "selected_name": [
        "mom",
        "B",
        "h"
    ],
    "selected_idx": [
        1,
        2,
        3
    ],
    "perf_metric_updated": true,
    "failed": "no error",
    "mse_train": 1.6575269239187074e-26,
    "mae_train": 1.0419221041502169e-13,
    "r2_train": 1.0,
    "mse_test": 1.7630646872234486e-26,
    "mae_test": 1.0339858746988284e-13,
    "r2_test": 1.0
}