{
    "dataset": "feynman_testing\\feynman_III_7_38\\feynman_III_7_38",
    "algorithm": "BART_GSE",
    "opt": [
        "b",
        "b"
    ],
    "random_state": 21575,
    "process_time": 24.4375,
    "time_time": 76.98383331298828,
    "target_noise": 0.0,
    "feature_noise": 0.0,
    "n": 100,
    "p": 3,
    "p0": 3,
    "true_model": " 2*mom*B/(h/(2*3.1415926535))",
    "symbolic_model": "-3.41060513164848e-14+12.5663706143592*(x_2*(x_1/x_3))",
    "TP": 3,
    "FP": 0,
    "TN": 0,
    "FN": 0,
    "F1": 1.0,
    "selected_name": [
        "mom",
        "B",
        "h"
    ],
    "selected_idx": [
        1,
        2,
        3
    ],
    "perf_metric_updated": true,
    "failed": "no error",
    "mse_train": 1.1083093399293553e-26,
    "mae_train": 6.461498003318411e-14,
    "r2_train": 1.0,
    "mse_test": 1.2228105778681592e-26,
    "mae_test": 7.249314037949261e-14,
    "r2_test": 1.0
}