{
    "dataset": "feynman_testing\\feynman_III_7_38\\feynman_III_7_38",
    "algorithm": "BART_GSE",
    "opt": [
        "b",
        "b"
    ],
    "random_state": 15795,
    "process_time": 26.3125,
    "time_time": 78.35773086547852,
    "target_noise": 0.0,
    "feature_noise": 0.0,
    "n": 100,
    "p": 3,
    "p0": 3,
    "true_model": " 2*mom*B/(h/(2*3.1415926535))",
    "symbolic_model": "3.41060513164848e-14+12.5663706143592*(x_1*(x_2/x_3))",
    "TP": 3,
    "FP": 0,
    "TN": 0,
    "FN": 0,
    "F1": 1.0,
    "selected_name": [
        "mom",
        "B",
        "h"
    ],
    "selected_idx": [
        1,
        2,
        3
    ],
    "perf_metric_updated": true,
    "failed": "no error",
    "mse_train": 3.084255235075093e-26,
    "mae_train": 1.480948697007989e-13,
    "r2_train": 1.0,
    "mse_test": 2.5395759718177817e-26,
    "mae_test": 1.3689001931993516e-13,
    "r2_test": 1.0
}