{
    "dataset": "feynman_testing\\feynman_III_13_18\\feynman_III_13_18",
    "algorithm": "RF",
    "opt": [
        "u",
        "b",
        "b"
    ],
    "random_state": 21575,
    "process_time": 125.8125,
    "time_time": 642.6876137256622,
    "target_noise": 0.0,
    "feature_noise": 0.0,
    "n": 100,
    "p": 4,
    "p0": 4,
    "true_model": " 2*E_n*d**2*k/(h/(2*3.1415926535))",
    "symbolic_model": "-9.09494701772928e-14+12.5663706143592*((x_1*(x_2)**2)*(x_3*(1/x_4)))",
    "TP": 4,
    "FP": 0,
    "TN": 0,
    "FN": 0,
    "F1": 1.0,
    "selected_name": [
        "E_n",
        "d",
        "k",
        "h"
    ],
    "selected_idx": [
        1,
        2,
        3,
        4
    ],
    "perf_metric_updated": true,
    "failed": "no error",
    "mse_train": 1.7162856702062013e-24,
    "mae_train": 8.72546479513403e-13,
    "r2_train": 1.0,
    "mse_test": 2.7687834089362498e-24,
    "mae_test": 9.995866179224321e-13,
    "r2_test": 1.0
}