{
    "dataset": "feynman_testing\\feynman_III_13_18\\feynman_III_13_18",
    "algorithm": "RF",
    "opt": [
        "u",
        "b",
        "b"
    ],
    "random_state": 11964,
    "process_time": 43.359375,
    "time_time": 155.9931948184967,
    "target_noise": 0.0,
    "feature_noise": 0.0,
    "n": 100,
    "p": 4,
    "p0": 4,
    "true_model": " 2*E_n*d**2*k/(h/(2*3.1415926535))",
    "symbolic_model": "0+12.5663706143592*((x_1*x_3)*((x_2)**2*(1/x_4)))",
    "TP": 4,
    "FP": 0,
    "TN": 0,
    "FN": 0,
    "F1": 1.0,
    "selected_name": [
        "E_n",
        "d",
        "k",
        "h"
    ],
    "selected_idx": [
        1,
        2,
        3,
        4
    ],
    "perf_metric_updated": true,
    "failed": "no error",
    "mse_train": 2.3990426379733247e-24,
    "mae_train": 9.887202168101794e-13,
    "r2_train": 1.0,
    "mse_test": 2.8201161978595414e-24,
    "mae_test": 1.0763728930385241e-12,
    "r2_test": 1.0
}