{
    "dataset": "feynman_testing\\feynman_III_13_18\\feynman_III_13_18",
    "algorithm": "RF",
    "opt": [
        "u",
        "b",
        "b"
    ],
    "random_state": 15795,
    "process_time": 117.75,
    "time_time": 526.8312368392944,
    "target_noise": 0.0,
    "feature_noise": 0.0,
    "n": 100,
    "p": 4,
    "p0": 4,
    "true_model": " 2*E_n*d**2*k/(h/(2*3.1415926535))",
    "symbolic_model": "-0.0447493524585298+16.0319094379177*(x_3*((x_2)**2*(1/x_4)))+0.683387309323809*((x_1)**2*(x_3*(x_2)**2))-5.43934589709159*(sin(x_3)*((x_1)**2*sin(x_4)))+2.92004417617065*(((x_1)**2*sin(x_4))*((x_2)**2*(1/x_4)))+0.19905699254926*((exp(x_2)-exp(x_4))/log(x_4))",
    "TP": 4,
    "FP": 0,
    "TN": 0,
    "FN": 0,
    "F1": 1.0,
    "selected_name": [
        "E_n",
        "d",
        "k",
        "h"
    ],
    "selected_idx": [
        1,
        2,
        3,
        4
    ],
    "perf_metric_updated": true,
    "failed": "no error",
    "mse_train": 1981.6519576591274,
    "mae_train": 31.512730231146914,
    "r2_train": 0.9949782972641363,
    "mse_test": 169354.76942750893,
    "mae_test": 52.78189790368227,
    "r2_test": 0.44578700828848794
}