{
    "dataset": "feynman_testing\\feynman_II_27_16\\feynman_II_27_16",
    "algorithm": "BART_GSE",
    "opt": [
        "u",
        "b",
        "b"
    ],
    "random_state": 21575,
    "process_time": 131.75,
    "time_time": 291.8661811351776,
    "target_noise": 0.0,
    "feature_noise": 0.0,
    "n": 200,
    "p": 3,
    "p0": 3,
    "true_model": " epsilon*c*Ef**2",
    "symbolic_model": "-1.60777467769219e-14+1*(x_2*(x_1*(x_3)**2))",
    "TP": 3,
    "FP": 0,
    "TN": 0,
    "FN": 0,
    "F1": 1.0,
    "selected_name": [
        "epsilon",
        "c",
        "Ef"
    ],
    "selected_idx": [
        1,
        2,
        3
    ],
    "perf_metric_updated": true,
    "failed": "no error",
    "mse_train": 1.2738180770862864e-27,
    "mae_train": 2.531974629960132e-14,
    "r2_train": 1.0,
    "mse_test": 1.9461605820687726e-27,
    "mae_test": 2.8295126242028345e-14,
    "r2_test": 1.0
}