{
    "dataset": "feynman_testing\\feynman_I_38_12\\feynman_I_38_12",
    "algorithm": "RF",
    "opt": [
        "u",
        "b",
        "b"
    ],
    "random_state": 22118,
    "process_time": 28.90625,
    "time_time": 31.035126447677612,
    "target_noise": 0.0,
    "feature_noise": 0.0,
    "n": 100,
    "p": 4,
    "p0": 4,
    "true_model": " 4*3.1415926535*epsilon*(h/(2*3.1415926535))**2/(m*q**2)",
    "symbolic_model": "-8.88178419700125e-16+0.318309886183791*(((x_3)**2/(x_2)**2)*(x_4/x_1))",
    "TP": 4,
    "FP": 0,
    "TN": 0,
    "FN": 0,
    "F1": 1.0,
    "selected_name": [
        "m",
        "q",
        "h",
        "epsilon"
    ],
    "selected_idx": [
        1,
        2,
        3,
        4
    ],
    "perf_metric_updated": true,
    "failed": "no error",
    "mse_train": 7.727593183842392e-31,
    "mae_train": 6.924842643751816e-16,
    "r2_train": 1.0,
    "mse_test": 2.8741004338793458e-30,
    "mae_test": 8.961683652108921e-16,
    "r2_test": 1.0
}