{
    "dataset": "feynman_testing\\feynman_I_38_12\\feynman_I_38_12",
    "algorithm": "RF",
    "opt": [
        "u",
        "b",
        "b"
    ],
    "random_state": 21575,
    "process_time": 34.140625,
    "time_time": 33.10887336730957,
    "target_noise": 0.0,
    "feature_noise": 0.0,
    "n": 100,
    "p": 4,
    "p0": 4,
    "true_model": " 4*3.1415926535*epsilon*(h/(2*3.1415926535))**2/(m*q**2)",
    "symbolic_model": "5.80514543039211e-16-2.65620111178717e-16*(((x_3)**2/exp(x_2))/(x_1/x_4))+0.318309886183791*(((x_3)**2/(x_2)**2)/(x_1/x_4))",
    "TP": 4,
    "FP": 0,
    "TN": 0,
    "FN": 0,
    "F1": 1.0,
    "selected_name": [
        "m",
        "q",
        "h",
        "epsilon"
    ],
    "selected_idx": [
        1,
        2,
        3,
        4
    ],
    "perf_metric_updated": true,
    "failed": "no error",
    "mse_train": 3.1066727928503518e-30,
    "mae_train": 1.295899151876334e-15,
    "r2_train": 1.0,
    "mse_test": 2.779051967603705e-30,
    "mae_test": 1.165024153537697e-15,
    "r2_test": 1.0
}