{
    "dataset": "feynman_testing\\feynman_II_6_15b\\feynman_II_6_15b",
    "algorithm": "RF",
    "opt": [
        "a",
        "a",
        "a",
        "a"
    ],
    "random_state": 11284,
    "process_time": 396.59375,
    "time_time": 508.71041989326477,
    "target_noise": 0.0,
    "feature_noise": 0.0,
    "n": 200,
    "p": 4,
    "p0": 4,
    "true_model": " p_d/(4*3.1415926535*epsilon)*3*cos(theta)*sin(theta)/r**3",
    "symbolic_model": "-3.9641210823888e-18-1.97574447090444e-15*(((cos(x_3)*sin(x_3))*((x_2/x_1)/(x_4)**2))-((cos(x_3)*sin(x_3))*((x_2/x_1)/exp(x_4))))+0.238732414637844*((1/x_4)*((cos(x_3)*sin(x_3))*((x_2/x_1)/(x_4)**2)))",
    "TP": 4,
    "FP": 0,
    "TN": 0,
    "FN": 0,
    "F1": 1.0,
    "selected_name": [
        "epsilon",
        "p_d",
        "theta",
        "r"
    ],
    "selected_idx": [
        1,
        2,
        3,
        4
    ],
    "perf_metric_updated": true,
    "failed": "no error",
    "mse_train": 2.7783024978771728e-33,
    "mae_train": 3.952838490556276e-17,
    "r2_train": 1.0,
    "mse_test": 2.509252111725483e-33,
    "mae_test": 3.7791928766517624e-17,
    "r2_test": 1.0
}