{
    "dataset": "feynman_testing\\feynman_II_6_15b\\feynman_II_6_15b",
    "algorithm": "RF",
    "opt": [
        "a",
        "a",
        "a",
        "a"
    ],
    "random_state": 11964,
    "process_time": 458.84375,
    "time_time": 551.8162260055542,
    "target_noise": 0.0,
    "feature_noise": 0.0,
    "n": 200,
    "p": 4,
    "p0": 4,
    "true_model": " p_d/(4*3.1415926535*epsilon)*3*cos(theta)*sin(theta)/r**3",
    "symbolic_model": "1.96261557335472e-18+0.238732414637843*((1/x_4)*((cos(x_3)*sin(x_3))*((x_2/x_1)/(x_4)**2)))",
    "TP": 4,
    "FP": 0,
    "TN": 0,
    "FN": 0,
    "F1": 1.0,
    "selected_name": [
        "epsilon",
        "p_d",
        "theta",
        "r"
    ],
    "selected_idx": [
        1,
        2,
        3,
        4
    ],
    "perf_metric_updated": true,
    "failed": "no error",
    "mse_train": 3.164660472817298e-33,
    "mae_train": 4.699387919277799e-17,
    "r2_train": 1.0,
    "mse_test": 3.29046192436032e-33,
    "mae_test": 4.8327555065424965e-17,
    "r2_test": 1.0
}