{
    "dataset": "feynman_testing\\feynman_II_13_17\\feynman_II_13_17",
    "algorithm": "BART_GSE",
    "opt": [
        "u",
        "b",
        "b"
    ],
    "random_state": 21575,
    "process_time": 564.109375,
    "time_time": 782.7877464294434,
    "target_noise": 0.0,
    "feature_noise": 0.0,
    "n": 200,
    "p": 4,
    "p0": 4,
    "true_model": " 1/(4*3.1415926535*epsilon*c**2)*2*I/r",
    "symbolic_model": "-8.95390276733282e-05+0.0100829566833993*(((x_3)**2*(1/x_2))*((1/x_2)/exp(x_1)))+0.170789925126588*(((1/x_2)*(1/x_4))/((x_2)**2+exp(x_1)))+0.0682794750966922*((x_3/(x_2)**2)/(x_4*sqrt(x_1)))+0.0907985489180281*(((1/x_2)/exp(x_1))/(x_4*(x_2)**2))+0.464427313467204*((log(x_3)/(x_2)**2)/((x_1)**2*exp(x_4)))",
    "TP": 4,
    "FP": 0,
    "TN": 0,
    "FN": 0,
    "F1": 1.0,
    "selected_name": [
        "epsilon",
        "c",
        "I",
        "r"
    ],
    "selected_idx": [
        1,
        2,
        3,
        4
    ],
    "perf_metric_updated": true,
    "failed": "no error",
    "mse_train": 2.4838813588329207e-07,
    "mae_train": 0.00030643836356379465,
    "r2_train": 0.9995884109059716,
    "mse_test": 7.164885201128775e-07,
    "mae_test": 0.00035721795661606355,
    "r2_test": 0.9988134561250904
}