{
    "dataset": "feynman_testing\\feynman_II_13_17\\feynman_II_13_17",
    "algorithm": "BART_GSE",
    "opt": [
        "u",
        "b",
        "b"
    ],
    "random_state": 15795,
    "process_time": 564.578125,
    "time_time": 778.8364350795746,
    "target_noise": 0.0,
    "feature_noise": 0.0,
    "n": 200,
    "p": 4,
    "p0": 4,
    "true_model": " 1/(4*3.1415926535*epsilon*c**2)*2*I/r",
    "symbolic_model": "-0.000402982646409268+0.0968383720223302*(((1/x_2)/x_2)/(x_1*x_4))+0.0116705832786421*(((x_3)**2/exp(x_2))/(x_1*x_4))+0.0240035921738693*((sqrt(x_3)*(1/x_4))/(x_2*sqrt(x_1)))+0.0407084445636844*(((x_3)**2/exp(x_2))/(x_4*exp(x_2)))+0.546662654750834*(((1/x_4)/exp(x_1))/((x_2)**2/log(x_3)))",
    "TP": 4,
    "FP": 0,
    "TN": 0,
    "FN": 0,
    "F1": 1.0,
    "selected_name": [
        "epsilon",
        "c",
        "I",
        "r"
    ],
    "selected_idx": [
        1,
        2,
        3,
        4
    ],
    "perf_metric_updated": true,
    "failed": "no error",
    "mse_train": 6.22270429069846e-07,
    "mae_train": 0.0006041184826475366,
    "r2_train": 0.999092028878868,
    "mse_test": 2.252513916195805e-06,
    "mae_test": 0.0007869621394386612,
    "r2_test": 0.9963285282697666
}