{
    "dataset": "feynman_testing\\feynman_II_13_17\\feynman_II_13_17",
    "algorithm": "BART_GSE",
    "opt": [
        "u",
        "b",
        "b"
    ],
    "random_state": 11284,
    "process_time": 512.53125,
    "time_time": 754.1786203384399,
    "target_noise": 0.0,
    "feature_noise": 0.0,
    "n": 200,
    "p": 4,
    "p0": 4,
    "true_model": " 1/(4*3.1415926535*epsilon*c**2)*2*I/r",
    "symbolic_model": "-1.52927555577121e-05+0.00643133546981621*((log(x_3)+sin(x_4))*((1/x_1)/(x_2)**2))+0.0390019186741388*((x_3/(x_4)**2)*((1/x_1)/(x_2)**2))+0.0783613770125198*((sqrt(x_3)/sqrt(x_4))*((1/x_1)/(x_2)**2))+0.136038169795926*(((1/x_1)/(x_2)**2)/(exp(x_4)*(1/x_3)))+0.00682405288329552*(((1/x_1)/(x_2)**2)/(sqrt(x_4)/(x_3)**2))",
    "TP": 4,
    "FP": 0,
    "TN": 0,
    "FN": 0,
    "F1": 1.0,
    "selected_name": [
        "epsilon",
        "c",
        "I",
        "r"
    ],
    "selected_idx": [
        1,
        2,
        3,
        4
    ],
    "perf_metric_updated": true,
    "failed": "no error",
    "mse_train": 9.774128999552737e-08,
    "mae_train": 0.00019281458816636557,
    "r2_train": 0.9998105336070736,
    "mse_test": 3.744855821036397e-07,
    "mae_test": 0.0002779218365064474,
    "r2_test": 0.9994305113947037
}