{
    "dataset": "feynman_testing\\feynman_II_13_17\\feynman_II_13_17",
    "algorithm": "BART_GSE",
    "opt": [
        "u",
        "b",
        "b"
    ],
    "random_state": 11964,
    "process_time": 600.375,
    "time_time": 771.4315228462219,
    "target_noise": 0.0,
    "feature_noise": 0.0,
    "n": 200,
    "p": 4,
    "p0": 4,
    "true_model": " 1/(4*3.1415926535*epsilon*c**2)*2*I/r",
    "symbolic_model": "-0.000281032702881023+0.00968733462191088*((log(x_3)+cos(x_3))*((1/x_2)*(1/x_4)))+0.347530732742599*(((1/x_1)*(1/x_4))*(log(x_3)/(x_2)**2))+0.175341840986519*(((1/x_1)*(1/x_4))/(exp(x_2)+sin(x_3)))+0.00481640181647814*(((1/x_2)/(x_2)**2)/(sqrt(x_4)-(1/x_1)))+1.67179249724759e-05*(((1/x_1)*(1/x_4))/(log(x_2)/exp(x_3)))",
    "TP": 4,
    "FP": 0,
    "TN": 0,
    "FN": 0,
    "F1": 1.0,
    "selected_name": [
        "epsilon",
        "c",
        "I",
        "r"
    ],
    "selected_idx": [
        1,
        2,
        3,
        4
    ],
    "perf_metric_updated": true,
    "failed": "no error",
    "mse_train": 1.2611879889821702e-06,
    "mae_train": 0.0006618121153435104,
    "r2_train": 0.9979795155908693,
    "mse_test": 5.968774779947371e-06,
    "mae_test": 0.0007244441115037156,
    "r2_test": 0.9897138158975931
}