{
    "dataset": "feynman_testing\\feynman_I_38_12\\feynman_I_38_12",
    "algorithm": "RF",
    "opt": [
        "u",
        "b",
        "b"
    ],
    "random_state": 21575,
    "process_time": 109.796875,
    "time_time": 451.2929480075836,
    "target_noise": 0.0,
    "feature_noise": 0.0,
    "n": 100,
    "p": 4,
    "p0": 4,
    "true_model": " 4*3.1415926535*epsilon*(h/(2*3.1415926535))**2/(m*q**2)",
    "symbolic_model": "0.000585646569946707+0.258110655820439*((x_3)**2*((1/x_1)/(x_2)**2))+0.00305077630935718*((log(x_4)+sin(x_1))*((x_3)**2/(x_2)**2))+0.0641630768102781*((sin(x_2)-sin(x_3))*((1/x_1)/(x_2)**2))+0.0272670062599258*(((x_4)**2*(1/x_1))*((x_3)**2/(x_2)**2))+0.399986353451516*((log(x_4)*(1/x_1))*((x_3)**2/(x_2)**2))",
    "TP": 4,
    "FP": 0,
    "TN": 0,
    "FN": 0,
    "F1": 1.0,
    "selected_name": [
        "m",
        "q",
        "h",
        "epsilon"
    ],
    "selected_idx": [
        1,
        2,
        3,
        4
    ],
    "perf_metric_updated": true,
    "failed": "no error",
    "mse_train": 6.456867938266878e-05,
    "mae_train": 0.005363178004687139,
    "r2_train": 0.9999811449351416,
    "mse_test": 0.0003849515339109969,
    "mae_test": 0.008260547183286128,
    "r2_test": 0.999814095718399
}