{
    "dataset": "feynman_testing\\feynman_I_38_12\\feynman_I_38_12",
    "algorithm": "RF",
    "opt": [
        "u",
        "b",
        "b"
    ],
    "random_state": 22118,
    "process_time": 9.734375,
    "time_time": 52.73279571533203,
    "target_noise": 0.0,
    "feature_noise": 0.0,
    "n": 100,
    "p": 4,
    "p0": 4,
    "true_model": " 4*3.1415926535*epsilon*(h/(2*3.1415926535))**2/(m*q**2)",
    "symbolic_model": "-0.123440284376448+0.187094472063276*(((1/x_2)-(1/x_3))*(x_4*log(x_3)))+0.19022603525801*((x_3*(1/x_2))*(x_4/x_1))+0.365199154058083*((x_4*(1/x_2))*(log(x_3)*(1/x_2)))+0.0255628810249074*(((x_3)**2*(1/x_2))*(x_4/x_1))+0.160282352338162*((x_4/x_1)/(sqrt(x_2)+sin(x_3)))",
    "TP": 4,
    "FP": 0,
    "TN": 0,
    "FN": 0,
    "F1": 1.0,
    "selected_name": [
        "m",
        "q",
        "h",
        "epsilon"
    ],
    "selected_idx": [
        1,
        2,
        3,
        4
    ],
    "perf_metric_updated": true,
    "failed": "no error",
    "mse_train": 0.018650382708512218,
    "mae_train": 0.09734829689306931,
    "r2_train": 0.9782969342310559,
    "mse_test": 0.897679153666653,
    "mae_test": 0.18407521288947767,
    "r2_test": 0.5628268244207217
}