{
    "dataset": "feynman_testing\\feynman_I_38_12\\feynman_I_38_12",
    "algorithm": "RF",
    "opt": [
        "u",
        "b",
        "b"
    ],
    "random_state": 15795,
    "process_time": 40.453125,
    "time_time": 213.06767058372498,
    "target_noise": 0.0,
    "feature_noise": 0.0,
    "n": 100,
    "p": 4,
    "p0": 4,
    "true_model": " 4*3.1415926535*epsilon*(h/(2*3.1415926535))**2/(m*q**2)",
    "symbolic_model": "-0.049842873338803+0.0842779245276658*((x_4+sin(x_1))*((x_3)**2/(x_2)**2))+0.513463585876385*(((x_3)**2/(x_2)**2)/(x_1)**2)-1.31461098348943*((x_1-x_4)/(x_1*exp(x_2)))-0.694341730707921*((sqrt(x_2)-log(x_3))/(x_1*(x_2)**2))+0.0688955854937598*abs(((x_1-x_4)-((1/x_2)-(1/x_3))))",
    "TP": 4,
    "FP": 0,
    "TN": 0,
    "FN": 0,
    "F1": 1.0,
    "selected_name": [
        "m",
        "q",
        "h",
        "epsilon"
    ],
    "selected_idx": [
        1,
        2,
        3,
        4
    ],
    "perf_metric_updated": true,
    "failed": "no error",
    "mse_train": 0.0156861955863644,
    "mae_train": 0.07848186898503277,
    "r2_train": 0.9930390986385677,
    "mse_test": 0.06423222660998634,
    "mae_test": 0.10051274243911822,
    "r2_test": 0.9683936832211169
}