{
    "dataset": "feynman_testing\\feynman_I_38_12\\feynman_I_38_12",
    "algorithm": "RF",
    "opt": [
        "u",
        "b",
        "b"
    ],
    "random_state": 11964,
    "process_time": 33.234375,
    "time_time": 152.87087297439575,
    "target_noise": 0.0,
    "feature_noise": 0.0,
    "n": 100,
    "p": 4,
    "p0": 4,
    "true_model": " 4*3.1415926535*epsilon*(h/(2*3.1415926535))**2/(m*q**2)",
    "symbolic_model": "-0.225945566160684+0.0930023211280311*((x_3)**2*((1/x_1)*(1/x_2)))+0.925984049285193*((x_4*log(x_3))*((1/x_1)*(1/x_2)))-0.00110737573213286*(x_1/(log(x_2)/exp(x_3)))+0.0487341588072754*(x_3/log(x_2))+0.0150411003688381*((x_4*exp(x_3))/(x_2)**2)",
    "TP": 4,
    "FP": 0,
    "TN": 0,
    "FN": 0,
    "F1": 1.0,
    "selected_name": [
        "m",
        "q",
        "h",
        "epsilon"
    ],
    "selected_idx": [
        1,
        2,
        3,
        4
    ],
    "perf_metric_updated": true,
    "failed": "no error",
    "mse_train": 0.023331625707396452,
    "mae_train": 0.10402482624755152,
    "r2_train": 0.9949828554774272,
    "mse_test": 51.10330523933784,
    "mae_test": 0.34289327488148463,
    "r2_test": -24.224879999697865
}