{
    "dataset": "feynman_testing\\feynman_II_13_17\\feynman_II_13_17",
    "algorithm": "BART_GSE",
    "opt": [
        "u",
        "b",
        "b"
    ],
    "random_state": 11964,
    "process_time": 72.140625,
    "time_time": 202.48858952522278,
    "target_noise": 0.0,
    "feature_noise": 0.0,
    "n": 100,
    "p": 4,
    "p0": 4,
    "true_model": " 1/(4*3.1415926535*epsilon*c**2)*2*I/r",
    "symbolic_model": "-5.27355936696949e-17+0.159154943091895*((x_3/(x_2)**2)/(x_1*x_4))",
    "TP": 4,
    "FP": 0,
    "TN": 0,
    "FN": 0,
    "F1": 1.0,
    "selected_name": [
        "epsilon",
        "c",
        "I",
        "r"
    ],
    "selected_idx": [
        1,
        2,
        3,
        4
    ],
    "perf_metric_updated": true,
    "failed": "no error",
    "mse_train": 4.2780438292244176e-33,
    "mae_train": 4.6436379047554156e-17,
    "r2_train": 1.0,
    "mse_test": 5.05737678579109e-33,
    "mae_test": 4.584973243085266e-17,
    "r2_test": 1.0
}