{
    "dataset": "feynman_testing\\feynman_II_13_17\\feynman_II_13_17",
    "algorithm": "BART_GSE",
    "opt": [
        "u",
        "b",
        "b"
    ],
    "random_state": 11284,
    "process_time": 52.953125,
    "time_time": 183.24822878837585,
    "target_noise": 0.0,
    "feature_noise": 0.0,
    "n": 100,
    "p": 4,
    "p0": 4,
    "true_model": " 1/(4*3.1415926535*epsilon*c**2)*2*I/r",
    "symbolic_model": "0.00424036531361117-0.00451445401188348*(x_1*(1/x_2))-0.0247936117047706*(x_1/(x_2*x_4))-0.00617346140947858*(x_3/x_4)+0.0478000585691048*(x_3/(x_2*x_4))+0.153180988368784*((1/x_2)/(x_2*x_4))",
    "TP": 4,
    "FP": 0,
    "TN": 0,
    "FN": 0,
    "F1": 1.0,
    "selected_name": [
        "epsilon",
        "c",
        "I",
        "r"
    ],
    "selected_idx": [
        1,
        2,
        3,
        4
    ],
    "perf_metric_updated": true,
    "failed": "no error",
    "mse_train": 1.2792767052342525e-05,
    "mae_train": 0.0026938342474512058,
    "r2_train": 0.9644105674121014,
    "mse_test": 7.540657542197496e-05,
    "mae_test": 0.003961790359028643,
    "r2_test": 0.8853275332364038
}