{
    "dataset": "feynman_testing\\feynman_II_13_17\\feynman_II_13_17",
    "algorithm": "BART_GSE",
    "opt": [
        "u",
        "b",
        "b"
    ],
    "random_state": 15795,
    "process_time": 167.984375,
    "time_time": 388.5472500324249,
    "target_noise": 0.0,
    "feature_noise": 0.0,
    "n": 100,
    "p": 4,
    "p0": 4,
    "true_model": " 1/(4*3.1415926535*epsilon*c**2)*2*I/r",
    "symbolic_model": "0.000400051689394292+0.217003449245125*(((1/x_4)/sqrt(x_1))*(log(x_3)/exp(x_2)))+0.00278470218630472*(x_3/(log(x_2)*exp(x_1)))+0.114092518929607*(abs((sqrt(x_3)-log(x_1)))/(x_4*(x_2)**2))+0.00328208199146565*((log(x_3)/log(x_2))/((x_4)**2*log(x_1)))+0.00703542906921594*(((1/x_4)/sqrt(x_1))/abs((x_3-exp(x_2))))",
    "TP": 4,
    "FP": 0,
    "TN": 0,
    "FN": 0,
    "F1": 1.0,
    "selected_name": [
        "epsilon",
        "c",
        "I",
        "r"
    ],
    "selected_idx": [
        1,
        2,
        3,
        4
    ],
    "perf_metric_updated": true,
    "failed": "no error",
    "mse_train": 7.925055026364414e-07,
    "mae_train": 0.0005981122817197229,
    "r2_train": 0.9990921803606165,
    "mse_test": 0.015489539770631866,
    "mae_test": 0.006213690532718809,
    "r2_test": -24.247083702038065
}